atualizacao,id_linha,uf,municipio,empreendimento,eixo,subeixo,modalidade,classificacao,estagio,valor_total_rs,execucao_fisica_pct,ano_prev_conclusao,tipo_executor,link,inclusao_novo_pac,fontes_financiamento,ministerio,atualizacao_str,municipio_upper
2026-03-01,15055,RS,Bagé,"Construção de 4 (Quatro) Reservatórios Metálicos para Abastecer os Bairros Ivo Ferronato e Região, São domingos, Floresta e Tiaraju",Água Para Todos,Abastecimento de água,Seleção 2023 - Abastecimento de Água,Obra,Em licitação / Leilão,2947017.93,0.0,2026,Municipal,Mais Informações,Seleção,OGU,MCID,2026-03-01,BAGÉ
2026-03-01,28930,RS,Cerro Branco,Interligação de Rede de Água e Armazenamento na Área Urbana,Água Para Todos,Abastecimento de água,Seleção 2023 - Abastecimento de Água,Obra,Em execução,1373401.68,0.0,2027,Municipal,Mais Informações,Seleção,OGU,MCID,2026-03-01,CERRO BRANCO
2026-03-01,1874,RS,Novo Hamburgo,Ampliação do Sistema de Abastecimento de Água (SAA),Água Para Todos,Abastecimento de água,"Retomada, conclusão e novas obras - Abastecimento de Água",Obra,Em ação preparatória,6881045.0,66.16,2028,Municipal,Mais Informações,Planejamento Setorial,FIN,MCID,2026-03-01,NOVO HAMBURGO
2026-03-01,1872,RS,Pelotas,Ampliação do Sistema de Abastecimento de Água (SAA),Água Para Todos,Abastecimento de água,"Retomada, conclusão e novas obras - Abastecimento de Água",Obra,Concluído,891421.03,100.0,2024,Municipal,Mais Informações,Planejamento Setorial,OGU,MCID,2026-03-01,PELOTAS
2026-03-01,1506,RS,Porto Alegre,Ampliação do Sistema de Abastecimento de Água (SAA) São João,Água Para Todos,Abastecimento de água,"Retomada, conclusão e novas obras - Abastecimento de Água",Obra,Em execução,58247653.0,85.38,2027,Municipal,Mais Informações,Planejamento Setorial,FIN,MCID,2026-03-01,PORTO ALEGRE
2026-03-01,1880,RS,Porto Alegre,Ampliação do Sistema de Abastecimento de Água (SAA) Ponta do Arado,Água Para Todos,Abastecimento de água,"Retomada, conclusão e novas obras - Abastecimento de Água",Obra,Em execução,172779022.0,44.27,2027,Municipal,Mais Informações,Planejamento Setorial,FIN,MCID,2026-03-01,PORTO ALEGRE
2026-03-01,65,RS,São José das Missões,Abastecimento de Água - Urbano,Água Para Todos,Abastecimento de água,Seleção 2023 - Abastecimento de Água,Obra,Em execução,400000.0,0.0,2026,Municipal,Mais Informações,Seleção,OGU,MCID,2026-03-01,SÃO JOSÉ DAS MISSÕES
2026-03-01,1952,RS,São Leopoldo,Ampliação Reservação Zona Norte,Água Para Todos,Abastecimento de água,Seleção 2023 - Abastecimento de Água,Obra,Em licitação / Leilão,55952324.15,0.0,2027,Municipal,Mais Informações,Seleção,OGU,MCID,2026-03-01,SÃO LEOPOLDO
2026-03-01,3059,RS,Teutônia,Aquisição e Construção de dois (02) Reservatórios de Água,Água Para Todos,Abastecimento de água,Seleção 2023 - Abastecimento de Água,Obra,Concluído,850000.0,100.0,2025,Municipal,Mais Informações,Seleção,OGU,MCID,2026-03-01,TEUTÔNIA
2026-03-01,28827,RS,Teutônia,Instalação de Poços Artesianos - Bairro Canabarro,Água Para Todos,Abastecimento de água,Seleção 2023 - Abastecimento de Água,Obra,Em execução,650000.0,0.0,2027,Municipal,Mais Informações,Seleção,OGU,MCID,2026-03-01,TEUTÔNIA
2026-03-01,26295,RS,Tio Hugo,Implantação de Sistema de Abastecimento de Água - SAA,Água Para Todos,Abastecimento de água,Seleção 2023 - Abastecimento de Água,Obra,Em licitação / Leilão,606000.0,0.0,2026,Municipal,Mais Informações,Seleção,OGU,MCID,2026-03-01,TIO HUGO
2026-03-01,29408,RS,Vera Cruz,Substituição da Adutora de Água Tratada Fonte Diehl,Água Para Todos,Abastecimento de água,Seleção 2023 - Abastecimento de Água,Obra,Em licitação / Leilão,5173395.82,0.0,2026,Municipal,Mais Informações,Seleção,OGU,MCID,2026-03-01,VERA CRUZ
2026-03-01,29450,RS,"Barros Cassal, Cristal do Sul, Fontoura Xavier, Ibirapuitã, Amaral Ferrador","Sistemas de abastecimento de água em áreas rurais de Barros Cassal, Cristal do Sul, Fontoura Xavier, Ibirapuitã, Amaral Ferrador",Água Para Todos,Água para quem mais precisa,Seleção 2023 - Abastecimento de água - Rural,Obra,Em licitação / Leilão,1499954.33,0.0,2027,Estadual,Mais Informações,Seleção,OGU,MCID,2026-03-01,"BARROS CASSAL, CRISTAL DO SUL, FONTOURA XAVIER, IBIRAPUITÃ, AMARAL FERRADOR"
2026-03-01,29490,RS,Caxias do Sul,Sistemas de abastecimento de água em áreas rurais de Caxias do Sul,Água Para Todos,Água para quem mais precisa,Seleção 2023 - Abastecimento de água - Rural,Obra,Em licitação / Leilão,1629826.47,0.0,2027,Estadual,Mais Informações,Seleção,OGU,MCID,2026-03-01,CAXIAS DO SUL
2026-03-01,29524,RS,Formigueiro,Sistemas de abastecimento de água em áreas rurais de Formigueiro,Água Para Todos,Água para quem mais precisa,Seleção 2023 - Abastecimento de água - Rural,Obra,Em licitação / Leilão,562131.52,0.0,2027,Estadual,Mais Informações,Seleção,OGU,MCID,2026-03-01,FORMIGUEIRO
2026-03-01,26538,RS,Bagé,Implantação do Sistema de Esgotamento Sanitário - SES no Bairro Castro,Cidades Sustentáveis e Resilientes,Esgotamento sanitário,Seleção 2023 - Esgotamento Sanitário,Obra,Em execução,6382021.75,0.0,2029,Municipal,Mais Informações,Seleção,OGU,MCID,2026-03-01,BAGÉ
2026-03-01,3936,RS,Bento Gonçalves,Saneamento Integrado no Bairro Recanto da Aurora,Cidades Sustentáveis e Resilientes,Esgotamento sanitário,"Retomada, conclusão e novas obras - Esgotamento Sanitário",Obra,Concluído,0.0,100.0,2024,Municipal,Mais Informações,Planejamento Setorial,OGU,MCID,2026-03-01,BENTO GONÇALVES
2026-03-01,1734,RS,Novo Hamburgo,Ampliação do Sistema de Esgotamento Sanitário (SES) - Bacia do Arroio Luiz Rau e do Arrio Pampa,Cidades Sustentáveis e Resilientes,Esgotamento sanitário,"Retomada, conclusão e novas obras - Esgotamento Sanitário",Obra,Em ação preparatória,26237330.0,41.38,2030,Municipal,Mais Informações,Planejamento Setorial,FIN,MCID,2026-03-01,NOVO HAMBURGO
2026-03-01,5283,RS,Passo Fundo,Implantação do Sistema de Esgotamento Sanitário (SES) na Bacia Pinheiro Torto,Cidades Sustentáveis e Resilientes,Esgotamento sanitário,"Retomada, conclusão e novas obras - Esgotamento Sanitário",Obra,Em execução,43868202.0,55.93,2029,Estadual,Mais Informações,Planejamento Setorial,FIN,MCID,2026-03-01,PASSO FUNDO
2026-03-01,3765,RS,Pelotas,Implantação da Estação de Tratamento de Esgoto (ETE) Novo Mundo,Cidades Sustentáveis e Resilientes,Esgotamento sanitário,"Retomada, conclusão e novas obras - Esgotamento Sanitário",Obra,Concluído,673689.54,100.0,2025,Municipal,Mais Informações,Planejamento Setorial,OGU,MCID,2026-03-01,PELOTAS
2026-03-01,29847,RS,Pinhal,Sistema de Coleta do Esgoto Sanitário - Rede Coletora,Cidades Sustentáveis e Resilientes,Esgotamento sanitário,Seleção 2023 - Esgotamento Sanitário,Obra,Em licitação / Leilão,3326989.1,0.0,2027,Municipal,Mais Informações,Seleção,OGU,MCID,2026-03-01,PINHAL
2026-03-01,15777,RS,Ponte Preta,"Continuação do Sistema de Esgoto Sanitário - Bacias B1, B2, B3",Cidades Sustentáveis e Resilientes,Esgotamento sanitário,Seleção 2023 - Esgotamento Sanitário,Obra,Em ação preparatória,2890000.0,0.0,2027,Municipal,Mais Informações,Seleção,OGU,MCID,2026-03-01,PONTE PRETA
2026-03-01,1584,RS,Rolante,Ampliação do Sistema de Esgotamento Sanitário (SES),Cidades Sustentáveis e Resilientes,Esgotamento sanitário,"Retomada, conclusão e novas obras - Esgotamento Sanitário",Obra,Em ação preparatória,7371255.74,45.84,2026,Municipal,Mais Informações,Planejamento Setorial,OGU,MCID,2026-03-01,ROLANTE
2026-03-01,1804,RS,Santa Maria,"Ampliação do Sistema de Esgotamento Sanitário (SES) nas Vilas Jockey Club, Tomaz, Alegria e Medianeira",Cidades Sustentáveis e Resilientes,Esgotamento sanitário,"Retomada, conclusão e novas obras - Esgotamento Sanitário",Obra,Em execução,77937947.0,43.67,2030,Estadual,Mais Informações,Planejamento Setorial,FIN,MCID,2026-03-01,SANTA MARIA
2026-03-01,1554,RS,Sant'Ana do Livramento,Ampliação do Sistema de Esgotamento Sanitário (SES),Cidades Sustentáveis e Resilientes,Esgotamento sanitário,"Retomada, conclusão e novas obras - Esgotamento Sanitário",Obra,Em execução,10327300.42,71.42,2026,Municipal,Mais Informações,Planejamento Setorial,OGU,MCID,2026-03-01,SANT'ANA DO LIVRAMENTO
2026-03-01,1564,RS,São Leopoldo,Ampliação do Sistema de Esgotamento Sanitário (SES),Cidades Sustentáveis e Resilientes,Esgotamento sanitário,"Retomada, conclusão e novas obras - Esgotamento Sanitário",Obra,Em execução,74942831.08,15.8,2029,Municipal,Mais Informações,Planejamento Setorial,OGU,MCID,2026-03-01,SÃO LEOPOLDO
2026-03-01,25813,RS,São Leopoldo,Execução de Bacia de Esgotamento Sanitário - SES Santos Dumont,Cidades Sustentáveis e Resilientes,Esgotamento sanitário,Seleção 2023 - Esgotamento Sanitário,Obra,Em licitação / Leilão,75687613.23,0.0,2027,Municipal,Mais Informações,Seleção,OGU,MCID,2026-03-01,SÃO LEOPOLDO
2026-03-01,1688,RS,Uruguaiana,Ampliação do Sistema de Esgotamento Sanitário (SES),Cidades Sustentáveis e Resilientes,Esgotamento sanitário,"Retomada, conclusão e novas obras - Esgotamento Sanitário",Obra,Concluído,3245405.0,100.0,2024,Privado,Mais Informações,Planejamento Setorial,FIN,MCID,2026-03-01,URUGUAIANA
2026-03-01,30880,RS,"Ametista do Sul, Barra do Guarita, Boa Vista das Missões, Caiçara, Cerro Grande, Coronel Bicaco, Cristal do Sul, Derrubadas, Dois Irmãos das Missões, Erval Seco, Frederico Westphalen, Iraí, Jaboticaba, Lajeado do Bugre, Miraguaí, Novo Tiradentes, Palmitinho, Pinhal, Pinheirinho do Vale, Planalto, Redentora, Rodeio Bonito, Sagrada Família, São Pedro das Missões, Seberi, Taquaruçu do Sul, Tenente Portela, Vicente Dutra, Vista Alegre, Vista Gaúcha",Otimização e Ampliação do Processo de Compostagem dos Resíduos Orgânicos no Consórcio Intermunicipal de Gestão de Resíduos Sólidos – CIGRES.,Cidades Sustentáveis e Resilientes,Gestão de Resíduos Sólidos,Seleção 2023 - Gestão de Resíduos Sólidos,Obra,Em licitação / Leilão,834885.25,0.0,2027,Municipal,Mais Informações,Seleção,OGU,MCID,2026-03-01,"AMETISTA DO SUL, BARRA DO GUARITA, BOA VISTA DAS MISSÕES, CAIÇARA, CERRO GRANDE, CORONEL BICACO, CRISTAL DO SUL, DERRUBADAS, DOIS IRMÃOS DAS MISSÕES, ERVAL SECO, FREDERICO WESTPHALEN, IRAÍ, JABOTICABA, LAJEADO DO BUGRE, MIRAGUAÍ, NOVO TIRADENTES, PALMITINHO, PINHAL, PINHEIRINHO DO VALE, PLANALTO, REDENTORA, RODEIO BONITO, SAGRADA FAMÍLIA, SÃO PEDRO DAS MISSÕES, SEBERI, TAQUARUÇU DO SUL, TENENTE PORTELA, VICENTE DUTRA, VISTA ALEGRE, VISTA GAÚCHA"
2026-03-01,30882,RS,"Bom Progresso, Braga, Campo Novo, Coronel Bicaco, Crissiumal, Esperança do Sul, Humaitá, Sede Nova, São Martinho, São Valério do Sul, Tiradentes do Sul, Três Passos",Qualificação e Ampliação do Processo de Compostagem dos Resíduos Orgânicos no Consórcio Intermunicipal de Gestão Multifuncional-CITEGEM.,Cidades Sustentáveis e Resilientes,Gestão de Resíduos Sólidos,Seleção 2023 - Gestão de Resíduos Sólidos,Obra,Em licitação / Leilão,1033153.45,0.0,2027,Municipal,Mais Informações,Seleção,OGU,MCID,2026-03-01,"BOM PROGRESSO, BRAGA, CAMPO NOVO, CORONEL BICACO, CRISSIUMAL, ESPERANÇA DO SUL, HUMAITÁ, SEDE NOVA, SÃO MARTINHO, SÃO VALÉRIO DO SUL, TIRADENTES DO SUL, TRÊS PASSOS"
2026-03-01,19637,RS,"Alvorada, Porto Alegre, Viamão","Duplicação da estrada Caminho do Meio que liga POA, Alvorada e Viamão com implantação de faixa exclusiva",Cidades Sustentáveis e Resilientes,Mobilidade Urbana Sustentável,Seleção 2023 - Mobilidade Urbana Sustentável,Obra,Em ação preparatória,25000000.0,0.0,2027,Estadual,Mais Informações,Seleção,OGU,MCID,2026-03-01,"ALVORADA, PORTO ALEGRE, VIAMÃO"
2026-03-01,25706,RS,Cachoeirinha,Estudos e Projetos - Faixa Exclusiva,Cidades Sustentáveis e Resilientes,Mobilidade Urbana Sustentável,Seleção 2023 - Mobilidade Urbana Sustentável,Estudo / Projeto / Plano,Em licitação / Leilão,2175333.92,0.0,2027,Estadual,Mais Informações,Seleção,OGU,MCID,2026-03-01,CACHOEIRINHA
2026-03-01,25718,RS,Porto Alegre,Estudos e Projetos - Implantação e Requalificação de Terminais,Cidades Sustentáveis e Resilientes,Mobilidade Urbana Sustentável,Seleção 2023 - Mobilidade Urbana Sustentável,Estudo / Projeto / Plano,Em licitação / Leilão,2700000.0,0.0,2026,Municipal,Mais Informações,Seleção,OGU,MCID,2026-03-01,PORTO ALEGRE
2026-03-01,30435,RS,Bento Gonçalves,Regularização Fundiária,Cidades Sustentáveis e Resilientes,Periferia Viva - Urbanização de Favelas,Seleção 2023 - Regularização Fundiária,Estudo / Projeto / Plano,Em execução,400000.0,4.54,2026,Municipal,Mais Informações,Seleção,OGU,MCID,2026-03-01,BENTO GONÇALVES
2026-03-01,30463,RS,Canoas,Regularização Fundiária,Cidades Sustentáveis e Resilientes,Periferia Viva - Urbanização de Favelas,Seleção 2023 - Regularização Fundiária,Estudo / Projeto / Plano,Em licitação / Leilão,924882.47,0.0,2026,Municipal,Mais Informações,Seleção,OGU,MCID,2026-03-01,CANOAS
2026-03-01,30477,RS,Caxias do Sul,Regularização Fundiária,Cidades Sustentáveis e Resilientes,Periferia Viva - Urbanização de Favelas,Seleção 2023 - Regularização Fundiária,Estudo / Projeto / Plano,Em licitação / Leilão,3000000.0,0.0,2026,Municipal,Mais Informações,Seleção,OGU,MCID,2026-03-01,CAXIAS DO SUL
2026-03-01,30493,RS,Cruz Alta,Regularização Fundiária,Cidades Sustentáveis e Resilientes,Periferia Viva - Urbanização de Favelas,Seleção 2023 - Regularização Fundiária,Estudo / Projeto / Plano,Em execução,911157.66,0.0,2026,Municipal,Mais Informações,Seleção,OGU,MCID,2026-03-01,CRUZ ALTA
2026-03-01,30504,RS,Erechim,Regularização Fundiária,Cidades Sustentáveis e Resilientes,Periferia Viva - Urbanização de Favelas,Seleção 2023 - Regularização Fundiária,Estudo / Projeto / Plano,Em execução,650000.0,0.0,2027,Municipal,Mais Informações,Seleção,OGU,MCID,2026-03-01,ERECHIM
2026-03-01,3075,RS,Esteio,Arroio Sapucaia,Cidades Sustentáveis e Resilientes,Periferia Viva - Urbanização de Favelas,"Retomada, conclusão e novas obras - Periferia Viva",Obra,Em execução,10512887.53,36.47,2026,Municipal,Mais Informações,Planejamento Setorial,OGU,MCID,2026-03-01,ESTEIO
2026-03-01,30507,RS,Esteio,Regularização Fundiária,Cidades Sustentáveis e Resilientes,Periferia Viva - Urbanização de Favelas,Seleção 2023 - Regularização Fundiária,Estudo / Projeto / Plano,Em execução,400000.0,21.0,2026,Municipal,Mais Informações,Seleção,OGU,MCID,2026-03-01,ESTEIO
2026-03-01,30511,RS,Farroupilha,Regularização Fundiária,Cidades Sustentáveis e Resilientes,Periferia Viva - Urbanização de Favelas,Seleção 2023 - Regularização Fundiária,Estudo / Projeto / Plano,Em licitação / Leilão,404000.0,0.0,2026,Municipal,Mais Informações,Seleção,OGU,MCID,2026-03-01,FARROUPILHA
2026-03-01,30530,RS,Guaíba,Regularização Fundiária,Cidades Sustentáveis e Resilientes,Periferia Viva - Urbanização de Favelas,Seleção 2023 - Regularização Fundiária,Estudo / Projeto / Plano,Em execução,1000000.0,0.0,2026,Municipal,Mais Informações,Seleção,OGU,MCID,2026-03-01,GUAÍBA
2026-03-01,3538,RS,Pelotas,Farroupilha,Cidades Sustentáveis e Resilientes,Periferia Viva - Urbanização de Favelas,"Retomada, conclusão e novas obras - Periferia Viva",Obra,Em execução,6305392.91,81.87,2026,Municipal,Mais Informações,Planejamento Setorial,OGU,MCID,2026-03-01,PELOTAS
2026-03-01,30629,RS,Pelotas,Regularização Fundiária,Cidades Sustentáveis e Resilientes,Periferia Viva - Urbanização de Favelas,Seleção 2023 - Regularização Fundiária,Estudo / Projeto / Plano,Em licitação / Leilão,763622.2,0.0,2027,Municipal,Mais Informações,Seleção,OGU,MCID,2026-03-01,PELOTAS
2026-03-01,30642,RS,Porto Alegre,Regularização Fundiária,Cidades Sustentáveis e Resilientes,Periferia Viva - Urbanização de Favelas,Seleção 2023 - Regularização Fundiária,Estudo / Projeto / Plano,Em licitação / Leilão,2700000.0,0.0,2026,Municipal,Mais Informações,Seleção,OGU,MCID,2026-03-01,PORTO ALEGRE
2026-03-01,30337,RS,Porto Alegre,Urbanização e qualificação da Grande Mato Sampaio,Cidades Sustentáveis e Resilientes,Periferia Viva - Urbanização de Favelas,Seleção 2023 - Periferia Viva - Urbanização de Favelas,Obra,Em licitação / Leilão,33470271.84,0.0,2028,Municipal,Mais Informações,Seleção,OGU,MCID,2026-03-01,PORTO ALEGRE
2026-03-01,5498,RS,Porto Alegre,Vila Nazaré,Cidades Sustentáveis e Resilientes,Periferia Viva - Urbanização de Favelas,"Retomada, conclusão e novas obras - Periferia Viva",Obra,Concluído,4628616.0,100.0,2025,Municipal,Mais Informações,Planejamento Setorial,FIN,MCID,2026-03-01,PORTO ALEGRE
2026-03-01,3541,RS,Rio Grande,Orla Portuária,Cidades Sustentáveis e Resilientes,Periferia Viva - Urbanização de Favelas,"Retomada, conclusão e novas obras - Periferia Viva",Obra,Em execução,0.0,93.33,2026,Municipal,Mais Informações,Planejamento Setorial,OGU,MCID,2026-03-01,RIO GRANDE
2026-03-01,30670,RS,Rio Grande,Regularização Fundiária,Cidades Sustentáveis e Resilientes,Periferia Viva - Urbanização de Favelas,Seleção 2023 - Regularização Fundiária,Estudo / Projeto / Plano,Em execução,406000.0,0.0,2027,Municipal,Mais Informações,Seleção,OGU,MCID,2026-03-01,RIO GRANDE
2026-03-01,5503,RS,Santa Cruz do Sul,Projeto Bom Jesus,Cidades Sustentáveis e Resilientes,Periferia Viva - Urbanização de Favelas,"Retomada, conclusão e novas obras - Periferia Viva",Obra,Em execução,5299659.0,92.95,2027,Municipal,Mais Informações,Planejamento Setorial,FIN,MCID,2026-03-01,SANTA CRUZ DO SUL
2026-03-01,3071,RS,Santa Maria,Arroio Cadena e Vacacaí Mirim,Cidades Sustentáveis e Resilientes,Periferia Viva - Urbanização de Favelas,"Retomada, conclusão e novas obras - Periferia Viva",Obra,Em execução,3868672.95,80.42,2026,Municipal,Mais Informações,Planejamento Setorial,OGU,MCID,2026-03-01,SANTA MARIA
2026-03-01,30701,RS,São Gabriel,Regularização Fundiária,Cidades Sustentáveis e Resilientes,Periferia Viva - Urbanização de Favelas,Seleção 2023 - Regularização Fundiária,Estudo / Projeto / Plano,Em execução,566000.0,0.0,2026,Municipal,Mais Informações,Seleção,OGU,MCID,2026-03-01,SÃO GABRIEL
2026-03-01,3077,RS,São Leopoldo,Arroios Manteiga e Cerquinha,Cidades Sustentáveis e Resilientes,Periferia Viva - Urbanização de Favelas,"Retomada, conclusão e novas obras - Periferia Viva",Obra,Em ação preparatória,28012006.0,28.27,2026,Municipal,Mais Informações,Planejamento Setorial,FIN,MCID,2026-03-01,SÃO LEOPOLDO
2026-03-01,3123,RS,São Leopoldo,Bairro São Miguel,Cidades Sustentáveis e Resilientes,Periferia Viva - Urbanização de Favelas,"Retomada, conclusão e novas obras - Periferia Viva",Obra,Em execução,5744359.84,73.86,2026,Municipal,Mais Informações,Planejamento Setorial,OGU,MCID,2026-03-01,SÃO LEOPOLDO
2026-03-01,30372,RS,São Leopoldo,Urbanização e qualificação do NUI Ocupação Steigleder,Cidades Sustentáveis e Resilientes,Periferia Viva - Urbanização de Favelas,Seleção 2023 - Periferia Viva - Urbanização de Favelas,Obra,Em licitação / Leilão,138030286.36,0.0,2029,Municipal,Mais Informações,Seleção,OGU,MCID,2026-03-01,SÃO LEOPOLDO
2026-03-01,30711,RS,Sapucaia do Sul,Regularização Fundiária,Cidades Sustentáveis e Resilientes,Periferia Viva - Urbanização de Favelas,Seleção 2023 - Regularização Fundiária,Estudo / Projeto / Plano,Em licitação / Leilão,597476.48,0.0,2027,Municipal,Mais Informações,Seleção,OGU,MCID,2026-03-01,SAPUCAIA DO SUL
2026-03-01,30720,RS,Taquara,Regularização Fundiária,Cidades Sustentáveis e Resilientes,Periferia Viva - Urbanização de Favelas,Seleção 2023 - Regularização Fundiária,Estudo / Projeto / Plano,Em licitação / Leilão,400000.0,0.0,2027,Municipal,Mais Informações,Seleção,OGU,MCID,2026-03-01,TAQUARA
2026-03-01,30749,RS,Viamão,Regularização Fundiária,Cidades Sustentáveis e Resilientes,Periferia Viva - Urbanização de Favelas,Seleção 2023 - Regularização Fundiária,Estudo / Projeto / Plano,Em licitação / Leilão,1135390.4,0.0,2026,Municipal,Mais Informações,Seleção,OGU,MCID,2026-03-01,VIAMÃO
2026-03-01,28931,RS,Alegrete,INTERVENÇÃO DO ARROIO REGALADO /PARTE 2,Cidades Sustentáveis e Resilientes,Prevenção a Desastres: Contenção de Encostas e Drenagem,Seleção 2023 - Drenagem,Obra,Em licitação / Leilão,30032795.64,0.0,2026,Municipal,Mais Informações,Seleção,OGU,MCID,2026-03-01,ALEGRETE
2026-03-01,25791,RS,"Arroio do Meio, Colinas, Cruzeiro do Sul, Encantado, Estrela, Lajeado, Muçum, Roca Sales, Santa Tereza, Taquari, Venâncio Aires",ESTUDOS TAQUARI - ANTAS E BAIXO JACUÍ,Cidades Sustentáveis e Resilientes,Prevenção a Desastres: Contenção de Encostas e Drenagem,Seleção 2023 - Drenagem,Estudo / Projeto / Plano,Em licitação / Leilão,16158257.8,0.0,2028,Estadual,Mais Informações,Seleção,OGU,MCID,2026-03-01,"ARROIO DO MEIO, COLINAS, CRUZEIRO DO SUL, ENCANTADO, ESTRELA, LAJEADO, MUÇUM, ROCA SALES, SANTA TEREZA, TAQUARI, VENÂNCIO AIRES"
2026-03-01,15444,RS,Bento Gonçalves,Contenções de encostas em áreas de risco - Bento Gonçalves,Cidades Sustentáveis e Resilientes,Prevenção a Desastres: Contenção de Encostas e Drenagem,Seleção 2025 - Encostas,Obra,Em ação preparatória,8662500.0,0.0,2029,Municipal,Mais Informações,Seleção,OGU,MCID,2026-03-01,BENTO GONÇALVES
2026-03-01,30313,RS,Bento Gonçalves,Sistemas de drenagem urbana e manejo de águas pluviais - Zona Sul,Cidades Sustentáveis e Resilientes,Prevenção a Desastres: Contenção de Encostas e Drenagem,Seleção 2023 - Drenagem,Obra,Em licitação / Leilão,2292737.09,0.0,2026,Municipal,Mais Informações,Seleção,OGU,MCID,2026-03-01,BENTO GONÇALVES
2026-03-01,19597,RS,Campo Bom,Drenagem Urbana e Rural no Município de Campo Bom/RS,Cidades Sustentáveis e Resilientes,Prevenção a Desastres: Contenção de Encostas e Drenagem,Seleção 2025 - Drenagem,Obra,Em ação preparatória,10044164.3,0.0,2029,Municipal,Mais Informações,Seleção,OGU,MCID,2026-03-01,CAMPO BOM
2026-03-01,15476,RS,Canela,Contenções de encostas em áreas de risco - Canela,Cidades Sustentáveis e Resilientes,Prevenção a Desastres: Contenção de Encostas e Drenagem,Seleção 2025 - Encostas,Obra,Em ação preparatória,1470000.0,0.0,2029,Municipal,Mais Informações,Seleção,OGU,MCID,2026-03-01,CANELA
2026-03-01,30205,RS,Capão do Leão,Projeto de Drenagem Fluvial do Arroio Padre Doutor.,Cidades Sustentáveis e Resilientes,Prevenção a Desastres: Contenção de Encostas e Drenagem,Seleção 2023 - Drenagem,Estudo / Projeto / Plano,Em execução,217717.5,0.0,2027,Municipal,Mais Informações,Seleção,OGU,MCID,2026-03-01,CAPÃO DO LEÃO
2026-03-01,3614,RS,Caxias do Sul,Canalização pluvial e tanque de detenção,Cidades Sustentáveis e Resilientes,Prevenção a Desastres: Contenção de Encostas e Drenagem,Seleção 2023 - Drenagem,Obra,Em ação preparatória,15128240.13,0.0,2026,Municipal,Mais Informações,Seleção,OGU,MCID,2026-03-01,CAXIAS DO SUL
2026-03-01,15482,RS,Caxias do Sul,Contenções de encostas em áreas de risco - Caxias do Sul,Cidades Sustentáveis e Resilientes,Prevenção a Desastres: Contenção de Encostas e Drenagem,Seleção 2025 - Encostas,Obra,Em licitação / Leilão,1233478.05,0.0,2029,Municipal,Mais Informações,Seleção,OGU,MCID,2026-03-01,CAXIAS DO SUL
2026-03-01,30137,RS,Caxias do Sul,Macrodrenagem da Bacia do Arroio Aliança,Cidades Sustentáveis e Resilientes,Prevenção a Desastres: Contenção de Encostas e Drenagem,Seleção 2023 - Drenagem,Obra,Em licitação / Leilão,57687460.54,0.0,2026,Municipal,Mais Informações,Seleção,OGU,MCID,2026-03-01,CAXIAS DO SUL
2026-03-01,34868,RS,Cruzeiro do Sul,Macrodrenagem e microdrenagem urbana no Município de Cruzeiro do Sul/RS,Cidades Sustentáveis e Resilientes,Prevenção a Desastres: Contenção de Encostas e Drenagem,Seleção 2025 - Drenagem,Obra,Em ação preparatória,12242564.13,0.0,2029,Municipal,Mais Informações,Seleção,OGU,MCID,2026-03-01,CRUZEIRO DO SUL
2026-03-01,35138,RS,Dom Pedrito,Recuperação e adequação do canal de macrodrenagem dos afluentes do Córrego Sanga das Piugas no município de Dom Pedrito/RS,Cidades Sustentáveis e Resilientes,Prevenção a Desastres: Contenção de Encostas e Drenagem,Seleção 2025 - Drenagem,Obra,Em ação preparatória,11226648.48,0.0,2029,Municipal,Mais Informações,Seleção,OGU,MCID,2026-03-01,DOM PEDRITO
2026-03-01,15498,RS,Encantado,Contenções de encostas em áreas de risco - Encantado,Cidades Sustentáveis e Resilientes,Prevenção a Desastres: Contenção de Encostas e Drenagem,Seleção 2025 - Encostas,Obra,Em ação preparatória,2125067.03,0.0,2029,Municipal,Mais Informações,Seleção,OGU,MCID,2026-03-01,ENCANTADO
2026-03-01,19584,RS,Encantado,Drenagem junto a rua Aurelio Moesch e fundos da rua Bahia com a rua Erich Franz Anner,Cidades Sustentáveis e Resilientes,Prevenção a Desastres: Contenção de Encostas e Drenagem,Seleção 2023 - Drenagem,Obra,Em licitação / Leilão,18856750.08,0.0,2026,Municipal,Mais Informações,Seleção,OGU,MCID,2026-03-01,ENCANTADO
2026-03-01,30283,RS,Estrela,"Projeto de Restauração da margem do Rio Taquari, localizada no entorno da Ruas dos Marinheiros, no Bairro Moinhos",Cidades Sustentáveis e Resilientes,Prevenção a Desastres: Contenção de Encostas e Drenagem,Seleção 2023 - Drenagem,Estudo / Projeto / Plano,Em execução,787500.0,0.0,2027,Municipal,Mais Informações,Seleção,OGU,MCID,2026-03-01,ESTRELA
2026-03-01,30295,RS,Estrela,Projeto Verde Urbano e implementação de parque linear multifuncional - Rio Taquari.,Cidades Sustentáveis e Resilientes,Prevenção a Desastres: Contenção de Encostas e Drenagem,Seleção 2023 - Drenagem,Obra,Em ação preparatória,17080777.73,0.0,2028,Municipal,Mais Informações,Seleção,OGU,MCID,2026-03-01,ESTRELA
2026-03-01,19615,RS,Guaíba,Drenagem Urbana no Município de Guaíba/RS,Cidades Sustentáveis e Resilientes,Prevenção a Desastres: Contenção de Encostas e Drenagem,Seleção 2025 - Drenagem,Obra,Em ação preparatória,39677560.18,0.0,2029,Municipal,Mais Informações,Seleção,OGU,MCID,2026-03-01,GUAÍBA
2026-03-01,15597,RS,Muçum,Contenções de encostas em áreas de risco - Muçum,Cidades Sustentáveis e Resilientes,Prevenção a Desastres: Contenção de Encostas e Drenagem,Seleção 2025 - Encostas,Obra,Em ação preparatória,12191114.26,0.0,2029,Municipal,Mais Informações,Seleção,OGU,MCID,2026-03-01,MUÇUM
2026-03-01,19620,RS,Nova Santa Rita,Drenagem Urbana no Município de Nova Santa Rita/RS,Cidades Sustentáveis e Resilientes,Prevenção a Desastres: Contenção de Encostas e Drenagem,Seleção 2025 - Drenagem,Obra,Em ação preparatória,11051248.42,0.0,2029,Municipal,Mais Informações,Seleção,OGU,MCID,2026-03-01,NOVA SANTA RITA
2026-03-01,3103,RS,Novo Hamburgo,Bacias de detenção Luiz Rau e Arroio Guarani,Cidades Sustentáveis e Resilientes,Prevenção a Desastres: Contenção de Encostas e Drenagem,Seleção 2023 - Drenagem,Obra,Em licitação / Leilão,21021365.73,0.0,2028,Municipal,Mais Informações,Seleção,OGU,MCID,2026-03-01,NOVO HAMBURGO
2026-03-01,34890,RS,Pelotas,Manejo de Águas Pluviais no Bairro Areal Fundos (Vasco Pires) e estrutura de contenção das cheias na Estrada do Engenho no Município de Pelotas/RS,Cidades Sustentáveis e Resilientes,Prevenção a Desastres: Contenção de Encostas e Drenagem,Seleção 2025 - Drenagem,Obra,Em ação preparatória,23936635.7,0.0,2029,Municipal,Mais Informações,Seleção,OGU,MCID,2026-03-01,PELOTAS
2026-03-01,3073,RS,Porto Alegre,Arroio da Areia,Cidades Sustentáveis e Resilientes,Prevenção a Desastres: Contenção de Encostas e Drenagem,"Retomada, conclusão e novas obras - Drenagem",Obra,Em execução,65480698.43,50.27,2028,Municipal,Mais Informações,Planejamento Setorial,OGU,MCID,2026-03-01,PORTO ALEGRE
2026-03-01,15647,RS,Porto Alegre,Contenções de encostas em áreas de risco - Porto Alegre,Cidades Sustentáveis e Resilientes,Prevenção a Desastres: Contenção de Encostas e Drenagem,Seleção 2023 - Encostas,Obra,Em licitação / Leilão,117928153.04,0.0,2026,Municipal,Mais Informações,Seleção,OGU,MCID,2026-03-01,PORTO ALEGRE
2026-03-01,30257,RS,Porto Alegre,Projeto de Macrodrenagem na Bacia Hidrográfica do Arroio Dilúvio,Cidades Sustentáveis e Resilientes,Prevenção a Desastres: Contenção de Encostas e Drenagem,Seleção 2023 - Drenagem,Estudo / Projeto / Plano,Em licitação / Leilão,5799891.96,0.0,2026,Municipal,Mais Informações,Seleção,OGU,MCID,2026-03-01,PORTO ALEGRE
2026-03-01,5221,RS,Rio Grande,Galerias e Canalização,Cidades Sustentáveis e Resilientes,Prevenção a Desastres: Contenção de Encostas e Drenagem,"Retomada, conclusão e novas obras - Drenagem",Obra,Em ação preparatória,7123350.0,91.05,2026,Municipal,Mais Informações,Planejamento Setorial,FIN,MCID,2026-03-01,RIO GRANDE
2026-03-01,34867,RS,Rio Grande,Macrodrenagem e infraestrutura hidráulica no Município de Rio Grande/RS,Cidades Sustentáveis e Resilientes,Prevenção a Desastres: Contenção de Encostas e Drenagem,Seleção 2025 - Drenagem,Obra,Em ação preparatória,42430168.76,0.0,2029,Municipal,Mais Informações,Seleção,OGU,MCID,2026-03-01,RIO GRANDE
2026-03-01,30273,RS,Rolante,Projeto de Prevenção de Desastres Naturais - Inundações,Cidades Sustentáveis e Resilientes,Prevenção a Desastres: Contenção de Encostas e Drenagem,Seleção 2023 - Drenagem,Estudo / Projeto / Plano,Em licitação / Leilão,647428.0,0.0,2027,Municipal,Mais Informações,Seleção,OGU,MCID,2026-03-01,ROLANTE
2026-03-01,30190,RS,Santa Cruz do Sul,PROJETO DE DRENAGEM BACIA BAIRRO VÁRZEA,Cidades Sustentáveis e Resilientes,Prevenção a Desastres: Contenção de Encostas e Drenagem,Seleção 2023 - Drenagem,Estudo / Projeto / Plano,Em licitação / Leilão,8000000.0,0.0,2026,Municipal,Mais Informações,Seleção,OGU,MCID,2026-03-01,SANTA CRUZ DO SUL
2026-03-01,30192,RS,Santa Cruz do Sul,PROJETO DE DRENAGEM BACIA DO BAIRRO CENTRO E BAIRRO SANTO INÁCIO,Cidades Sustentáveis e Resilientes,Prevenção a Desastres: Contenção de Encostas e Drenagem,Seleção 2023 - Drenagem,Estudo / Projeto / Plano,Em licitação / Leilão,5050000.0,0.0,2026,Municipal,Mais Informações,Seleção,OGU,MCID,2026-03-01,SANTA CRUZ DO SUL
2026-03-01,15686,RS,Santa Maria,Contenções de encostas em áreas de risco - Santa Maria,Cidades Sustentáveis e Resilientes,Prevenção a Desastres: Contenção de Encostas e Drenagem,Seleção 2023 - Encostas,Obra,Em licitação / Leilão,33692400.0,0.0,2026,Municipal,Mais Informações,Seleção,OGU,MCID,2026-03-01,SANTA MARIA
2026-03-01,19759,RS,Santa Maria,Elaboração de Projetos e Execução de Obras de melhoria da Infraestrutura de Drenagem Urbana,Cidades Sustentáveis e Resilientes,Prevenção a Desastres: Contenção de Encostas e Drenagem,Seleção 2023 - Drenagem,Estudo / Projeto / Plano,Em ação preparatória,8570000.0,0.0,2026,Municipal,Mais Informações,Seleção,OGU,MCID,2026-03-01,SANTA MARIA
2026-03-01,19761,RS,Santa Maria,Elaboração de projetos executivos e a execução de obras de macrodrenagem urbana no município de Santa Maria/RS,Cidades Sustentáveis e Resilientes,Prevenção a Desastres: Contenção de Encostas e Drenagem,Seleção 2025 - Drenagem,Obra,Em ação preparatória,39622188.43,0.0,2029,Municipal,Mais Informações,Seleção,OGU,MCID,2026-03-01,SANTA MARIA
2026-03-01,28932,RS,Santo Antônio da Patrulha,Intervenções em Arroios Municipais - Macrodrenagem Urbana,Cidades Sustentáveis e Resilientes,Prevenção a Desastres: Contenção de Encostas e Drenagem,Seleção 2023 - Drenagem,Obra,Em ação preparatória,23374187.89,0.0,2026,Municipal,Mais Informações,Seleção,OGU,MCID,2026-03-01,SANTO ANTÔNIO DA PATRULHA
2026-03-01,30228,RS,São Jerônimo,Projeto de Drenagem Urbana do município de São Jerônimo (restauração de margem do Rio Jacuí,Cidades Sustentáveis e Resilientes,Prevenção a Desastres: Contenção de Encostas e Drenagem,Seleção 2023 - Drenagem,Estudo / Projeto / Plano,Em licitação / Leilão,300000.0,0.0,2026,Municipal,Mais Informações,Seleção,OGU,MCID,2026-03-01,SÃO JERÔNIMO
2026-03-01,19636,RS,São Lourenço do Sul,Drenagem urbana sustentável no município de São Lourenço do Sul/RS,Cidades Sustentáveis e Resilientes,Prevenção a Desastres: Contenção de Encostas e Drenagem,Seleção 2025 - Drenagem,Obra,Em ação preparatória,37774425.5,0.0,2029,Municipal,Mais Informações,Seleção,OGU,MCID,2026-03-01,SÃO LOURENÇO DO SUL
2026-03-01,30154,RS,Sapucaia do Sul,Obras de Drenagem urbana complementares - Revitalização do Arroio José Joaquim,Cidades Sustentáveis e Resilientes,Prevenção a Desastres: Contenção de Encostas e Drenagem,Seleção 2023 - Drenagem,Obra,Em licitação / Leilão,29416142.94,0.0,2029,Municipal,Mais Informações,Seleção,OGU,MCID,2026-03-01,SAPUCAIA DO SUL
2026-03-01,34871,RS,Taquara,Macrodrenagem na Rua Pinheiro Machado no Município de Taquara/RS,Cidades Sustentáveis e Resilientes,Prevenção a Desastres: Contenção de Encostas e Drenagem,Seleção 2025 - Drenagem,Obra,Em ação preparatória,48886481.57,0.0,2029,Municipal,Mais Informações,Seleção,OGU,MCID,2026-03-01,TAQUARA
2026-03-01,30259,RS,Taquari,Projeto de macrodrenagem,Cidades Sustentáveis e Resilientes,Prevenção a Desastres: Contenção de Encostas e Drenagem,Seleção 2023 - Drenagem,Estudo / Projeto / Plano,Em licitação / Leilão,1000000.0,0.0,2027,Municipal,Mais Informações,Seleção,OGU,MCID,2026-03-01,TAQUARI
2026-03-01,15744,RS,Três Coroas,Contenções de encostas em áreas de risco - Três Coroas,Cidades Sustentáveis e Resilientes,Prevenção a Desastres: Contenção de Encostas e Drenagem,Seleção 2025 - Encostas,Obra,Em ação preparatória,15212273.63,0.0,2029,Municipal,Mais Informações,Seleção,OGU,MCID,2026-03-01,TRÊS COROAS
2026-03-01,30211,RS,Três Forquilhas,Projeto de drenagem nas laterais do Rio na comunidade Luterana,Cidades Sustentáveis e Resilientes,Prevenção a Desastres: Contenção de Encostas e Drenagem,Seleção 2023 - Drenagem,Estudo / Projeto / Plano,Em licitação / Leilão,167115.03,0.0,2026,Municipal,Mais Informações,Seleção,OGU,MCID,2026-03-01,TRÊS FORQUILHAS
2026-03-01,30249,RS,Uruguaiana,PROJETO DE GALERIA PLUVIAL NA RUA EUSTÁQUIO ORMAZABAL,Cidades Sustentáveis e Resilientes,Prevenção a Desastres: Contenção de Encostas e Drenagem,Seleção 2023 - Drenagem,Estudo / Projeto / Plano,Em execução,1267649.67,0.0,2027,Municipal,Mais Informações,Seleção,OGU,MCID,2026-03-01,URUGUAIANA
2026-03-01,30251,RS,Uruguaiana,PROJETO DE GALERIA PLUVIAL NO BAIRRO CIDADE ALEGRIA,Cidades Sustentáveis e Resilientes,Prevenção a Desastres: Contenção de Encostas e Drenagem,Seleção 2023 - Drenagem,Estudo / Projeto / Plano,Em execução,910725.04,0.0,2027,Municipal,Mais Informações,Seleção,OGU,MCID,2026-03-01,URUGUAIANA
2026-03-01,8412,RS,Agudo,Creche e/ou Escola de Educação Infantil,"Educação, Ciência e Tecnologia",Educação Básica,Pacto Nacional pela Retomada das Obras da Educação,Obra,Em ação preparatória,2066254.34,0.0,2027,Municipal,Mais Informações,Planejamento Setorial,OGU,MEC,2026-03-01,AGUDO
2026-03-01,19454,RS,Alegrete,Creche e/ou Escola de Educação Infantil,"Educação, Ciência e Tecnologia",Educação Básica,Seleção 2025 - Creches e Escolas de Educação Infantil,Obra,Em ação preparatória,3599938.56,0.0,2026,Municipal,Mais Informações,Seleção,OGU,MEC,2026-03-01,ALEGRETE
2026-03-01,1119,RS,Almirante Tamandaré do Sul,Ampliação de Escola,"Educação, Ciência e Tecnologia",Educação Básica,Pacto Nacional pela Retomada das Obras da Educação,Obra,Concluído,50671.52,100.0,2023,Municipal,Mais Informações,Planejamento Setorial,OGU,MEC,2026-03-01,ALMIRANTE TAMANDARÉ DO SUL
2026-03-01,18330,RS,Alvorada,Creche e/ou Escola de Educação Infantil,"Educação, Ciência e Tecnologia",Educação Básica,Seleção 2023 - Creches e Escolas de Educação Infantil,Obra,Em execução,3547923.64,0.0,2026,Municipal,Mais Informações,Seleção,OGU,MEC,2026-03-01,ALVORADA
2026-03-01,20119,RS,Alvorada,Escola em Tempo Integral,"Educação, Ciência e Tecnologia",Educação Básica,Seleção 2023 - Escolas em Tempo Integral,Obra,Em execução,10255095.83,0.0,2026,Municipal,Mais Informações,Seleção,OGU,MEC,2026-03-01,ALVORADA
2026-03-01,15768,RS,Alvorada,Quadra e/ou Cobertura de Quadra,"Educação, Ciência e Tecnologia",Educação Básica,"Retomada e conclusão de obras - Creches, Escolas, Quadras e Cobertura de Quadras",Obra,Concluído,165159.14,0.0,2025,Estadual,Mais Informações,Planejamento Setorial,OGU,MEC,2026-03-01,ALVORADA
2026-03-01,1099,RS,Ametista do Sul,Ampliação de Escola,"Educação, Ciência e Tecnologia",Educação Básica,Pacto Nacional pela Retomada das Obras da Educação,Obra,Concluído,200729.27,100.0,2025,Municipal,Mais Informações,Planejamento Setorial,OGU,MEC,2026-03-01,AMETISTA DO SUL
2026-03-01,7789,RS,Araricá,Escola de Ensino Fundamental,"Educação, Ciência e Tecnologia",Educação Básica,"Retomada e conclusão de obras - Creches, Escolas, Quadras e Cobertura de Quadras",Obra,Concluído,705728.48,100.0,2024,Municipal,Mais Informações,Planejamento Setorial,OGU,MEC,2026-03-01,ARARICÁ
2026-03-01,1225,RS,Arroio do Meio,Ampliação de Escola,"Educação, Ciência e Tecnologia",Educação Básica,"Retomada e conclusão de obras - Creches, Escolas, Quadras e Cobertura de Quadras",Obra,Concluído,74800.74,100.0,2024,Municipal,Mais Informações,Planejamento Setorial,OGU,MEC,2026-03-01,ARROIO DO MEIO
2026-03-01,14150,RS,Arroio do Meio,Creche e/ou Escola de Educação Infantil,"Educação, Ciência e Tecnologia",Educação Básica,"Retomada e conclusão de obras - Creches, Escolas, Quadras e Cobertura de Quadras",Obra,Em execução,1781576.44,72.63,2026,Municipal,Mais Informações,Planejamento Setorial,OGU,MEC,2026-03-01,ARROIO DO MEIO
2026-03-01,17692,RS,Arroio do Meio,Escola de Ensino Fundamental,"Educação, Ciência e Tecnologia",Educação Básica,"Retomada e conclusão de obras - Creches, Escolas, Quadras e Cobertura de Quadras",Obra,Em execução,8244621.72,12.09,2026,Municipal,Mais Informações,Planejamento Setorial,OGU,MEC,2026-03-01,ARROIO DO MEIO
2026-03-01,12279,RS,Arroio do Sal,Creche e/ou Escola de Educação Infantil,"Educação, Ciência e Tecnologia",Educação Básica,Pacto Nacional pela Retomada das Obras da Educação,Obra,Em ação preparatória,1658420.01,47.61,2025,Municipal,Mais Informações,Planejamento Setorial,OGU,MEC,2026-03-01,ARROIO DO SAL
2026-03-01,10654,RS,Arroio dos Ratos,Escola de Ensino Fundamental,"Educação, Ciência e Tecnologia",Educação Básica,Pacto Nacional pela Retomada das Obras da Educação,Obra,Em execução,5209864.12,42.45,2026,Municipal,Mais Informações,Planejamento Setorial,OGU,MEC,2026-03-01,ARROIO DOS RATOS
2026-03-01,9187,RS,Arroio Grande,Quadra e/ou Cobertura de Quadra,"Educação, Ciência e Tecnologia",Educação Básica,"Retomada e conclusão de obras - Creches, Escolas, Quadras e Cobertura de Quadras",Obra,Concluído,36370.85,100.0,2023,Municipal,Mais Informações,Planejamento Setorial,OGU,MEC,2026-03-01,ARROIO GRANDE
2026-03-01,15187,RS,Bagé,Creche e/ou Escola de Educação Infantil,"Educação, Ciência e Tecnologia",Educação Básica,"Retomada e conclusão de obras - Creches, Escolas, Quadras e Cobertura de Quadras",Obra,Em ação preparatória,2176841.49,50.71,2026,Municipal,Mais Informações,Planejamento Setorial,OGU,MEC,2026-03-01,BAGÉ
2026-03-01,18100,RS,Bagé,Creche e/ou Escola de Educação Infantil,"Educação, Ciência e Tecnologia",Educação Básica,Seleção 2023 - Creches e Escolas de Educação Infantil,Obra,Em licitação / Leilão,5890407.52,0.0,2026,Municipal,Mais Informações,Seleção,OGU,MEC,2026-03-01,BAGÉ
2026-03-01,7207,RS,Bagé,Quadra e/ou Cobertura de Quadra,"Educação, Ciência e Tecnologia",Educação Básica,Pacto Nacional pela Retomada das Obras da Educação,Obra,Em execução,386363.8,72.07,2023,Municipal,Mais Informações,Planejamento Setorial,OGU,MEC,2026-03-01,BAGÉ
2026-03-01,9193,RS,Bagé,Quadra e/ou Cobertura de Quadra,"Educação, Ciência e Tecnologia",Educação Básica,Pacto Nacional pela Retomada das Obras da Educação,Obra,Em ação preparatória,915859.46,9.62,2027,Municipal,Mais Informações,Planejamento Setorial,OGU,MEC,2026-03-01,BAGÉ
2026-03-01,8078,RS,Balneário Pinhal,Quadra e/ou Cobertura de Quadra,"Educação, Ciência e Tecnologia",Educação Básica,Pacto Nacional pela Retomada das Obras da Educação,Obra,Em execução,174946.22,66.17,2026,Municipal,Mais Informações,Planejamento Setorial,OGU,MEC,2026-03-01,BALNEÁRIO PINHAL
2026-03-01,17275,RS,Barão,Creche e/ou Escola de Educação Infantil,"Educação, Ciência e Tecnologia",Educação Básica,"Retomada e conclusão de obras - Creches, Escolas, Quadras e Cobertura de Quadras",Obra,Concluído,143623.84,100.0,2023,Municipal,Mais Informações,Planejamento Setorial,OGU,MEC,2026-03-01,BARÃO
2026-03-01,18744,RS,Barão do Triunfo,Creche e/ou Escola de Educação Infantil,"Educação, Ciência e Tecnologia",Educação Básica,Seleção 2023 - Creches e Escolas de Educação Infantil,Obra,Em licitação / Leilão,3547923.64,0.0,2026,Municipal,Mais Informações,Seleção,OGU,MEC,2026-03-01,BARÃO DO TRIUNFO
2026-03-01,18037,RS,Barra do Ribeiro,Creche e/ou Escola de Educação Infantil,"Educação, Ciência e Tecnologia",Educação Básica,Seleção 2023 - Creches e Escolas de Educação Infantil,Obra,Em execução,5890407.52,0.0,2026,Municipal,Mais Informações,Seleção,OGU,MEC,2026-03-01,BARRA DO RIBEIRO
2026-03-01,18328,RS,Barros Cassal,Creche e/ou Escola de Educação Infantil,"Educação, Ciência e Tecnologia",Educação Básica,Seleção 2023 - Creches e Escolas de Educação Infantil,Obra,Em execução,5890407.52,0.0,2026,Municipal,Mais Informações,Seleção,OGU,MEC,2026-03-01,BARROS CASSAL
2026-03-01,17978,RS,Bento Gonçalves,Creche e/ou Escola de Educação Infantil,"Educação, Ciência e Tecnologia",Educação Básica,Seleção 2023 - Creches e Escolas de Educação Infantil,Obra,Em execução,3547923.64,0.0,2026,Municipal,Mais Informações,Seleção,OGU,MEC,2026-03-01,BENTO GONÇALVES
2026-03-01,13178,RS,Boa Vista do Buricá,Creche e/ou Escola de Educação Infantil,"Educação, Ciência e Tecnologia",Educação Básica,"Retomada e conclusão de obras - Creches, Escolas, Quadras e Cobertura de Quadras",Obra,Concluído,453825.5,100.0,2024,Municipal,Mais Informações,Planejamento Setorial,OGU,MEC,2026-03-01,BOA VISTA DO BURICÁ
2026-03-01,13872,RS,Boa Vista do Incra,Quadra e/ou Cobertura de Quadra,"Educação, Ciência e Tecnologia",Educação Básica,"Retomada e conclusão de obras - Creches, Escolas, Quadras e Cobertura de Quadras",Obra,Concluído,363731.48,100.0,2025,Municipal,Mais Informações,Planejamento Setorial,OGU,MEC,2026-03-01,BOA VISTA DO INCRA
2026-03-01,8258,RS,Bom Jesus,Creche e/ou Escola de Educação Infantil,"Educação, Ciência e Tecnologia",Educação Básica,Pacto Nacional pela Retomada das Obras da Educação,Obra,Em execução,1490496.6,59.13,2026,Municipal,Mais Informações,Planejamento Setorial,OGU,MEC,2026-03-01,BOM JESUS
2026-03-01,12782,RS,Bom Progresso,Creche e/ou Escola de Educação Infantil,"Educação, Ciência e Tecnologia",Educação Básica,Pacto Nacional pela Retomada das Obras da Educação,Obra,Em execução,3584545.81,34.0,2026,Municipal,Mais Informações,Planejamento Setorial,OGU,MEC,2026-03-01,BOM PROGRESSO
2026-03-01,12052,RS,Bom Retiro do Sul,Quadra e/ou Cobertura de Quadra,"Educação, Ciência e Tecnologia",Educação Básica,Pacto Nacional pela Retomada das Obras da Educação,Obra,Concluído,138995.65,100.0,2024,Municipal,Mais Informações,Planejamento Setorial,OGU,MEC,2026-03-01,BOM RETIRO DO SUL
2026-03-01,18086,RS,Boqueirão do Leão,Creche e/ou Escola de Educação Infantil,"Educação, Ciência e Tecnologia",Educação Básica,Seleção 2023 - Creches e Escolas de Educação Infantil,Obra,Em execução,3547923.64,15.56,2026,Municipal,Mais Informações,Seleção,OGU,MEC,2026-03-01,BOQUEIRÃO DO LEÃO
2026-03-01,13358,RS,Braga,Escola de Ensino Fundamental,"Educação, Ciência e Tecnologia",Educação Básica,"Retomada e conclusão de obras - Creches, Escolas, Quadras e Cobertura de Quadras",Obra,Em execução,1359014.58,58.91,2026,Municipal,Mais Informações,Planejamento Setorial,OGU,MEC,2026-03-01,BRAGA
2026-03-01,18254,RS,Butiá,Creche e/ou Escola de Educação Infantil,"Educação, Ciência e Tecnologia",Educação Básica,Seleção 2023 - Creches e Escolas de Educação Infantil,Obra,Em licitação / Leilão,5890407.52,0.0,2026,Municipal,Mais Informações,Seleção,OGU,MEC,2026-03-01,BUTIÁ
2026-03-01,18255,RS,Butiá,Quadra e/ou Cobertura de Quadra,"Educação, Ciência e Tecnologia",Educação Básica,"Retomada e conclusão de obras - Creches, Escolas, Quadras e Cobertura de Quadras",Obra,Concluído,236184.97,100.0,2023,Estadual,Mais Informações,Planejamento Setorial,OGU,MEC,2026-03-01,BUTIÁ
2026-03-01,19455,RS,Caçapava do Sul,Creche e/ou Escola de Educação Infantil,"Educação, Ciência e Tecnologia",Educação Básica,Seleção 2025 - Creches e Escolas de Educação Infantil,Obra,Em ação preparatória,3599938.56,0.0,2026,Municipal,Mais Informações,Seleção,OGU,MEC,2026-03-01,CAÇAPAVA DO SUL
2026-03-01,15189,RS,Cachoeira do Sul,Creche e/ou Escola de Educação Infantil,"Educação, Ciência e Tecnologia",Educação Básica,Pacto Nacional pela Retomada das Obras da Educação,Obra,Em ação preparatória,1278635.71,26.75,2026,Municipal,Mais Informações,Planejamento Setorial,OGU,MEC,2026-03-01,CACHOEIRA DO SUL
2026-03-01,13974,RS,Cachoeira do Sul,Reforma de Escola,"Educação, Ciência e Tecnologia",Educação Básica,"Retomada e conclusão de obras - Creches, Escolas, Quadras e Cobertura de Quadras",Obra,Em ação preparatória,287500.1,8.58,2026,Estadual,Mais Informações,Planejamento Setorial,OGU,MEC,2026-03-01,CACHOEIRA DO SUL
2026-03-01,15201,RS,Cachoeirinha,Creche e/ou Escola de Educação Infantil,"Educação, Ciência e Tecnologia",Educação Básica,Pacto Nacional pela Retomada das Obras da Educação,Obra,Concluído,1234650.61,93.81,2024,Municipal,Mais Informações,Planejamento Setorial,OGU,MEC,2026-03-01,CACHOEIRINHA
2026-03-01,15772,RS,Cachoeirinha,Quadra e/ou Cobertura de Quadra,"Educação, Ciência e Tecnologia",Educação Básica,"Retomada e conclusão de obras - Creches, Escolas, Quadras e Cobertura de Quadras",Obra,Concluído,165159.14,0.0,2025,Estadual,Mais Informações,Planejamento Setorial,OGU,MEC,2026-03-01,CACHOEIRINHA
2026-03-01,15778,RS,Cachoeirinha,Quadra e/ou Cobertura de Quadra,"Educação, Ciência e Tecnologia",Educação Básica,Pacto Nacional pela Retomada das Obras da Educação,Obra,Em ação preparatória,198967.6,75.81,2026,Estadual,Mais Informações,Planejamento Setorial,OGU,MEC,2026-03-01,CACHOEIRINHA
2026-03-01,14233,RS,Caibaté,Creche e/ou Escola de Educação Infantil,"Educação, Ciência e Tecnologia",Educação Básica,"Retomada e conclusão de obras - Creches, Escolas, Quadras e Cobertura de Quadras",Obra,Em execução,3033296.83,90.01,2026,Municipal,Mais Informações,Planejamento Setorial,OGU,MEC,2026-03-01,CAIBATÉ
2026-03-01,10011,RS,Caiçara,Escola de Ensino Fundamental,"Educação, Ciência e Tecnologia",Educação Básica,Pacto Nacional pela Retomada das Obras da Educação,Obra,Em ação preparatória,788188.24,65.63,2026,Municipal,Mais Informações,Planejamento Setorial,OGU,MEC,2026-03-01,CAIÇARA
2026-03-01,19456,RS,Camaquã,Creche e/ou Escola de Educação Infantil,"Educação, Ciência e Tecnologia",Educação Básica,Seleção 2025 - Creches e Escolas de Educação Infantil,Obra,Em ação preparatória,3599938.56,0.0,2026,Municipal,Mais Informações,Seleção,OGU,MEC,2026-03-01,CAMAQUÃ
2026-03-01,17303,RS,Cambará do Sul,Creche e/ou Escola de Educação Infantil,"Educação, Ciência e Tecnologia",Educação Básica,"Retomada e conclusão de obras - Creches, Escolas, Quadras e Cobertura de Quadras",Obra,Concluído,515268.95,99.93,2023,Municipal,Mais Informações,Planejamento Setorial,OGU,MEC,2026-03-01,CAMBARÁ DO SUL
2026-03-01,17941,RS,Cambará do Sul,Creche e/ou Escola de Educação Infantil,"Educação, Ciência e Tecnologia",Educação Básica,Seleção 2023 - Creches e Escolas de Educação Infantil,Obra,Em execução,5890407.52,5.12,2026,Municipal,Mais Informações,Seleção,OGU,MEC,2026-03-01,CAMBARÁ DO SUL
2026-03-01,12532,RS,Campo Bom,Creche e/ou Escola de Educação Infantil,"Educação, Ciência e Tecnologia",Educação Básica,Pacto Nacional pela Retomada das Obras da Educação,Obra,Concluído,2457146.84,100.0,2024,Municipal,Mais Informações,Planejamento Setorial,OGU,MEC,2026-03-01,CAMPO BOM
2026-03-01,19457,RS,Campo Bom,Creche e/ou Escola de Educação Infantil,"Educação, Ciência e Tecnologia",Educação Básica,Seleção 2025 - Creches e Escolas de Educação Infantil,Obra,Em ação preparatória,3599938.56,0.0,2026,Municipal,Mais Informações,Seleção,OGU,MEC,2026-03-01,CAMPO BOM
2026-03-01,15596,RS,Candelária,Creche e/ou Escola de Educação Infantil,"Educação, Ciência e Tecnologia",Educação Básica,Pacto Nacional pela Retomada das Obras da Educação,Obra,Em execução,1475187.13,50.45,2026,Municipal,Mais Informações,Planejamento Setorial,OGU,MEC,2026-03-01,CANDELÁRIA
2026-03-01,19458,RS,Candelária,Creche e/ou Escola de Educação Infantil,"Educação, Ciência e Tecnologia",Educação Básica,Seleção 2025 - Creches e Escolas de Educação Infantil,Obra,Em ação preparatória,3599938.56,0.0,2026,Municipal,Mais Informações,Seleção,OGU,MEC,2026-03-01,CANDELÁRIA
2026-03-01,19459,RS,Canguçu,Creche e/ou Escola de Educação Infantil,"Educação, Ciência e Tecnologia",Educação Básica,Seleção 2025 - Creches e Escolas de Educação Infantil,Obra,Em ação preparatória,3599938.56,0.0,2026,Municipal,Mais Informações,Seleção,OGU,MEC,2026-03-01,CANGUÇU
2026-03-01,18010,RS,Canguçu,Quadra e/ou Cobertura de Quadra,"Educação, Ciência e Tecnologia",Educação Básica,"Retomada e conclusão de obras - Creches, Escolas, Quadras e Cobertura de Quadras",Obra,Concluído,43163.62,100.0,2023,Municipal,Mais Informações,Planejamento Setorial,OGU,MEC,2026-03-01,CANGUÇU
2026-03-01,15207,RS,Canoas,Creche e/ou Escola de Educação Infantil,"Educação, Ciência e Tecnologia",Educação Básica,"Retomada e conclusão de obras - Creches, Escolas, Quadras e Cobertura de Quadras",Obra,Concluído,375039.12,100.0,2025,Municipal,Mais Informações,Planejamento Setorial,OGU,MEC,2026-03-01,CANOAS
2026-03-01,17859,RS,Canoas,Creche e/ou Escola de Educação Infantil,"Educação, Ciência e Tecnologia",Educação Básica,Seleção 2023 - Creches e Escolas de Educação Infantil,Obra,Em execução,3547923.64,0.0,2026,Municipal,Mais Informações,Seleção,OGU,MEC,2026-03-01,CANOAS
2026-03-01,15968,RS,Canoas,Quadra e/ou Cobertura de Quadra,"Educação, Ciência e Tecnologia",Educação Básica,Pacto Nacional pela Retomada das Obras da Educação,Obra,Concluído,261094.46,100.0,2025,Estadual,Mais Informações,Planejamento Setorial,OGU,MEC,2026-03-01,CANOAS
2026-03-01,12412,RS,Capão da Canoa,Creche e/ou Escola de Educação Infantil,"Educação, Ciência e Tecnologia",Educação Básica,"Retomada e conclusão de obras - Creches, Escolas, Quadras e Cobertura de Quadras",Obra,Concluído,364968.81,100.0,2024,Municipal,Mais Informações,Planejamento Setorial,OGU,MEC,2026-03-01,CAPÃO DA CANOA
2026-03-01,12538,RS,Capão da Canoa,Escola de Ensino Fundamental,"Educação, Ciência e Tecnologia",Educação Básica,Pacto Nacional pela Retomada das Obras da Educação,Obra,Em execução,6038486.14,2.59,2026,Municipal,Mais Informações,Planejamento Setorial,OGU,MEC,2026-03-01,CAPÃO DA CANOA
2026-03-01,20159,RS,Capão da Canoa,Escola em Tempo Integral,"Educação, Ciência e Tecnologia",Educação Básica,Seleção 2023 - Escolas em Tempo Integral,Obra,Em licitação / Leilão,11955564.78,0.0,2026,Estadual,Mais Informações,Seleção,OGU,MEC,2026-03-01,CAPÃO DA CANOA
2026-03-01,8104,RS,Capão do Leão,Creche e/ou Escola de Educação Infantil,"Educação, Ciência e Tecnologia",Educação Básica,Pacto Nacional pela Retomada das Obras da Educação,Obra,Em ação preparatória,3061837.02,0.0,2026,Municipal,Mais Informações,Planejamento Setorial,OGU,MEC,2026-03-01,CAPÃO DO LEÃO
2026-03-01,11020,RS,Capão do Leão,Quadra e/ou Cobertura de Quadra,"Educação, Ciência e Tecnologia",Educação Básica,Pacto Nacional pela Retomada das Obras da Educação,Obra,Em ação preparatória,408010.12,17.3,2027,Municipal,Mais Informações,Planejamento Setorial,OGU,MEC,2026-03-01,CAPÃO DO LEÃO
2026-03-01,20321,RS,Capela de Santana,Escola em Tempo Integral,"Educação, Ciência e Tecnologia",Educação Básica,Seleção 2023 - Escolas em Tempo Integral,Obra,Em licitação / Leilão,11955564.78,0.0,2026,Estadual,Mais Informações,Seleção,OGU,MEC,2026-03-01,CAPELA DE SANTANA
2026-03-01,17932,RS,Capela de Santana,Quadra e/ou Cobertura de Quadra,"Educação, Ciência e Tecnologia",Educação Básica,"Retomada e conclusão de obras - Creches, Escolas, Quadras e Cobertura de Quadras",Obra,Concluído,56470.07,99.94,2023,Municipal,Mais Informações,Planejamento Setorial,OGU,MEC,2026-03-01,CAPELA DE SANTANA
2026-03-01,12600,RS,Capitão,Quadra e/ou Cobertura de Quadra,"Educação, Ciência e Tecnologia",Educação Básica,"Retomada e conclusão de obras - Creches, Escolas, Quadras e Cobertura de Quadras",Obra,Concluído,195868.78,100.0,2024,Municipal,Mais Informações,Planejamento Setorial,OGU,MEC,2026-03-01,CAPITÃO
2026-03-01,17913,RS,Casca,Escola de Ensino Fundamental,"Educação, Ciência e Tecnologia",Educação Básica,"Retomada e conclusão de obras - Creches, Escolas, Quadras e Cobertura de Quadras",Obra,Concluído,496093.62,100.0,2023,Municipal,Mais Informações,Planejamento Setorial,OGU,MEC,2026-03-01,CASCA
2026-03-01,17617,RS,Caxias do Sul,Creche e/ou Escola de Educação Infantil,"Educação, Ciência e Tecnologia",Educação Básica,Seleção 2023 - Creches e Escolas de Educação Infantil,Obra,Em execução,5890407.52,3.22,2026,Municipal,Mais Informações,Seleção,OGU,MEC,2026-03-01,CAXIAS DO SUL
2026-03-01,17536,RS,Cerro Grande,Creche e/ou Escola de Educação Infantil,"Educação, Ciência e Tecnologia",Educação Básica,Seleção 2023 - Creches e Escolas de Educação Infantil,Obra,Em execução,3547923.64,42.26,2026,Municipal,Mais Informações,Seleção,OGU,MEC,2026-03-01,CERRO GRANDE
2026-03-01,11474,RS,Charqueadas,Creche e/ou Escola de Educação Infantil,"Educação, Ciência e Tecnologia",Educação Básica,Pacto Nacional pela Retomada das Obras da Educação,Obra,Em execução,725935.95,98.64,2026,Municipal,Mais Informações,Planejamento Setorial,OGU,MEC,2026-03-01,CHARQUEADAS
2026-03-01,19460,RS,Charqueadas,Creche e/ou Escola de Educação Infantil,"Educação, Ciência e Tecnologia",Educação Básica,Seleção 2025 - Creches e Escolas de Educação Infantil,Obra,Em ação preparatória,3599938.56,0.0,2026,Municipal,Mais Informações,Seleção,OGU,MEC,2026-03-01,CHARQUEADAS
2026-03-01,11242,RS,Charqueadas,Escola de Ensino Fundamental,"Educação, Ciência e Tecnologia",Educação Básica,"Retomada e conclusão de obras - Creches, Escolas, Quadras e Cobertura de Quadras",Obra,Em execução,1725637.09,93.64,2026,Municipal,Mais Informações,Planejamento Setorial,OGU,MEC,2026-03-01,CHARQUEADAS
2026-03-01,11282,RS,Cidreira,Creche e/ou Escola de Educação Infantil,"Educação, Ciência e Tecnologia",Educação Básica,Pacto Nacional pela Retomada das Obras da Educação,Obra,Em ação preparatória,938948.73,9.4,2027,Municipal,Mais Informações,Planejamento Setorial,OGU,MEC,2026-03-01,CIDREIRA
2026-03-01,1239,RS,Coronel Bicaco,Ampliação de Escola,"Educação, Ciência e Tecnologia",Educação Básica,"Retomada e conclusão de obras - Creches, Escolas, Quadras e Cobertura de Quadras",Obra,Em execução,327649.7,52.28,2026,Municipal,Mais Informações,Planejamento Setorial,OGU,MEC,2026-03-01,CORONEL BICACO
2026-03-01,8112,RS,Coronel Bicaco,Quadra e/ou Cobertura de Quadra,"Educação, Ciência e Tecnologia",Educação Básica,Pacto Nacional pela Retomada das Obras da Educação,Obra,Em execução,110207.27,80.0,2027,Municipal,Mais Informações,Planejamento Setorial,OGU,MEC,2026-03-01,CORONEL BICACO
2026-03-01,18350,RS,Cristal do Sul,Creche e/ou Escola de Educação Infantil,"Educação, Ciência e Tecnologia",Educação Básica,Seleção 2023 - Creches e Escolas de Educação Infantil,Obra,Em execução,3547923.64,0.0,2026,Municipal,Mais Informações,Seleção,OGU,MEC,2026-03-01,CRISTAL DO SUL
2026-03-01,7299,RS,Cruz Alta,Creche e/ou Escola de Educação Infantil,"Educação, Ciência e Tecnologia",Educação Básica,Pacto Nacional pela Retomada das Obras da Educação,Obra,Em ação preparatória,2356020.15,53.89,2025,Municipal,Mais Informações,Planejamento Setorial,OGU,MEC,2026-03-01,CRUZ ALTA
2026-03-01,19461,RS,Cruz Alta,Creche e/ou Escola de Educação Infantil,"Educação, Ciência e Tecnologia",Educação Básica,Seleção 2025 - Creches e Escolas de Educação Infantil,Obra,Em licitação / Leilão,3599938.56,0.0,2026,Municipal,Mais Informações,Seleção,OGU,MEC,2026-03-01,CRUZ ALTA
2026-03-01,12326,RS,Dois Irmãos das Missões,Creche e/ou Escola de Educação Infantil,"Educação, Ciência e Tecnologia",Educação Básica,"Retomada e conclusão de obras - Creches, Escolas, Quadras e Cobertura de Quadras",Obra,Em execução,981951.77,94.83,2026,Municipal,Mais Informações,Planejamento Setorial,OGU,MEC,2026-03-01,DOIS IRMÃOS DAS MISSÕES
2026-03-01,1219,RS,Dom Feliciano,Ampliação de Escola,"Educação, Ciência e Tecnologia",Educação Básica,"Retomada e conclusão de obras - Creches, Escolas, Quadras e Cobertura de Quadras",Obra,Em ação preparatória,229999.5,0.0,2026,Municipal,Mais Informações,Planejamento Setorial,OGU,MEC,2026-03-01,DOM FELICIANO
2026-03-01,19462,RS,Dom Pedrito,Creche e/ou Escola de Educação Infantil,"Educação, Ciência e Tecnologia",Educação Básica,Seleção 2025 - Creches e Escolas de Educação Infantil,Obra,Em ação preparatória,3599938.56,0.0,2026,Municipal,Mais Informações,Seleção,OGU,MEC,2026-03-01,DOM PEDRITO
2026-03-01,17283,RS,Dom Pedro de Alcântara,Creche e/ou Escola de Educação Infantil,"Educação, Ciência e Tecnologia",Educação Básica,"Retomada e conclusão de obras - Creches, Escolas, Quadras e Cobertura de Quadras",Obra,Concluído,119677.57,100.0,2023,Municipal,Mais Informações,Planejamento Setorial,OGU,MEC,2026-03-01,DOM PEDRO DE ALCÂNTARA
2026-03-01,1229,RS,Encantado,Ampliação de Escola,"Educação, Ciência e Tecnologia",Educação Básica,"Retomada e conclusão de obras - Creches, Escolas, Quadras e Cobertura de Quadras",Obra,Concluído,626055.67,100.0,2025,Municipal,Mais Informações,Planejamento Setorial,OGU,MEC,2026-03-01,ENCANTADO
2026-03-01,1237,RS,Encantado,Ampliação de Escola,"Educação, Ciência e Tecnologia",Educação Básica,"Retomada e conclusão de obras - Creches, Escolas, Quadras e Cobertura de Quadras",Obra,Concluído,647716.2,100.0,2025,Municipal,Mais Informações,Planejamento Setorial,OGU,MEC,2026-03-01,ENCANTADO
2026-03-01,13506,RS,Encantado,Creche e/ou Escola de Educação Infantil,"Educação, Ciência e Tecnologia",Educação Básica,"Retomada e conclusão de obras - Creches, Escolas, Quadras e Cobertura de Quadras",Obra,Concluído,866605.49,100.0,2025,Municipal,Mais Informações,Planejamento Setorial,OGU,MEC,2026-03-01,ENCANTADO
2026-03-01,18748,RS,Encruzilhada do Sul,Creche e/ou Escola de Educação Infantil,"Educação, Ciência e Tecnologia",Educação Básica,Seleção 2023 - Creches e Escolas de Educação Infantil,Obra,Em licitação / Leilão,3547923.64,0.0,2026,Municipal,Mais Informações,Seleção,OGU,MEC,2026-03-01,ENCRUZILHADA DO SUL
2026-03-01,8340,RS,Encruzilhada do Sul,Quadra e/ou Cobertura de Quadra,"Educação, Ciência e Tecnologia",Educação Básica,"Retomada e conclusão de obras - Creches, Escolas, Quadras e Cobertura de Quadras",Obra,Concluído,127500.0,100.0,2025,Municipal,Mais Informações,Planejamento Setorial,OGU,MEC,2026-03-01,ENCRUZILHADA DO SUL
2026-03-01,8342,RS,Encruzilhada do Sul,Quadra e/ou Cobertura de Quadra,"Educação, Ciência e Tecnologia",Educação Básica,"Retomada e conclusão de obras - Creches, Escolas, Quadras e Cobertura de Quadras",Obra,Em execução,443699.88,78.8,2026,Municipal,Mais Informações,Planejamento Setorial,OGU,MEC,2026-03-01,ENCRUZILHADA DO SUL
2026-03-01,17285,RS,Entre-Ijuís,Creche e/ou Escola de Educação Infantil,"Educação, Ciência e Tecnologia",Educação Básica,"Retomada e conclusão de obras - Creches, Escolas, Quadras e Cobertura de Quadras",Obra,Concluído,156207.02,93.49,2023,Municipal,Mais Informações,Planejamento Setorial,OGU,MEC,2026-03-01,ENTRE-IJUÍS
2026-03-01,17435,RS,Erechim,Creche e/ou Escola de Educação Infantil,"Educação, Ciência e Tecnologia",Educação Básica,"Retomada e conclusão de obras - Creches, Escolas, Quadras e Cobertura de Quadras",Obra,Concluído,902448.8,100.0,2023,Municipal,Mais Informações,Planejamento Setorial,OGU,MEC,2026-03-01,ERECHIM
2026-03-01,8766,RS,Erval Grande,Escola de Ensino Fundamental,"Educação, Ciência e Tecnologia",Educação Básica,Pacto Nacional pela Retomada das Obras da Educação,Obra,Concluído,605958.82,100.0,2024,Municipal,Mais Informações,Planejamento Setorial,OGU,MEC,2026-03-01,ERVAL GRANDE
2026-03-01,11434,RS,Erval Seco,Creche e/ou Escola de Educação Infantil,"Educação, Ciência e Tecnologia",Educação Básica,Pacto Nacional pela Retomada das Obras da Educação,Obra,Em ação preparatória,1772765.23,20.0,2027,Municipal,Mais Informações,Planejamento Setorial,OGU,MEC,2026-03-01,ERVAL SECO
2026-03-01,1197,RS,Esperança do Sul,Ampliação de Escola,"Educação, Ciência e Tecnologia",Educação Básica,"Retomada e conclusão de obras - Creches, Escolas, Quadras e Cobertura de Quadras",Obra,Concluído,170529.32,96.54,2025,Municipal,Mais Informações,Planejamento Setorial,OGU,MEC,2026-03-01,ESPERANÇA DO SUL
2026-03-01,16315,RS,Estância Velha,Quadra e/ou Cobertura de Quadra,"Educação, Ciência e Tecnologia",Educação Básica,Pacto Nacional pela Retomada das Obras da Educação,Obra,Concluído,127372.73,98.64,2025,Municipal,Mais Informações,Planejamento Setorial,OGU,MEC,2026-03-01,ESTÂNCIA VELHA
2026-03-01,18130,RS,Esteio,Creche e/ou Escola de Educação Infantil,"Educação, Ciência e Tecnologia",Educação Básica,Seleção 2023 - Creches e Escolas de Educação Infantil,Obra,Em execução,5890407.52,0.0,2026,Municipal,Mais Informações,Seleção,OGU,MEC,2026-03-01,ESTEIO
2026-03-01,17247,RS,Estrela,Creche e/ou Escola de Educação Infantil,"Educação, Ciência e Tecnologia",Educação Básica,"Retomada e conclusão de obras - Creches, Escolas, Quadras e Cobertura de Quadras",Obra,Em ação preparatória,4388843.35,0.0,2026,Municipal,Mais Informações,Planejamento Setorial,OGU,MEC,2026-03-01,ESTRELA
2026-03-01,17249,RS,Estrela,Creche e/ou Escola de Educação Infantil,"Educação, Ciência e Tecnologia",Educação Básica,"Retomada e conclusão de obras - Creches, Escolas, Quadras e Cobertura de Quadras",Obra,Em ação preparatória,4388843.35,0.0,2026,Municipal,Mais Informações,Planejamento Setorial,OGU,MEC,2026-03-01,ESTRELA
2026-03-01,17251,RS,Estrela,Creche e/ou Escola de Educação Infantil,"Educação, Ciência e Tecnologia",Educação Básica,"Retomada e conclusão de obras - Creches, Escolas, Quadras e Cobertura de Quadras",Obra,Em ação preparatória,4388843.35,0.0,2026,Municipal,Mais Informações,Planejamento Setorial,OGU,MEC,2026-03-01,ESTRELA
2026-03-01,17695,RS,Estrela,Escola de Ensino Fundamental,"Educação, Ciência e Tecnologia",Educação Básica,"Retomada e conclusão de obras - Creches, Escolas, Quadras e Cobertura de Quadras",Obra,Em ação preparatória,8244621.72,0.0,2026,Municipal,Mais Informações,Planejamento Setorial,OGU,MEC,2026-03-01,ESTRELA
2026-03-01,9545,RS,Farroupilha,Creche e/ou Escola de Educação Infantil,"Educação, Ciência e Tecnologia",Educação Básica,"Retomada e conclusão de obras - Creches, Escolas, Quadras e Cobertura de Quadras",Obra,Em ação preparatória,525206.99,38.05,2026,Municipal,Mais Informações,Planejamento Setorial,OGU,MEC,2026-03-01,FARROUPILHA
2026-03-01,10714,RS,Farroupilha,Creche e/ou Escola de Educação Infantil,"Educação, Ciência e Tecnologia",Educação Básica,"Retomada e conclusão de obras - Creches, Escolas, Quadras e Cobertura de Quadras",Obra,Concluído,228203.07,100.0,2024,Municipal,Mais Informações,Planejamento Setorial,OGU,MEC,2026-03-01,FARROUPILHA
2026-03-01,19463,RS,Farroupilha,Creche e/ou Escola de Educação Infantil,"Educação, Ciência e Tecnologia",Educação Básica,Seleção 2025 - Creches e Escolas de Educação Infantil,Obra,Em ação preparatória,3599938.56,0.0,2026,Municipal,Mais Informações,Seleção,OGU,MEC,2026-03-01,FARROUPILHA
2026-03-01,13692,RS,Farroupilha,Reforma de Escola,"Educação, Ciência e Tecnologia",Educação Básica,"Retomada e conclusão de obras - Creches, Escolas, Quadras e Cobertura de Quadras",Obra,Concluído,137081.67,95.76,2024,Municipal,Mais Informações,Planejamento Setorial,OGU,MEC,2026-03-01,FARROUPILHA
2026-03-01,17727,RS,Farroupilha,Reforma de Escola,"Educação, Ciência e Tecnologia",Educação Básica,"Retomada e conclusão de obras - Creches, Escolas, Quadras e Cobertura de Quadras",Obra,Concluído,25871.0,93.12,2023,Municipal,Mais Informações,Planejamento Setorial,OGU,MEC,2026-03-01,FARROUPILHA
2026-03-01,1093,RS,Faxinal do Soturno,Ampliação de Escola,"Educação, Ciência e Tecnologia",Educação Básica,Pacto Nacional pela Retomada das Obras da Educação,Obra,Em execução,523475.55,73.14,2026,Municipal,Mais Informações,Planejamento Setorial,OGU,MEC,2026-03-01,FAXINAL DO SOTURNO
2026-03-01,14401,RS,Fontoura Xavier,Quadra e/ou Cobertura de Quadra,"Educação, Ciência e Tecnologia",Educação Básica,"Retomada e conclusão de obras - Creches, Escolas, Quadras e Cobertura de Quadras",Obra,Em execução,1106336.55,50.86,2026,Municipal,Mais Informações,Planejamento Setorial,OGU,MEC,2026-03-01,FONTOURA XAVIER
2026-03-01,7823,RS,Garibaldi,Quadra e/ou Cobertura de Quadra,"Educação, Ciência e Tecnologia",Educação Básica,"Retomada e conclusão de obras - Creches, Escolas, Quadras e Cobertura de Quadras",Obra,Em ação preparatória,219265.6,83.89,2026,Municipal,Mais Informações,Planejamento Setorial,OGU,MEC,2026-03-01,GARIBALDI
2026-03-01,14875,RS,Garruchos,Creche e/ou Escola de Educação Infantil,"Educação, Ciência e Tecnologia",Educação Básica,Pacto Nacional pela Retomada das Obras da Educação,Obra,Em ação preparatória,359513.37,75.31,2027,Municipal,Mais Informações,Planejamento Setorial,OGU,MEC,2026-03-01,GARRUCHOS
2026-03-01,10049,RS,Gravataí,Creche e/ou Escola de Educação Infantil,"Educação, Ciência e Tecnologia",Educação Básica,"Retomada e conclusão de obras - Creches, Escolas, Quadras e Cobertura de Quadras",Obra,Concluído,806079.74,100.0,2025,Municipal,Mais Informações,Planejamento Setorial,OGU,MEC,2026-03-01,GRAVATAÍ
2026-03-01,10121,RS,Gravataí,Creche e/ou Escola de Educação Infantil,"Educação, Ciência e Tecnologia",Educação Básica,"Retomada e conclusão de obras - Creches, Escolas, Quadras e Cobertura de Quadras",Obra,Concluído,299192.85,99.6,2024,Municipal,Mais Informações,Planejamento Setorial,OGU,MEC,2026-03-01,GRAVATAÍ
2026-03-01,14867,RS,Gravataí,Creche e/ou Escola de Educação Infantil,"Educação, Ciência e Tecnologia",Educação Básica,Pacto Nacional pela Retomada das Obras da Educação,Obra,Concluído,223939.56,100.0,2024,Municipal,Mais Informações,Planejamento Setorial,OGU,MEC,2026-03-01,GRAVATAÍ
2026-03-01,17337,RS,Gravataí,Creche e/ou Escola de Educação Infantil,"Educação, Ciência e Tecnologia",Educação Básica,"Retomada e conclusão de obras - Creches, Escolas, Quadras e Cobertura de Quadras",Obra,Concluído,435190.36,99.01,2023,Municipal,Mais Informações,Planejamento Setorial,OGU,MEC,2026-03-01,GRAVATAÍ
2026-03-01,19932,RS,Gravataí,Escola em Tempo Integral,"Educação, Ciência e Tecnologia",Educação Básica,Seleção 2023 - Escolas em Tempo Integral,Obra,Em execução,11955564.78,0.0,2026,Municipal,Mais Informações,Seleção,OGU,MEC,2026-03-01,GRAVATAÍ
2026-03-01,20285,RS,Gravataí,Escola em Tempo Integral,"Educação, Ciência e Tecnologia",Educação Básica,Seleção 2023 - Escolas em Tempo Integral,Obra,Em licitação / Leilão,11955564.78,0.0,2026,Estadual,Mais Informações,Seleção,OGU,MEC,2026-03-01,GRAVATAÍ
2026-03-01,15193,RS,Guaíba,Creche e/ou Escola de Educação Infantil,"Educação, Ciência e Tecnologia",Educação Básica,Pacto Nacional pela Retomada das Obras da Educação,Obra,Em ação preparatória,1660623.84,53.42,2026,Municipal,Mais Informações,Planejamento Setorial,OGU,MEC,2026-03-01,GUAÍBA
2026-03-01,15195,RS,Guaíba,Creche e/ou Escola de Educação Infantil,"Educação, Ciência e Tecnologia",Educação Básica,Pacto Nacional pela Retomada das Obras da Educação,Obra,Em ação preparatória,1615397.96,56.44,2026,Municipal,Mais Informações,Planejamento Setorial,OGU,MEC,2026-03-01,GUAÍBA
2026-03-01,10397,RS,Guaíba,Quadra e/ou Cobertura de Quadra,"Educação, Ciência e Tecnologia",Educação Básica,"Retomada e conclusão de obras - Creches, Escolas, Quadras e Cobertura de Quadras",Obra,Em ação preparatória,341699.88,61.94,2026,Municipal,Mais Informações,Planejamento Setorial,OGU,MEC,2026-03-01,GUAÍBA
2026-03-01,1187,RS,Guaporé,Ampliação de Escola,"Educação, Ciência e Tecnologia",Educação Básica,"Retomada e conclusão de obras - Creches, Escolas, Quadras e Cobertura de Quadras",Obra,Em ação preparatória,287127.94,0.0,2026,Municipal,Mais Informações,Planejamento Setorial,OGU,MEC,2026-03-01,GUAPORÉ
2026-03-01,12784,RS,Humaitá,Creche e/ou Escola de Educação Infantil,"Educação, Ciência e Tecnologia",Educação Básica,"Retomada e conclusão de obras - Creches, Escolas, Quadras e Cobertura de Quadras",Obra,Concluído,263774.07,100.0,2023,Municipal,Mais Informações,Planejamento Setorial,OGU,MEC,2026-03-01,HUMAITÁ
2026-03-01,10684,RS,Ibarama,Escola de Ensino Fundamental,"Educação, Ciência e Tecnologia",Educação Básica,Pacto Nacional pela Retomada das Obras da Educação,Obra,Concluído,148335.62,100.0,2023,Municipal,Mais Informações,Planejamento Setorial,OGU,MEC,2026-03-01,IBARAMA
2026-03-01,1191,RS,Ibiaçá,Ampliação de Escola,"Educação, Ciência e Tecnologia",Educação Básica,"Retomada e conclusão de obras - Creches, Escolas, Quadras e Cobertura de Quadras",Obra,Concluído,124144.19,90.59,2025,Municipal,Mais Informações,Planejamento Setorial,OGU,MEC,2026-03-01,IBIAÇÁ
2026-03-01,12434,RS,Ibiraiaras,Creche e/ou Escola de Educação Infantil,"Educação, Ciência e Tecnologia",Educação Básica,"Retomada e conclusão de obras - Creches, Escolas, Quadras e Cobertura de Quadras",Obra,Concluído,1192231.48,100.0,2025,Municipal,Mais Informações,Planejamento Setorial,OGU,MEC,2026-03-01,IBIRAIARAS
2026-03-01,17425,RS,Ijuí,Creche e/ou Escola de Educação Infantil,"Educação, Ciência e Tecnologia",Educação Básica,"Retomada e conclusão de obras - Creches, Escolas, Quadras e Cobertura de Quadras",Obra,Concluído,370247.19,100.0,2023,Municipal,Mais Informações,Planejamento Setorial,OGU,MEC,2026-03-01,IJUÍ
2026-03-01,11626,RS,Imbé,Escola de Ensino Fundamental,"Educação, Ciência e Tecnologia",Educação Básica,Pacto Nacional pela Retomada das Obras da Educação,Obra,Concluído,1723381.24,100.0,2024,Municipal,Mais Informações,Planejamento Setorial,OGU,MEC,2026-03-01,IMBÉ
2026-03-01,19178,RS,Itaara,Creche e/ou Escola de Educação Infantil,"Educação, Ciência e Tecnologia",Educação Básica,Seleção 2025 - Creches e Escolas de Educação Infantil,Obra,Em ação preparatória,3599938.56,0.0,2026,Municipal,Mais Informações,Seleção,OGU,MEC,2026-03-01,ITAARA
2026-03-01,14968,RS,Itaqui,Creche e/ou Escola de Educação Infantil,"Educação, Ciência e Tecnologia",Educação Básica,Pacto Nacional pela Retomada das Obras da Educação,Obra,Em execução,140980.15,69.52,2025,Municipal,Mais Informações,Planejamento Setorial,OGU,MEC,2026-03-01,ITAQUI
2026-03-01,18077,RS,Itati,Creche e/ou Escola de Educação Infantil,"Educação, Ciência e Tecnologia",Educação Básica,Seleção 2023 - Creches e Escolas de Educação Infantil,Obra,Em execução,3547923.64,9.07,2026,Municipal,Mais Informações,Seleção,OGU,MEC,2026-03-01,ITATI
2026-03-01,1243,RS,Ivoti,Ampliação de Escola,"Educação, Ciência e Tecnologia",Educação Básica,"Retomada e conclusão de obras - Creches, Escolas, Quadras e Cobertura de Quadras",Obra,Concluído,13844.0,100.0,2023,Municipal,Mais Informações,Planejamento Setorial,OGU,MEC,2026-03-01,IVOTI
2026-03-01,17743,RS,Ivoti,Quadra e/ou Cobertura de Quadra,"Educação, Ciência e Tecnologia",Educação Básica,"Retomada e conclusão de obras - Creches, Escolas, Quadras e Cobertura de Quadras",Obra,Concluído,734.03,100.0,2023,Municipal,Mais Informações,Planejamento Setorial,OGU,MEC,2026-03-01,IVOTI
2026-03-01,19464,RS,Lagoa Vermelha,Creche e/ou Escola de Educação Infantil,"Educação, Ciência e Tecnologia",Educação Básica,Seleção 2025 - Creches e Escolas de Educação Infantil,Obra,Em ação preparatória,3599938.56,0.0,2026,Municipal,Mais Informações,Seleção,OGU,MEC,2026-03-01,LAGOA VERMELHA
2026-03-01,1227,RS,Lajeado,Ampliação de Escola,"Educação, Ciência e Tecnologia",Educação Básica,"Retomada e conclusão de obras - Creches, Escolas, Quadras e Cobertura de Quadras",Obra,Em execução,620415.97,0.0,2026,Municipal,Mais Informações,Planejamento Setorial,OGU,MEC,2026-03-01,LAJEADO
2026-03-01,18714,RS,Lajeado,Creche e/ou Escola de Educação Infantil,"Educação, Ciência e Tecnologia",Educação Básica,Seleção 2023 - Creches e Escolas de Educação Infantil,Obra,Em execução,5890407.52,4.41,2026,Municipal,Mais Informações,Seleção,OGU,MEC,2026-03-01,LAJEADO
2026-03-01,18844,RS,Lajeado do Bugre,Creche e/ou Escola de Educação Infantil,"Educação, Ciência e Tecnologia",Educação Básica,Seleção 2023 - Creches e Escolas de Educação Infantil,Obra,Em execução,3547923.64,39.99,2026,Municipal,Mais Informações,Seleção,OGU,MEC,2026-03-01,LAJEADO DO BUGRE
2026-03-01,9986,RS,Lajeado do Bugre,Escola de Ensino Fundamental,"Educação, Ciência e Tecnologia",Educação Básica,Pacto Nacional pela Retomada das Obras da Educação,Obra,Concluído,245214.84,100.0,2026,Municipal,Mais Informações,Planejamento Setorial,OGU,MEC,2026-03-01,LAJEADO DO BUGRE
2026-03-01,10716,RS,Maçambará,Creche e/ou Escola de Educação Infantil,"Educação, Ciência e Tecnologia",Educação Básica,"Retomada e conclusão de obras - Creches, Escolas, Quadras e Cobertura de Quadras",Obra,Concluído,239354.28,100.0,2024,Municipal,Mais Informações,Planejamento Setorial,OGU,MEC,2026-03-01,MAÇAMBARÁ
2026-03-01,1203,RS,Manoel Viana,Ampliação de Escola,"Educação, Ciência e Tecnologia",Educação Básica,"Retomada e conclusão de obras - Creches, Escolas, Quadras e Cobertura de Quadras",Obra,Concluído,82417.42,100.0,2025,Municipal,Mais Informações,Planejamento Setorial,OGU,MEC,2026-03-01,MANOEL VIANA
2026-03-01,17544,RS,Maquiné,Creche e/ou Escola de Educação Infantil,"Educação, Ciência e Tecnologia",Educação Básica,Seleção 2023 - Creches e Escolas de Educação Infantil,Obra,Em execução,5890407.52,5.8,2026,Municipal,Mais Informações,Seleção,OGU,MEC,2026-03-01,MAQUINÉ
2026-03-01,18019,RS,Maratá,Creche e/ou Escola de Educação Infantil,"Educação, Ciência e Tecnologia",Educação Básica,Seleção 2023 - Creches e Escolas de Educação Infantil,Obra,Em execução,5890407.52,9.95,2026,Municipal,Mais Informações,Seleção,OGU,MEC,2026-03-01,MARATÁ
2026-03-01,10808,RS,Mariana Pimentel,Quadra e/ou Cobertura de Quadra,"Educação, Ciência e Tecnologia",Educação Básica,"Retomada e conclusão de obras - Creches, Escolas, Quadras e Cobertura de Quadras",Obra,Concluído,331470.35,100.0,2024,Municipal,Mais Informações,Planejamento Setorial,OGU,MEC,2026-03-01,MARIANA PIMENTEL
2026-03-01,13554,RS,Mato Queimado,Quadra e/ou Cobertura de Quadra,"Educação, Ciência e Tecnologia",Educação Básica,"Retomada e conclusão de obras - Creches, Escolas, Quadras e Cobertura de Quadras",Obra,Concluído,220803.85,100.0,2025,Municipal,Mais Informações,Planejamento Setorial,OGU,MEC,2026-03-01,MATO QUEIMADO
2026-03-01,9547,RS,Montenegro,Creche e/ou Escola de Educação Infantil,"Educação, Ciência e Tecnologia",Educação Básica,"Retomada e conclusão de obras - Creches, Escolas, Quadras e Cobertura de Quadras",Obra,Concluído,610403.66,100.0,2025,Municipal,Mais Informações,Planejamento Setorial,OGU,MEC,2026-03-01,MONTENEGRO
2026-03-01,17968,RS,Montenegro,Creche e/ou Escola de Educação Infantil,"Educação, Ciência e Tecnologia",Educação Básica,Seleção 2023 - Creches e Escolas de Educação Infantil,Obra,Em licitação / Leilão,5890407.52,0.0,2026,Municipal,Mais Informações,Seleção,OGU,MEC,2026-03-01,MONTENEGRO
2026-03-01,7211,RS,Morrinhos do Sul,Quadra e/ou Cobertura de Quadra,"Educação, Ciência e Tecnologia",Educação Básica,Pacto Nacional pela Retomada das Obras da Educação,Obra,Em ação preparatória,383327.16,91.29,2025,Municipal,Mais Informações,Planejamento Setorial,OGU,MEC,2026-03-01,MORRINHOS DO SUL
2026-03-01,17870,RS,Mostardas,Escola de Ensino Fundamental,"Educação, Ciência e Tecnologia",Educação Básica,"Retomada e conclusão de obras - Creches, Escolas, Quadras e Cobertura de Quadras",Obra,Concluído,101991.88,100.0,2023,Municipal,Mais Informações,Planejamento Setorial,OGU,MEC,2026-03-01,MOSTARDAS
2026-03-01,17721,RS,Muliterno,Escola de Ensino Fundamental,"Educação, Ciência e Tecnologia",Educação Básica,"Retomada e conclusão de obras - Creches, Escolas, Quadras e Cobertura de Quadras",Obra,Em licitação / Leilão,266523.68,0.0,2026,Municipal,Mais Informações,Planejamento Setorial,OGU,MEC,2026-03-01,MULITERNO
2026-03-01,8256,RS,Nova Hartz,Creche e/ou Escola de Educação Infantil,"Educação, Ciência e Tecnologia",Educação Básica,Pacto Nacional pela Retomada das Obras da Educação,Obra,Em execução,2445958.7,24.98,2026,Municipal,Mais Informações,Planejamento Setorial,OGU,MEC,2026-03-01,NOVA HARTZ
2026-03-01,1095,RS,Nova Palma,Ampliação de Escola,"Educação, Ciência e Tecnologia",Educação Básica,Pacto Nacional pela Retomada das Obras da Educação,Obra,Em execução,911037.87,78.31,2024,Municipal,Mais Informações,Planejamento Setorial,OGU,MEC,2026-03-01,NOVA PALMA
2026-03-01,1207,RS,Nova Ramada,Ampliação de Escola,"Educação, Ciência e Tecnologia",Educação Básica,"Retomada e conclusão de obras - Creches, Escolas, Quadras e Cobertura de Quadras",Obra,Concluído,212500.01,100.0,2025,Municipal,Mais Informações,Planejamento Setorial,OGU,MEC,2026-03-01,NOVA RAMADA
2026-03-01,17643,RS,Nova Santa Rita,Creche e/ou Escola de Educação Infantil,"Educação, Ciência e Tecnologia",Educação Básica,Seleção 2023 - Creches e Escolas de Educação Infantil,Obra,Em licitação / Leilão,5890407.52,0.0,2026,Municipal,Mais Informações,Seleção,OGU,MEC,2026-03-01,NOVA SANTA RITA
2026-03-01,19179,RS,Nova Santa Rita,Creche e/ou Escola de Educação Infantil,"Educação, Ciência e Tecnologia",Educação Básica,Seleção 2025 - Creches e Escolas de Educação Infantil,Obra,Em ação preparatória,3599938.56,0.0,2026,Municipal,Mais Informações,Seleção,OGU,MEC,2026-03-01,NOVA SANTA RITA
2026-03-01,1231,RS,Novo Barreiro,Ampliação de Escola,"Educação, Ciência e Tecnologia",Educação Básica,"Retomada e conclusão de obras - Creches, Escolas, Quadras e Cobertura de Quadras",Obra,Concluído,287500.38,100.0,2025,Municipal,Mais Informações,Planejamento Setorial,OGU,MEC,2026-03-01,NOVO BARREIRO
2026-03-01,18866,RS,Novo Hamburgo,Creche e/ou Escola de Educação Infantil,"Educação, Ciência e Tecnologia",Educação Básica,Seleção 2023 - Creches e Escolas de Educação Infantil,Obra,Em execução,3547923.64,0.0,2026,Municipal,Mais Informações,Seleção,OGU,MEC,2026-03-01,NOVO HAMBURGO
2026-03-01,17538,RS,Novo Xingu,Creche e/ou Escola de Educação Infantil,"Educação, Ciência e Tecnologia",Educação Básica,Seleção 2023 - Creches e Escolas de Educação Infantil,Obra,Em execução,3547923.64,40.45,2026,Municipal,Mais Informações,Seleção,OGU,MEC,2026-03-01,NOVO XINGU
2026-03-01,17706,RS,Osório,Creche e/ou Escola de Educação Infantil,"Educação, Ciência e Tecnologia",Educação Básica,Seleção 2023 - Creches e Escolas de Educação Infantil,Obra,Em execução,3547923.64,17.5,2026,Municipal,Mais Informações,Seleção,OGU,MEC,2026-03-01,OSÓRIO
2026-03-01,19465,RS,Osório,Creche e/ou Escola de Educação Infantil,"Educação, Ciência e Tecnologia",Educação Básica,Seleção 2025 - Creches e Escolas de Educação Infantil,Obra,Em ação preparatória,3599938.56,0.0,2026,Municipal,Mais Informações,Seleção,OGU,MEC,2026-03-01,OSÓRIO
2026-03-01,7825,RS,Osório,Quadra e/ou Cobertura de Quadra,"Educação, Ciência e Tecnologia",Educação Básica,"Retomada e conclusão de obras - Creches, Escolas, Quadras e Cobertura de Quadras",Obra,Concluído,192574.61,98.42,2024,Municipal,Mais Informações,Planejamento Setorial,OGU,MEC,2026-03-01,OSÓRIO
2026-03-01,18530,RS,Palmeira das Missões,Creche e/ou Escola de Educação Infantil,"Educação, Ciência e Tecnologia",Educação Básica,Seleção 2023 - Creches e Escolas de Educação Infantil,Obra,Em execução,3547923.64,0.0,2026,Municipal,Mais Informações,Seleção,OGU,MEC,2026-03-01,PALMEIRA DAS MISSÕES
2026-03-01,18550,RS,Palmitinho,Creche e/ou Escola de Educação Infantil,"Educação, Ciência e Tecnologia",Educação Básica,Seleção 2023 - Creches e Escolas de Educação Infantil,Obra,Em execução,5890407.52,4.49,2026,Municipal,Mais Informações,Seleção,OGU,MEC,2026-03-01,PALMITINHO
2026-03-01,8376,RS,Pantano Grande,Creche e/ou Escola de Educação Infantil,"Educação, Ciência e Tecnologia",Educação Básica,"Retomada e conclusão de obras - Creches, Escolas, Quadras e Cobertura de Quadras",Obra,Concluído,538398.13,96.34,2023,Municipal,Mais Informações,Planejamento Setorial,OGU,MEC,2026-03-01,PANTANO GRANDE
2026-03-01,14367,RS,Pareci Novo,Escola de Ensino Fundamental,"Educação, Ciência e Tecnologia",Educação Básica,"Retomada e conclusão de obras - Creches, Escolas, Quadras e Cobertura de Quadras",Obra,Em ação preparatória,558622.83,47.26,2026,Municipal,Mais Informações,Planejamento Setorial,OGU,MEC,2026-03-01,PARECI NOVO
2026-03-01,7423,RS,Parobé,Creche e/ou Escola de Educação Infantil,"Educação, Ciência e Tecnologia",Educação Básica,"Retomada e conclusão de obras - Creches, Escolas, Quadras e Cobertura de Quadras",Obra,Concluído,576879.25,98.26,2024,Municipal,Mais Informações,Planejamento Setorial,OGU,MEC,2026-03-01,PAROBÉ
2026-03-01,7425,RS,Parobé,Creche e/ou Escola de Educação Infantil,"Educação, Ciência e Tecnologia",Educação Básica,Pacto Nacional pela Retomada das Obras da Educação,Obra,Em ação preparatória,2968924.98,14.91,2026,Municipal,Mais Informações,Planejamento Setorial,OGU,MEC,2026-03-01,PAROBÉ
2026-03-01,14092,RS,Parobé,Creche e/ou Escola de Educação Infantil,"Educação, Ciência e Tecnologia",Educação Básica,"Retomada e conclusão de obras - Creches, Escolas, Quadras e Cobertura de Quadras",Obra,Em execução,2385974.82,65.87,2026,Municipal,Mais Informações,Planejamento Setorial,OGU,MEC,2026-03-01,PAROBÉ
2026-03-01,11246,RS,Parobé,Escola de Ensino Fundamental,"Educação, Ciência e Tecnologia",Educação Básica,"Retomada e conclusão de obras - Creches, Escolas, Quadras e Cobertura de Quadras",Obra,Concluído,255488.99,100.0,2024,Municipal,Mais Informações,Planejamento Setorial,OGU,MEC,2026-03-01,PAROBÉ
2026-03-01,16316,RS,Parobé,Quadra e/ou Cobertura de Quadra,"Educação, Ciência e Tecnologia",Educação Básica,Pacto Nacional pela Retomada das Obras da Educação,Obra,Concluído,134873.94,100.0,2025,Municipal,Mais Informações,Planejamento Setorial,OGU,MEC,2026-03-01,PAROBÉ
2026-03-01,16317,RS,Parobé,Quadra e/ou Cobertura de Quadra,"Educação, Ciência e Tecnologia",Educação Básica,Pacto Nacional pela Retomada das Obras da Educação,Obra,Concluído,155625.28,100.0,2025,Municipal,Mais Informações,Planejamento Setorial,OGU,MEC,2026-03-01,PAROBÉ
2026-03-01,8306,RS,Passo Fundo,Creche e/ou Escola de Educação Infantil,"Educação, Ciência e Tecnologia",Educação Básica,"Retomada e conclusão de obras - Creches, Escolas, Quadras e Cobertura de Quadras",Obra,Concluído,382650.11,98.22,2024,Municipal,Mais Informações,Planejamento Setorial,OGU,MEC,2026-03-01,PASSO FUNDO
2026-03-01,18901,RS,Passo Fundo,Creche e/ou Escola de Educação Infantil,"Educação, Ciência e Tecnologia",Educação Básica,Seleção 2023 - Creches e Escolas de Educação Infantil,Obra,Em execução,5890407.52,0.0,2026,Municipal,Mais Informações,Seleção,OGU,MEC,2026-03-01,PASSO FUNDO
2026-03-01,19466,RS,Passo Fundo,Creche e/ou Escola de Educação Infantil,"Educação, Ciência e Tecnologia",Educação Básica,Seleção 2025 - Creches e Escolas de Educação Infantil,Obra,Em licitação / Leilão,3599938.56,0.0,2026,Municipal,Mais Informações,Seleção,OGU,MEC,2026-03-01,PASSO FUNDO
2026-03-01,24286,RS,Passo Fundo,Escola Indígena - Aldeia Goj-Júr,"Educação, Ciência e Tecnologia",Educação Básica,Seleção - Escolas Indígenas e Quilombolas,Obra,Em ação preparatória,3210733.36,0.0,2028,Estadual,Mais Informações,Planejamento Setorial,OGU,MEC,2026-03-01,PASSO FUNDO
2026-03-01,12659,RS,Passo Fundo,Quadra e/ou Cobertura de Quadra,"Educação, Ciência e Tecnologia",Educação Básica,"Retomada e conclusão de obras - Creches, Escolas, Quadras e Cobertura de Quadras",Obra,Concluído,156000.0,99.61,2025,Municipal,Mais Informações,Planejamento Setorial,OGU,MEC,2026-03-01,PASSO FUNDO
2026-03-01,20089,RS,Paverama,Escola em Tempo Integral,"Educação, Ciência e Tecnologia",Educação Básica,Seleção 2023 - Escolas em Tempo Integral,Obra,Em licitação / Leilão,11955564.78,0.0,2026,Estadual,Mais Informações,Seleção,OGU,MEC,2026-03-01,PAVERAMA
2026-03-01,9549,RS,Pelotas,Creche e/ou Escola de Educação Infantil,"Educação, Ciência e Tecnologia",Educação Básica,Pacto Nacional pela Retomada das Obras da Educação,Obra,Em ação preparatória,2398329.67,0.0,2027,Municipal,Mais Informações,Planejamento Setorial,OGU,MEC,2026-03-01,PELOTAS
2026-03-01,14863,RS,Pelotas,Creche e/ou Escola de Educação Infantil,"Educação, Ciência e Tecnologia",Educação Básica,Pacto Nacional pela Retomada das Obras da Educação,Obra,Em ação preparatória,2058770.93,10.8,2026,Municipal,Mais Informações,Planejamento Setorial,OGU,MEC,2026-03-01,PELOTAS
2026-03-01,14941,RS,Pelotas,Creche e/ou Escola de Educação Infantil,"Educação, Ciência e Tecnologia",Educação Básica,Pacto Nacional pela Retomada das Obras da Educação,Obra,Em ação preparatória,2228302.63,4.95,2026,Municipal,Mais Informações,Planejamento Setorial,OGU,MEC,2026-03-01,PELOTAS
2026-03-01,15209,RS,Pelotas,Creche e/ou Escola de Educação Infantil,"Educação, Ciência e Tecnologia",Educação Básica,Pacto Nacional pela Retomada das Obras da Educação,Obra,Em ação preparatória,3501504.51,0.0,2023,Municipal,Mais Informações,Planejamento Setorial,OGU,MEC,2026-03-01,PELOTAS
2026-03-01,15211,RS,Pelotas,Creche e/ou Escola de Educação Infantil,"Educação, Ciência e Tecnologia",Educação Básica,Pacto Nacional pela Retomada das Obras da Educação,Obra,Em ação preparatória,3444273.79,8.18,2023,Municipal,Mais Informações,Planejamento Setorial,OGU,MEC,2026-03-01,PELOTAS
2026-03-01,20737,RS,Pelotas,Escola em Tempo Integral,"Educação, Ciência e Tecnologia",Educação Básica,Seleção 2023 - Escolas em Tempo Integral,Obra,Em licitação / Leilão,10255095.83,0.0,2026,Municipal,Mais Informações,Seleção,OGU,MEC,2026-03-01,PELOTAS
2026-03-01,14758,RS,Pelotas,Quadra e/ou Cobertura de Quadra,"Educação, Ciência e Tecnologia",Educação Básica,Pacto Nacional pela Retomada das Obras da Educação,Obra,Em ação preparatória,563474.27,61.48,2026,Municipal,Mais Informações,Planejamento Setorial,OGU,MEC,2026-03-01,PELOTAS
2026-03-01,1193,RS,Picada Café,Ampliação de Escola,"Educação, Ciência e Tecnologia",Educação Básica,"Retomada e conclusão de obras - Creches, Escolas, Quadras e Cobertura de Quadras",Obra,Concluído,148614.92,100.0,2025,Municipal,Mais Informações,Planejamento Setorial,OGU,MEC,2026-03-01,PICADA CAFÉ
2026-03-01,13534,RS,Pinheirinho do Vale,Creche e/ou Escola de Educação Infantil,"Educação, Ciência e Tecnologia",Educação Básica,"Retomada e conclusão de obras - Creches, Escolas, Quadras e Cobertura de Quadras",Obra,Em ação preparatória,2372514.29,0.0,2026,Municipal,Mais Informações,Planejamento Setorial,OGU,MEC,2026-03-01,PINHEIRINHO DO VALE
2026-03-01,17517,RS,Ponte Preta,Creche e/ou Escola de Educação Infantil,"Educação, Ciência e Tecnologia",Educação Básica,Seleção 2023 - Creches e Escolas de Educação Infantil,Obra,Em execução,3547923.64,9.39,2026,Municipal,Mais Informações,Seleção,OGU,MEC,2026-03-01,PONTE PRETA
2026-03-01,7429,RS,Portão,Creche e/ou Escola de Educação Infantil,"Educação, Ciência e Tecnologia",Educação Básica,Pacto Nacional pela Retomada das Obras da Educação,Obra,Concluído,1661131.4,100.0,2024,Municipal,Mais Informações,Planejamento Setorial,OGU,MEC,2026-03-01,PORTÃO
2026-03-01,14816,RS,Porto Alegre,Creche e/ou Escola de Educação Infantil,"Educação, Ciência e Tecnologia",Educação Básica,Pacto Nacional pela Retomada das Obras da Educação,Obra,Em ação preparatória,1186333.12,2.0,2027,Municipal,Mais Informações,Planejamento Setorial,OGU,MEC,2026-03-01,PORTO ALEGRE
2026-03-01,14817,RS,Porto Alegre,Creche e/ou Escola de Educação Infantil,"Educação, Ciência e Tecnologia",Educação Básica,Pacto Nacional pela Retomada das Obras da Educação,Obra,Em execução,594207.1,85.55,2027,Municipal,Mais Informações,Planejamento Setorial,OGU,MEC,2026-03-01,PORTO ALEGRE
2026-03-01,14818,RS,Porto Alegre,Creche e/ou Escola de Educação Infantil,"Educação, Ciência e Tecnologia",Educação Básica,Pacto Nacional pela Retomada das Obras da Educação,Obra,Em ação preparatória,1234343.09,20.0,2026,Municipal,Mais Informações,Planejamento Setorial,OGU,MEC,2026-03-01,PORTO ALEGRE
2026-03-01,14834,RS,Porto Alegre,Creche e/ou Escola de Educação Infantil,"Educação, Ciência e Tecnologia",Educação Básica,Pacto Nacional pela Retomada das Obras da Educação,Obra,Em ação preparatória,941111.02,0.0,2027,Municipal,Mais Informações,Planejamento Setorial,OGU,MEC,2026-03-01,PORTO ALEGRE
2026-03-01,15213,RS,Porto Alegre,Creche e/ou Escola de Educação Infantil,"Educação, Ciência e Tecnologia",Educação Básica,Pacto Nacional pela Retomada das Obras da Educação,Obra,Em ação preparatória,2089490.16,0.0,2027,Municipal,Mais Informações,Planejamento Setorial,OGU,MEC,2026-03-01,PORTO ALEGRE
2026-03-01,15215,RS,Porto Alegre,Creche e/ou Escola de Educação Infantil,"Educação, Ciência e Tecnologia",Educação Básica,Pacto Nacional pela Retomada das Obras da Educação,Obra,Em execução,1375953.38,60.23,2027,Municipal,Mais Informações,Planejamento Setorial,OGU,MEC,2026-03-01,PORTO ALEGRE
2026-03-01,16124,RS,Porto Alegre,Creche e/ou Escola de Educação Infantil,"Educação, Ciência e Tecnologia",Educação Básica,Pacto Nacional pela Retomada das Obras da Educação,Obra,Em ação preparatória,479054.2,37.48,2027,Municipal,Mais Informações,Planejamento Setorial,OGU,MEC,2026-03-01,PORTO ALEGRE
2026-03-01,19123,RS,Porto Alegre,Creche e/ou Escola de Educação Infantil,"Educação, Ciência e Tecnologia",Educação Básica,Seleção 2025 - Creches e Escolas de Educação Infantil,Obra,Em ação preparatória,3599938.56,0.0,2026,Municipal,Mais Informações,Seleção,OGU,MEC,2026-03-01,PORTO ALEGRE
2026-03-01,19124,RS,Porto Alegre,Creche e/ou Escola de Educação Infantil,"Educação, Ciência e Tecnologia",Educação Básica,Seleção 2025 - Creches e Escolas de Educação Infantil,Obra,Em ação preparatória,3599938.56,0.0,2026,Municipal,Mais Informações,Seleção,OGU,MEC,2026-03-01,PORTO ALEGRE
2026-03-01,19125,RS,Porto Alegre,Creche e/ou Escola de Educação Infantil,"Educação, Ciência e Tecnologia",Educação Básica,Seleção 2025 - Creches e Escolas de Educação Infantil,Obra,Em ação preparatória,3599938.56,0.0,2026,Municipal,Mais Informações,Seleção,OGU,MEC,2026-03-01,PORTO ALEGRE
2026-03-01,19126,RS,Porto Alegre,Creche e/ou Escola de Educação Infantil,"Educação, Ciência e Tecnologia",Educação Básica,Seleção 2025 - Creches e Escolas de Educação Infantil,Obra,Em ação preparatória,3599938.56,0.0,2026,Municipal,Mais Informações,Seleção,OGU,MEC,2026-03-01,PORTO ALEGRE
2026-03-01,19839,RS,Porto Alegre,Escola em Tempo Integral,"Educação, Ciência e Tecnologia",Educação Básica,Seleção 2023 - Escolas em Tempo Integral,Obra,Em licitação / Leilão,11955564.78,0.0,2026,Municipal,Mais Informações,Seleção,OGU,MEC,2026-03-01,PORTO ALEGRE
2026-03-01,20020,RS,Porto Alegre,Escola em Tempo Integral,"Educação, Ciência e Tecnologia",Educação Básica,Seleção 2023 - Escolas em Tempo Integral,Obra,Em licitação / Leilão,11955564.78,0.0,2026,Estadual,Mais Informações,Seleção,OGU,MEC,2026-03-01,PORTO ALEGRE
2026-03-01,12921,RS,Pouso Novo,Quadra e/ou Cobertura de Quadra,"Educação, Ciência e Tecnologia",Educação Básica,Pacto Nacional pela Retomada das Obras da Educação,Obra,Em execução,595319.35,92.4,2026,Municipal,Mais Informações,Planejamento Setorial,OGU,MEC,2026-03-01,POUSO NOVO
2026-03-01,18058,RS,Redentora,Creche e/ou Escola de Educação Infantil,"Educação, Ciência e Tecnologia",Educação Básica,Seleção 2023 - Creches e Escolas de Educação Infantil,Obra,Em execução,3547923.64,29.35,2026,Municipal,Mais Informações,Seleção,OGU,MEC,2026-03-01,REDENTORA
2026-03-01,18348,RS,Rio dos Índios,Creche e/ou Escola de Educação Infantil,"Educação, Ciência e Tecnologia",Educação Básica,Seleção 2023 - Creches e Escolas de Educação Infantil,Obra,Em execução,3547923.64,8.88,2026,Municipal,Mais Informações,Seleção,OGU,MEC,2026-03-01,RIO DOS ÍNDIOS
2026-03-01,8308,RS,Rio Grande,Creche e/ou Escola de Educação Infantil,"Educação, Ciência e Tecnologia",Educação Básica,Pacto Nacional pela Retomada das Obras da Educação,Obra,Concluído,1235650.15,100.0,2023,Municipal,Mais Informações,Planejamento Setorial,OGU,MEC,2026-03-01,RIO GRANDE
2026-03-01,9507,RS,Rio Grande,Creche e/ou Escola de Educação Infantil,"Educação, Ciência e Tecnologia",Educação Básica,Pacto Nacional pela Retomada das Obras da Educação,Obra,Concluído,1101239.93,100.0,2023,Municipal,Mais Informações,Planejamento Setorial,OGU,MEC,2026-03-01,RIO GRANDE
2026-03-01,15149,RS,Rio Grande,Creche e/ou Escola de Educação Infantil,"Educação, Ciência e Tecnologia",Educação Básica,"Retomada e conclusão de obras - Creches, Escolas, Quadras e Cobertura de Quadras",Obra,Em execução,757081.97,98.53,2026,Municipal,Mais Informações,Planejamento Setorial,OGU,MEC,2026-03-01,RIO GRANDE
2026-03-01,17480,RS,Rio Grande,Creche e/ou Escola de Educação Infantil,"Educação, Ciência e Tecnologia",Educação Básica,"Retomada e conclusão de obras - Creches, Escolas, Quadras e Cobertura de Quadras",Obra,Concluído,377189.6,100.0,2023,Municipal,Mais Informações,Planejamento Setorial,OGU,MEC,2026-03-01,RIO GRANDE
2026-03-01,17481,RS,Rio Grande,Creche e/ou Escola de Educação Infantil,"Educação, Ciência e Tecnologia",Educação Básica,"Retomada e conclusão de obras - Creches, Escolas, Quadras e Cobertura de Quadras",Obra,Concluído,705601.37,99.27,2023,Municipal,Mais Informações,Planejamento Setorial,OGU,MEC,2026-03-01,RIO GRANDE
2026-03-01,17482,RS,Rio Grande,Creche e/ou Escola de Educação Infantil,"Educação, Ciência e Tecnologia",Educação Básica,"Retomada e conclusão de obras - Creches, Escolas, Quadras e Cobertura de Quadras",Obra,Concluído,706501.85,99.33,2023,Municipal,Mais Informações,Planejamento Setorial,OGU,MEC,2026-03-01,RIO GRANDE
2026-03-01,17483,RS,Rio Grande,Creche e/ou Escola de Educação Infantil,"Educação, Ciência e Tecnologia",Educação Básica,"Retomada e conclusão de obras - Creches, Escolas, Quadras e Cobertura de Quadras",Obra,Concluído,283146.38,100.0,2023,Municipal,Mais Informações,Planejamento Setorial,OGU,MEC,2026-03-01,RIO GRANDE
2026-03-01,17484,RS,Rio Grande,Creche e/ou Escola de Educação Infantil,"Educação, Ciência e Tecnologia",Educação Básica,"Retomada e conclusão de obras - Creches, Escolas, Quadras e Cobertura de Quadras",Obra,Concluído,706523.92,99.49,2023,Municipal,Mais Informações,Planejamento Setorial,OGU,MEC,2026-03-01,RIO GRANDE
2026-03-01,18281,RS,Rio Grande,Escola de Ensino Fundamental,"Educação, Ciência e Tecnologia",Educação Básica,"Retomada e conclusão de obras - Creches, Escolas, Quadras e Cobertura de Quadras",Obra,Concluído,628444.24,100.0,2023,Municipal,Mais Informações,Planejamento Setorial,OGU,MEC,2026-03-01,RIO GRANDE
2026-03-01,20249,RS,Rio Grande,Escola em Tempo Integral,"Educação, Ciência e Tecnologia",Educação Básica,Seleção 2023 - Escolas em Tempo Integral,Obra,Em licitação / Leilão,11955564.78,0.0,2026,Estadual,Mais Informações,Seleção,OGU,MEC,2026-03-01,RIO GRANDE
2026-03-01,17886,RS,Rio Grande,Quadra e/ou Cobertura de Quadra,"Educação, Ciência e Tecnologia",Educação Básica,"Retomada e conclusão de obras - Creches, Escolas, Quadras e Cobertura de Quadras",Obra,Concluído,28740.17,99.36,2023,Municipal,Mais Informações,Planejamento Setorial,OGU,MEC,2026-03-01,RIO GRANDE
2026-03-01,1221,RS,Rio Pardo,Ampliação de Escola,"Educação, Ciência e Tecnologia",Educação Básica,"Retomada e conclusão de obras - Creches, Escolas, Quadras e Cobertura de Quadras",Obra,Em ação preparatória,402499.83,0.0,2026,Municipal,Mais Informações,Planejamento Setorial,OGU,MEC,2026-03-01,RIO PARDO
2026-03-01,18420,RS,Rio Pardo,Creche e/ou Escola de Educação Infantil,"Educação, Ciência e Tecnologia",Educação Básica,Seleção 2023 - Creches e Escolas de Educação Infantil,Obra,Em execução,5890407.52,7.4,2026,Municipal,Mais Informações,Seleção,OGU,MEC,2026-03-01,RIO PARDO
2026-03-01,12334,RS,Roca Sales,Escola de Ensino Fundamental,"Educação, Ciência e Tecnologia",Educação Básica,Pacto Nacional pela Retomada das Obras da Educação,Obra,Em ação preparatória,6909809.99,9.52,2026,Municipal,Mais Informações,Planejamento Setorial,OGU,MEC,2026-03-01,ROCA SALES
2026-03-01,7293,RS,Rosário do Sul,Creche e/ou Escola de Educação Infantil,"Educação, Ciência e Tecnologia",Educação Básica,Pacto Nacional pela Retomada das Obras da Educação,Obra,Em ação preparatória,288373.69,54.86,2026,Municipal,Mais Informações,Planejamento Setorial,OGU,MEC,2026-03-01,ROSÁRIO DO SUL
2026-03-01,19467,RS,Rosário do Sul,Creche e/ou Escola de Educação Infantil,"Educação, Ciência e Tecnologia",Educação Básica,Seleção 2025 - Creches e Escolas de Educação Infantil,Obra,Em ação preparatória,3599938.56,0.0,2026,Municipal,Mais Informações,Seleção,OGU,MEC,2026-03-01,ROSÁRIO DO SUL
2026-03-01,11608,RS,Rosário do Sul,Escola de Ensino Fundamental,"Educação, Ciência e Tecnologia",Educação Básica,Pacto Nacional pela Retomada das Obras da Educação,Obra,Em ação preparatória,1080680.57,56.97,2026,Municipal,Mais Informações,Planejamento Setorial,OGU,MEC,2026-03-01,ROSÁRIO DO SUL
2026-03-01,19468,RS,Salvador das Missões,Creche e/ou Escola de Educação Infantil,"Educação, Ciência e Tecnologia",Educação Básica,Seleção 2025 - Creches e Escolas de Educação Infantil,Obra,Em execução,3599938.56,0.0,2026,Municipal,Mais Informações,Seleção,OGU,MEC,2026-03-01,SALVADOR DAS MISSÕES
2026-03-01,13465,RS,Santa Bárbara do Sul,Creche e/ou Escola de Educação Infantil,"Educação, Ciência e Tecnologia",Educação Básica,"Retomada e conclusão de obras - Creches, Escolas, Quadras e Cobertura de Quadras",Obra,Concluído,2185486.39,100.0,2025,Municipal,Mais Informações,Planejamento Setorial,OGU,MEC,2026-03-01,SANTA BÁRBARA DO SUL
2026-03-01,18181,RS,Santa Clara do Sul,Creche e/ou Escola de Educação Infantil,"Educação, Ciência e Tecnologia",Educação Básica,Seleção 2023 - Creches e Escolas de Educação Infantil,Obra,Em execução,5890407.52,35.13,2026,Municipal,Mais Informações,Seleção,OGU,MEC,2026-03-01,SANTA CLARA DO SUL
2026-03-01,18161,RS,Santa Cruz do Sul,Creche e/ou Escola de Educação Infantil,"Educação, Ciência e Tecnologia",Educação Básica,Seleção 2023 - Creches e Escolas de Educação Infantil,Obra,Em licitação / Leilão,5890407.52,0.0,2026,Municipal,Mais Informações,Seleção,OGU,MEC,2026-03-01,SANTA CRUZ DO SUL
2026-03-01,15967,RS,Santa Cruz do Sul,Quadra e/ou Cobertura de Quadra,"Educação, Ciência e Tecnologia",Educação Básica,Pacto Nacional pela Retomada das Obras da Educação,Obra,Em ação preparatória,366878.92,64.42,2026,Estadual,Mais Informações,Planejamento Setorial,OGU,MEC,2026-03-01,SANTA CRUZ DO SUL
2026-03-01,14925,RS,Santa Maria,Creche e/ou Escola de Educação Infantil,"Educação, Ciência e Tecnologia",Educação Básica,Pacto Nacional pela Retomada das Obras da Educação,Obra,Concluído,3096159.22,100.0,2024,Municipal,Mais Informações,Planejamento Setorial,OGU,MEC,2026-03-01,SANTA MARIA
2026-03-01,15175,RS,Santa Maria,Creche e/ou Escola de Educação Infantil,"Educação, Ciência e Tecnologia",Educação Básica,Pacto Nacional pela Retomada das Obras da Educação,Obra,Concluído,2056198.53,100.0,2023,Municipal,Mais Informações,Planejamento Setorial,OGU,MEC,2026-03-01,SANTA MARIA
2026-03-01,15177,RS,Santa Maria,Creche e/ou Escola de Educação Infantil,"Educação, Ciência e Tecnologia",Educação Básica,Pacto Nacional pela Retomada das Obras da Educação,Obra,Concluído,981021.91,100.0,2023,Municipal,Mais Informações,Planejamento Setorial,OGU,MEC,2026-03-01,SANTA MARIA
2026-03-01,15179,RS,Santa Maria,Creche e/ou Escola de Educação Infantil,"Educação, Ciência e Tecnologia",Educação Básica,Pacto Nacional pela Retomada das Obras da Educação,Obra,Concluído,505498.06,99.98,2023,Municipal,Mais Informações,Planejamento Setorial,OGU,MEC,2026-03-01,SANTA MARIA
2026-03-01,16405,RS,Santa Maria,Creche e/ou Escola de Educação Infantil,"Educação, Ciência e Tecnologia",Educação Básica,Pacto Nacional pela Retomada das Obras da Educação,Obra,Concluído,370231.04,100.0,2025,Municipal,Mais Informações,Planejamento Setorial,OGU,MEC,2026-03-01,SANTA MARIA
2026-03-01,17467,RS,Santa Maria,Creche e/ou Escola de Educação Infantil,"Educação, Ciência e Tecnologia",Educação Básica,"Retomada e conclusão de obras - Creches, Escolas, Quadras e Cobertura de Quadras",Obra,Concluído,575433.21,99.98,2023,Municipal,Mais Informações,Planejamento Setorial,OGU,MEC,2026-03-01,SANTA MARIA
2026-03-01,19940,RS,Santa Maria,Escola em Tempo Integral,"Educação, Ciência e Tecnologia",Educação Básica,Seleção 2023 - Escolas em Tempo Integral,Obra,Em licitação / Leilão,10255095.83,0.0,2026,Municipal,Mais Informações,Seleção,OGU,MEC,2026-03-01,SANTA MARIA
2026-03-01,15770,RS,Santa Maria,Quadra e/ou Cobertura de Quadra,"Educação, Ciência e Tecnologia",Educação Básica,"Retomada e conclusão de obras - Creches, Escolas, Quadras e Cobertura de Quadras",Obra,Concluído,264860.23,0.0,2025,Estadual,Mais Informações,Planejamento Setorial,OGU,MEC,2026-03-01,SANTA MARIA
2026-03-01,1223,RS,Santa Rosa,Ampliação de Escola,"Educação, Ciência e Tecnologia",Educação Básica,"Retomada e conclusão de obras - Creches, Escolas, Quadras e Cobertura de Quadras",Obra,Em licitação / Leilão,566096.83,0.0,2026,Municipal,Mais Informações,Planejamento Setorial,OGU,MEC,2026-03-01,SANTA ROSA
2026-03-01,10051,RS,Santa Rosa,Creche e/ou Escola de Educação Infantil,"Educação, Ciência e Tecnologia",Educação Básica,"Retomada e conclusão de obras - Creches, Escolas, Quadras e Cobertura de Quadras",Obra,Concluído,612816.28,97.13,2025,Municipal,Mais Informações,Planejamento Setorial,OGU,MEC,2026-03-01,SANTA ROSA
2026-03-01,17904,RS,Santa Rosa,Creche e/ou Escola de Educação Infantil,"Educação, Ciência e Tecnologia",Educação Básica,Seleção 2023 - Creches e Escolas de Educação Infantil,Obra,Em execução,5890407.52,0.0,2026,Municipal,Mais Informações,Seleção,OGU,MEC,2026-03-01,SANTA ROSA
2026-03-01,19469,RS,Santa Rosa,Creche e/ou Escola de Educação Infantil,"Educação, Ciência e Tecnologia",Educação Básica,Seleção 2025 - Creches e Escolas de Educação Infantil,Obra,Em licitação / Leilão,3599938.56,0.0,2026,Municipal,Mais Informações,Seleção,OGU,MEC,2026-03-01,SANTA ROSA
2026-03-01,18143,RS,Santa Vitória do Palmar,Quadra e/ou Cobertura de Quadra,"Educação, Ciência e Tecnologia",Educação Básica,"Retomada e conclusão de obras - Creches, Escolas, Quadras e Cobertura de Quadras",Obra,Concluído,57566.85,100.0,2023,Municipal,Mais Informações,Planejamento Setorial,OGU,MEC,2026-03-01,SANTA VITÓRIA DO PALMAR
2026-03-01,16404,RS,Santana da Boa Vista,Creche e/ou Escola de Educação Infantil,"Educação, Ciência e Tecnologia",Educação Básica,Pacto Nacional pela Retomada das Obras da Educação,Obra,Em ação preparatória,337570.26,94.02,2023,Municipal,Mais Informações,Planejamento Setorial,OGU,MEC,2026-03-01,SANTANA DA BOA VISTA
2026-03-01,19522,RS,Sant'Ana do Livramento,Creche e/ou Escola de Educação Infantil,"Educação, Ciência e Tecnologia",Educação Básica,Seleção 2025 - Creches e Escolas de Educação Infantil,Obra,Em ação preparatória,3599938.56,0.0,2026,Municipal,Mais Informações,Seleção,OGU,MEC,2026-03-01,SANT'ANA DO LIVRAMENTO
2026-03-01,14798,RS,Santo Ângelo,Creche e/ou Escola de Educação Infantil,"Educação, Ciência e Tecnologia",Educação Básica,Pacto Nacional pela Retomada das Obras da Educação,Obra,Em ação preparatória,1616743.03,7.62,2027,Municipal,Mais Informações,Planejamento Setorial,OGU,MEC,2026-03-01,SANTO ÂNGELO
2026-03-01,19470,RS,Santo Antônio da Patrulha,Creche e/ou Escola de Educação Infantil,"Educação, Ciência e Tecnologia",Educação Básica,Seleção 2025 - Creches e Escolas de Educação Infantil,Obra,Em licitação / Leilão,3599938.56,0.0,2026,Municipal,Mais Informações,Seleção,OGU,MEC,2026-03-01,SANTO ANTÔNIO DA PATRULHA
2026-03-01,13510,RS,Santo Antônio da Patrulha,Escola de Ensino Fundamental,"Educação, Ciência e Tecnologia",Educação Básica,"Retomada e conclusão de obras - Creches, Escolas, Quadras e Cobertura de Quadras",Obra,Em execução,2144870.94,75.94,2026,Municipal,Mais Informações,Planejamento Setorial,OGU,MEC,2026-03-01,SANTO ANTÔNIO DA PATRULHA
2026-03-01,10718,RS,Santo Cristo,Creche e/ou Escola de Educação Infantil,"Educação, Ciência e Tecnologia",Educação Básica,"Retomada e conclusão de obras - Creches, Escolas, Quadras e Cobertura de Quadras",Obra,Concluído,478731.46,100.0,2025,Municipal,Mais Informações,Planejamento Setorial,OGU,MEC,2026-03-01,SANTO CRISTO
2026-03-01,15197,RS,São Borja,Creche e/ou Escola de Educação Infantil,"Educação, Ciência e Tecnologia",Educação Básica,Pacto Nacional pela Retomada das Obras da Educação,Obra,Em execução,1128668.87,92.01,2026,Municipal,Mais Informações,Planejamento Setorial,OGU,MEC,2026-03-01,SÃO BORJA
2026-03-01,19523,RS,São Borja,Creche e/ou Escola de Educação Infantil,"Educação, Ciência e Tecnologia",Educação Básica,Seleção 2025 - Creches e Escolas de Educação Infantil,Obra,Em ação preparatória,3599938.56,0.0,2026,Municipal,Mais Informações,Seleção,OGU,MEC,2026-03-01,SÃO BORJA
2026-03-01,17547,RS,São Francisco de Assis,Creche e/ou Escola de Educação Infantil,"Educação, Ciência e Tecnologia",Educação Básica,Seleção 2023 - Creches e Escolas de Educação Infantil,Obra,Em execução,5890407.52,2.09,2026,Municipal,Mais Informações,Seleção,OGU,MEC,2026-03-01,SÃO FRANCISCO DE ASSIS
2026-03-01,12494,RS,São Francisco de Paula,Escola de Ensino Fundamental,"Educação, Ciência e Tecnologia",Educação Básica,Pacto Nacional pela Retomada das Obras da Educação,Obra,Em ação preparatória,727655.8,75.94,2027,Municipal,Mais Informações,Planejamento Setorial,OGU,MEC,2026-03-01,SÃO FRANCISCO DE PAULA
2026-03-01,19471,RS,São Gabriel,Creche e/ou Escola de Educação Infantil,"Educação, Ciência e Tecnologia",Educação Básica,Seleção 2025 - Creches e Escolas de Educação Infantil,Obra,Em ação preparatória,3599938.56,0.0,2026,Municipal,Mais Informações,Seleção,OGU,MEC,2026-03-01,SÃO GABRIEL
2026-03-01,17301,RS,São Jerônimo,Creche e/ou Escola de Educação Infantil,"Educação, Ciência e Tecnologia",Educação Básica,"Retomada e conclusão de obras - Creches, Escolas, Quadras e Cobertura de Quadras",Obra,Concluído,179930.04,100.0,2023,Municipal,Mais Informações,Planejamento Setorial,OGU,MEC,2026-03-01,SÃO JERÔNIMO
2026-03-01,9773,RS,São José das Missões,Escola de Ensino Fundamental,"Educação, Ciência e Tecnologia",Educação Básica,Pacto Nacional pela Retomada das Obras da Educação,Obra,Em execução,816470.19,55.31,2026,Municipal,Mais Informações,Planejamento Setorial,OGU,MEC,2026-03-01,SÃO JOSÉ DAS MISSÕES
2026-03-01,14678,RS,São José do Norte,Creche e/ou Escola de Educação Infantil,"Educação, Ciência e Tecnologia",Educação Básica,Pacto Nacional pela Retomada das Obras da Educação,Obra,Em ação preparatória,2769968.46,0.0,2027,Municipal,Mais Informações,Planejamento Setorial,OGU,MEC,2026-03-01,SÃO JOSÉ DO NORTE
2026-03-01,18583,RS,São Leopoldo,Creche e/ou Escola de Educação Infantil,"Educação, Ciência e Tecnologia",Educação Básica,Seleção 2023 - Creches e Escolas de Educação Infantil,Obra,Em licitação / Leilão,5890407.52,0.0,2026,Municipal,Mais Informações,Seleção,OGU,MEC,2026-03-01,SÃO LEOPOLDO
2026-03-01,19180,RS,São Lourenço do Sul,Creche e/ou Escola de Educação Infantil,"Educação, Ciência e Tecnologia",Educação Básica,Seleção 2025 - Creches e Escolas de Educação Infantil,Obra,Em ação preparatória,3599938.56,0.0,2026,Municipal,Mais Informações,Seleção,OGU,MEC,2026-03-01,SÃO LOURENÇO DO SUL
2026-03-01,7149,RS,São Nicolau,Quadra e/ou Cobertura de Quadra,"Educação, Ciência e Tecnologia",Educação Básica,Pacto Nacional pela Retomada das Obras da Educação,Obra,Em execução,139470.19,80.31,2026,Municipal,Mais Informações,Planejamento Setorial,OGU,MEC,2026-03-01,SÃO NICOLAU
2026-03-01,11248,RS,São Sebastião do Caí,Escola de Ensino Fundamental,"Educação, Ciência e Tecnologia",Educação Básica,Pacto Nacional pela Retomada das Obras da Educação,Obra,Em execução,4590288.9,52.94,2025,Municipal,Mais Informações,Planejamento Setorial,OGU,MEC,2026-03-01,SÃO SEBASTIÃO DO CAÍ
2026-03-01,10720,RS,São Vicente do Sul,Creche e/ou Escola de Educação Infantil,"Educação, Ciência e Tecnologia",Educação Básica,"Retomada e conclusão de obras - Creches, Escolas, Quadras e Cobertura de Quadras",Obra,Concluído,502643.98,100.0,2024,Municipal,Mais Informações,Planejamento Setorial,OGU,MEC,2026-03-01,SÃO VICENTE DO SUL
2026-03-01,12540,RS,Sapiranga,Creche e/ou Escola de Educação Infantil,"Educação, Ciência e Tecnologia",Educação Básica,Pacto Nacional pela Retomada das Obras da Educação,Obra,Concluído,3060521.22,99.65,2024,Municipal,Mais Informações,Planejamento Setorial,OGU,MEC,2026-03-01,SAPIRANGA
2026-03-01,17313,RS,Sapiranga,Creche e/ou Escola de Educação Infantil,"Educação, Ciência e Tecnologia",Educação Básica,"Retomada e conclusão de obras - Creches, Escolas, Quadras e Cobertura de Quadras",Obra,Concluído,108189.86,100.0,2023,Municipal,Mais Informações,Planejamento Setorial,OGU,MEC,2026-03-01,SAPIRANGA
2026-03-01,12542,RS,Sapiranga,Quadra e/ou Cobertura de Quadra,"Educação, Ciência e Tecnologia",Educação Básica,Pacto Nacional pela Retomada das Obras da Educação,Obra,Concluído,491435.09,100.0,2024,Municipal,Mais Informações,Planejamento Setorial,OGU,MEC,2026-03-01,SAPIRANGA
2026-03-01,17952,RS,Sapucaia do Sul,Creche e/ou Escola de Educação Infantil,"Educação, Ciência e Tecnologia",Educação Básica,Seleção 2023 - Creches e Escolas de Educação Infantil,Obra,Em execução,5890407.52,5.69,2026,Municipal,Mais Informações,Seleção,OGU,MEC,2026-03-01,SAPUCAIA DO SUL
2026-03-01,15774,RS,Sapucaia do Sul,Quadra e/ou Cobertura de Quadra,"Educação, Ciência e Tecnologia",Educação Básica,"Retomada e conclusão de obras - Creches, Escolas, Quadras e Cobertura de Quadras",Obra,Concluído,260548.23,0.0,2025,Estadual,Mais Informações,Planejamento Setorial,OGU,MEC,2026-03-01,SAPUCAIA DO SUL
2026-03-01,1211,RS,Seberi,Ampliação de Escola,"Educação, Ciência e Tecnologia",Educação Básica,"Retomada e conclusão de obras - Creches, Escolas, Quadras e Cobertura de Quadras",Obra,Concluído,342745.84,99.22,2025,Municipal,Mais Informações,Planejamento Setorial,OGU,MEC,2026-03-01,SEBERI
2026-03-01,12546,RS,Seberi,Escola de Ensino Fundamental,"Educação, Ciência e Tecnologia",Educação Básica,Pacto Nacional pela Retomada das Obras da Educação,Obra,Em execução,2857131.98,97.11,2026,Municipal,Mais Informações,Planejamento Setorial,OGU,MEC,2026-03-01,SEBERI
2026-03-01,13186,RS,Serafina Corrêa,Creche e/ou Escola de Educação Infantil,"Educação, Ciência e Tecnologia",Educação Básica,"Retomada e conclusão de obras - Creches, Escolas, Quadras e Cobertura de Quadras",Obra,Concluído,1761474.39,100.0,2024,Municipal,Mais Informações,Planejamento Setorial,OGU,MEC,2026-03-01,SERAFINA CORRÊA
2026-03-01,10023,RS,Sertão,Escola de Ensino Fundamental,"Educação, Ciência e Tecnologia",Educação Básica,"Retomada e conclusão de obras - Creches, Escolas, Quadras e Cobertura de Quadras",Obra,Em execução,1517333.2,95.95,2026,Municipal,Mais Informações,Planejamento Setorial,OGU,MEC,2026-03-01,SERTÃO
2026-03-01,19472,RS,Soledade,Creche e/ou Escola de Educação Infantil,"Educação, Ciência e Tecnologia",Educação Básica,Seleção 2025 - Creches e Escolas de Educação Infantil,Obra,Em licitação / Leilão,3599938.56,0.0,2026,Municipal,Mais Informações,Seleção,OGU,MEC,2026-03-01,SOLEDADE
2026-03-01,18364,RS,Tabaí,Creche e/ou Escola de Educação Infantil,"Educação, Ciência e Tecnologia",Educação Básica,Seleção 2023 - Creches e Escolas de Educação Infantil,Obra,Em execução,3547923.64,15.2,2026,Municipal,Mais Informações,Seleção,OGU,MEC,2026-03-01,TABAÍ
2026-03-01,13463,RS,Tapejara,Quadra e/ou Cobertura de Quadra,"Educação, Ciência e Tecnologia",Educação Básica,"Retomada e conclusão de obras - Creches, Escolas, Quadras e Cobertura de Quadras",Obra,Concluído,654851.36,100.0,2025,Municipal,Mais Informações,Planejamento Setorial,OGU,MEC,2026-03-01,TAPEJARA
2026-03-01,1251,RS,Taquari,Ampliação de Escola,"Educação, Ciência e Tecnologia",Educação Básica,"Retomada e conclusão de obras - Creches, Escolas, Quadras e Cobertura de Quadras",Obra,Concluído,87582.63,100.0,2023,Municipal,Mais Informações,Planejamento Setorial,OGU,MEC,2026-03-01,TAQUARI
2026-03-01,7237,RS,Taquari,Creche e/ou Escola de Educação Infantil,"Educação, Ciência e Tecnologia",Educação Básica,Pacto Nacional pela Retomada das Obras da Educação,Obra,Concluído,173934.47,100.0,2024,Municipal,Mais Informações,Planejamento Setorial,OGU,MEC,2026-03-01,TAQUARI
2026-03-01,19473,RS,Taquari,Creche e/ou Escola de Educação Infantil,"Educação, Ciência e Tecnologia",Educação Básica,Seleção 2025 - Creches e Escolas de Educação Infantil,Obra,Em ação preparatória,3599938.56,0.0,2026,Municipal,Mais Informações,Seleção,OGU,MEC,2026-03-01,TAQUARI
2026-03-01,8346,RS,Tenente Portela,Creche e/ou Escola de Educação Infantil,"Educação, Ciência e Tecnologia",Educação Básica,"Retomada e conclusão de obras - Creches, Escolas, Quadras e Cobertura de Quadras",Obra,Concluído,360516.5,100.0,2024,Municipal,Mais Informações,Planejamento Setorial,OGU,MEC,2026-03-01,TENENTE PORTELA
2026-03-01,11504,RS,Terra de Areia,Escola de Ensino Fundamental,"Educação, Ciência e Tecnologia",Educação Básica,Pacto Nacional pela Retomada das Obras da Educação,Obra,Em execução,609406.47,94.55,2025,Municipal,Mais Informações,Planejamento Setorial,OGU,MEC,2026-03-01,TERRA DE AREIA
2026-03-01,1215,RS,Tio Hugo,Ampliação de Escola,"Educação, Ciência e Tecnologia",Educação Básica,"Retomada e conclusão de obras - Creches, Escolas, Quadras e Cobertura de Quadras",Obra,Concluído,113498.99,100.0,2024,Municipal,Mais Informações,Planejamento Setorial,OGU,MEC,2026-03-01,TIO HUGO
2026-03-01,19474,RS,Torres,Creche e/ou Escola de Educação Infantil,"Educação, Ciência e Tecnologia",Educação Básica,Seleção 2025 - Creches e Escolas de Educação Infantil,Obra,Em ação preparatória,3599938.56,0.0,2026,Municipal,Mais Informações,Seleção,OGU,MEC,2026-03-01,TORRES
2026-03-01,17589,RS,Tramandaí,Creche e/ou Escola de Educação Infantil,"Educação, Ciência e Tecnologia",Educação Básica,Seleção 2023 - Creches e Escolas de Educação Infantil,Obra,Em execução,5890407.52,10.65,2026,Municipal,Mais Informações,Seleção,OGU,MEC,2026-03-01,TRAMANDAÍ
2026-03-01,11959,RS,Três Forquilhas,Creche e/ou Escola de Educação Infantil,"Educação, Ciência e Tecnologia",Educação Básica,"Retomada e conclusão de obras - Creches, Escolas, Quadras e Cobertura de Quadras",Obra,Em ação preparatória,0.0,0.0,2026,Municipal,Mais Informações,Planejamento Setorial,OGU,MEC,2026-03-01,TRÊS FORQUILHAS
2026-03-01,12859,RS,Três Palmeiras,Escola de Ensino Fundamental,"Educação, Ciência e Tecnologia",Educação Básica,Pacto Nacional pela Retomada das Obras da Educação,Obra,Concluído,5165402.12,100.0,2024,Municipal,Mais Informações,Planejamento Setorial,OGU,MEC,2026-03-01,TRÊS PALMEIRAS
2026-03-01,10674,RS,Triunfo,Escola de Ensino Fundamental,"Educação, Ciência e Tecnologia",Educação Básica,Pacto Nacional pela Retomada das Obras da Educação,Obra,Concluído,1928747.73,99.57,2024,Municipal,Mais Informações,Planejamento Setorial,OGU,MEC,2026-03-01,TRIUNFO
2026-03-01,18571,RS,Vacaria,Creche e/ou Escola de Educação Infantil,"Educação, Ciência e Tecnologia",Educação Básica,Seleção 2023 - Creches e Escolas de Educação Infantil,Obra,Em execução,5890407.52,13.91,2026,Municipal,Mais Informações,Seleção,OGU,MEC,2026-03-01,VACARIA
2026-03-01,11941,RS,Vacaria,Escola de Ensino Fundamental,"Educação, Ciência e Tecnologia",Educação Básica,Pacto Nacional pela Retomada das Obras da Educação,Obra,Concluído,2487997.89,96.6,2024,Municipal,Mais Informações,Planejamento Setorial,OGU,MEC,2026-03-01,VACARIA
2026-03-01,1209,RS,Vale Verde,Ampliação de Escola,"Educação, Ciência e Tecnologia",Educação Básica,"Retomada e conclusão de obras - Creches, Escolas, Quadras e Cobertura de Quadras",Obra,Concluído,119997.12,100.0,2024,Municipal,Mais Informações,Planejamento Setorial,OGU,MEC,2026-03-01,VALE VERDE
2026-03-01,20231,RS,Viamão,Escola em Tempo Integral,"Educação, Ciência e Tecnologia",Educação Básica,Seleção 2023 - Escolas em Tempo Integral,Obra,Em execução,11955564.78,3.18,2026,Municipal,Mais Informações,Seleção,OGU,MEC,2026-03-01,VIAMÃO
2026-03-01,15776,RS,Viamão,Quadra e/ou Cobertura de Quadra,"Educação, Ciência e Tecnologia",Educação Básica,"Retomada e conclusão de obras - Creches, Escolas, Quadras e Cobertura de Quadras",Obra,Concluído,165158.66,0.0,2025,Estadual,Mais Informações,Planejamento Setorial,OGU,MEC,2026-03-01,VIAMÃO
2026-03-01,17652,RS,Vicente Dutra,Creche e/ou Escola de Educação Infantil,"Educação, Ciência e Tecnologia",Educação Básica,Seleção 2023 - Creches e Escolas de Educação Infantil,Obra,Em execução,3547923.64,15.17,2026,Municipal,Mais Informações,Seleção,OGU,MEC,2026-03-01,VICENTE DUTRA
2026-03-01,1123,RS,Victor Graeff,Ampliação de Escola,"Educação, Ciência e Tecnologia",Educação Básica,Pacto Nacional pela Retomada das Obras da Educação,Obra,Em ação preparatória,252887.63,13.0,2023,Municipal,Mais Informações,Planejamento Setorial,OGU,MEC,2026-03-01,VICTOR GRAEFF
2026-03-01,14239,RS,Vitória das Missões,Creche e/ou Escola de Educação Infantil,"Educação, Ciência e Tecnologia",Educação Básica,"Retomada e conclusão de obras - Creches, Escolas, Quadras e Cobertura de Quadras",Obra,Concluído,1998362.44,100.0,2025,Municipal,Mais Informações,Planejamento Setorial,OGU,MEC,2026-03-01,VITÓRIA DAS MISSÕES
2026-03-01,4748,RS,Alvorada,CEU da Cultura,Infraestrutura Social e Inclusiva,Cultura,Seleção 2023 - CEUs da Cultura,Obra,Em licitação / Leilão,2644422.88,0.0,2028,Estadual,Mais Informações,Seleção,OGU,MinC,2026-03-01,ALVORADA
2026-03-01,4806,RS,Cachoeira do Sul,CEUs da Cultura,Infraestrutura Social e Inclusiva,Cultura,Seleção 2023 - CEUs da Cultura 2ª etapa,Obra,Em ação preparatória,2644423.0,0.0,2028,Estadual,Mais Informações,Seleção,OGU,MinC,2026-03-01,CACHOEIRA DO SUL
2026-03-01,4467,RS,Canoas,CEU da Cultura,Infraestrutura Social e Inclusiva,Cultura,Seleção 2023 - CEUs da Cultura,Obra,Em licitação / Leilão,2638319.81,0.0,2028,Estadual,Mais Informações,Seleção,OGU,MinC,2026-03-01,CANOAS
2026-03-01,4533,RS,Caxias do Sul,CEU da Cultura,Infraestrutura Social e Inclusiva,Cultura,Seleção 2023 - CEUs da Cultura,Obra,Em execução,2576225.19,0.0,2028,Estadual,Mais Informações,Seleção,OGU,MinC,2026-03-01,CAXIAS DO SUL
2026-03-01,4455,RS,Estância Velha,CEU da Cultura,Infraestrutura Social e Inclusiva,Cultura,Seleção 2023 - CEUs da Cultura,Obra,Em licitação / Leilão,2644422.88,0.0,2028,Estadual,Mais Informações,Seleção,OGU,MinC,2026-03-01,ESTÂNCIA VELHA
2026-03-01,4447,RS,Farroupilha,CEU da Cultura,Infraestrutura Social e Inclusiva,Cultura,Seleção 2023 - CEUs da Cultura,Obra,Em execução,2610488.16,0.0,2028,Estadual,Mais Informações,Seleção,OGU,MinC,2026-03-01,FARROUPILHA
2026-03-01,17354,RS,General Câmara,Projetos de Engenharia - Patrimônio Histórico,Infraestrutura Social e Inclusiva,Cultura,Seleção 2023 - Projetos de Restauros do Patrimônio Histórico,Estudo / Projeto / Plano,Em execução,300000.0,0.0,2026,Municipal,Mais Informações,Seleção,OGU,MinC,2026-03-01,GENERAL CÂMARA
2026-03-01,4800,RS,Gravataí,CEUs da Cultura,Infraestrutura Social e Inclusiva,Cultura,Seleção 2023 - CEUs da Cultura 2ª etapa,Obra,Em ação preparatória,2644423.0,0.0,2028,Estadual,Mais Informações,Seleção,OGU,MinC,2026-03-01,GRAVATAÍ
2026-03-01,4461,RS,Guaíba,CEU da Cultura,Infraestrutura Social e Inclusiva,Cultura,Seleção 2023 - CEUs da Cultura,Obra,Em execução,2634987.49,0.0,2028,Estadual,Mais Informações,Seleção,OGU,MinC,2026-03-01,GUAÍBA
2026-03-01,17316,RS,Jaguarão,Projetos de Engenharia - Patrimônio Histórico,Infraestrutura Social e Inclusiva,Cultura,Seleção 2023 - Projetos de Restauros do Patrimônio Histórico,Estudo / Projeto / Plano,Em execução,177883.58,0.0,2026,Estadual,Mais Informações,Seleção,OGU,MinC,2026-03-01,JAGUARÃO
2026-03-01,4449,RS,Novo Hamburgo,CEU da Cultura,Infraestrutura Social e Inclusiva,Cultura,Seleção 2023 - CEUs da Cultura,Obra,Em execução,2605974.06,0.0,2028,Estadual,Mais Informações,Seleção,OGU,MinC,2026-03-01,NOVO HAMBURGO
2026-03-01,5598,RS,Pelotas,Implantação do Museu da Cidade (Casa 6),Infraestrutura Social e Inclusiva,Cultura,"Retomada, conclusão e novas obras do Patrimônio Histórico",Obra,Em licitação / Leilão,13744512.0,0.0,2027,Municipal,Mais Informações,Planejamento Setorial,OGU,MinC,2026-03-01,PELOTAS
2026-03-01,4804,RS,Rio Grande,CEUs da Cultura,Infraestrutura Social e Inclusiva,Cultura,Seleção 2023 - CEUs da Cultura 2ª etapa,Obra,Em ação preparatória,2644423.0,0.0,2028,Estadual,Mais Informações,Seleção,OGU,MinC,2026-03-01,RIO GRANDE
2026-03-01,17422,RS,Rio Grande,Projetos de Engenharia - Patrimônio Histórico,Infraestrutura Social e Inclusiva,Cultura,Seleção 2023 - Projetos de Restauros do Patrimônio Histórico,Estudo / Projeto / Plano,Em execução,180657.97,0.0,2026,Municipal,Mais Informações,Seleção,OGU,MinC,2026-03-01,RIO GRANDE
2026-03-01,17284,RS,Santa Tereza,Projetos de Engenharia - Patrimônio Histórico,Infraestrutura Social e Inclusiva,Cultura,Seleção 2023 - Projetos de Restauros do Patrimônio Histórico,Estudo / Projeto / Plano,Em execução,125000.0,0.0,2026,Municipal,Mais Informações,Seleção,OGU,MinC,2026-03-01,SANTA TEREZA
2026-03-01,4463,RS,São Leopoldo,CEU da Cultura,Infraestrutura Social e Inclusiva,Cultura,Seleção 2023 - CEUs da Cultura,Obra,Em licitação / Leilão,2644422.88,0.0,2028,Estadual,Mais Informações,Seleção,OGU,MinC,2026-03-01,SÃO LEOPOLDO
2026-03-01,17294,RS,São Miguel das Missões,Projetos de Engenharia - Patrimônio Histórico,Infraestrutura Social e Inclusiva,Cultura,Seleção 2023 - Projetos de Restauros do Patrimônio Histórico,Estudo / Projeto / Plano,Em execução,300000.0,0.0,2026,Municipal,Mais Informações,Seleção,OGU,MinC,2026-03-01,SÃO MIGUEL DAS MISSÕES
2026-03-01,4469,RS,São Sebastião do Caí,CEU da Cultura,Infraestrutura Social e Inclusiva,Cultura,Seleção 2023 - CEUs da Cultura,Obra,Em execução,2515650.7,0.0,2028,Estadual,Mais Informações,Seleção,OGU,MinC,2026-03-01,SÃO SEBASTIÃO DO CAÍ
2026-03-01,4802,RS,Sapiranga,CEUs da Cultura,Infraestrutura Social e Inclusiva,Cultura,Seleção 2023 - CEUs da Cultura 2ª etapa,Obra,Em ação preparatória,2644423.0,0.0,2028,Estadual,Mais Informações,Seleção,OGU,MinC,2026-03-01,SAPIRANGA
2026-03-01,4459,RS,Viamão,CEU da Cultura,Infraestrutura Social e Inclusiva,Cultura,Seleção 2023 - CEUs da Cultura,Obra,Em licitação / Leilão,2644136.81,0.0,2028,Estadual,Mais Informações,Seleção,OGU,MinC,2026-03-01,VIAMÃO
2026-03-01,25213,RS,Bento Gonçalves,Espaço Esportivo Comunitário,Infraestrutura Social e Inclusiva,Esportes,Seleção 2025 - Espaços Esportivos Comunitários,Obra,Em licitação / Leilão,1462500.0,0.0,2028,Municipal,Mais Informações,Seleção,OGU,MESP,2026-03-01,BENTO GONÇALVES
2026-03-01,17100,RS,Camaquã,Espaço Esportivo Comunitário,Infraestrutura Social e Inclusiva,Esportes,Seleção 2023 - Espaços Esportivos Comunitários,Obra,Em execução,1500000.0,73.08,2027,Municipal,Mais Informações,Seleção,OGU,MESP,2026-03-01,CAMAQUÃ
2026-03-01,17024,RS,Canoas,Espaço Esportivo Comunitário,Infraestrutura Social e Inclusiva,Esportes,Seleção 2023 - Espaços Esportivos Comunitários,Obra,Em execução,1500000.0,0.0,2027,Municipal,Mais Informações,Seleção,OGU,MESP,2026-03-01,CANOAS
2026-03-01,25215,RS,Cruz Alta,Espaço Esportivo Comunitário,Infraestrutura Social e Inclusiva,Esportes,Seleção 2025 - Espaços Esportivos Comunitários,Obra,Em licitação / Leilão,1462500.0,0.0,2028,Municipal,Mais Informações,Seleção,OGU,MESP,2026-03-01,CRUZ ALTA
2026-03-01,25217,RS,Novo Hamburgo,Espaço Esportivo Comunitário,Infraestrutura Social e Inclusiva,Esportes,Seleção 2025 - Espaços Esportivos Comunitários,Obra,Em licitação / Leilão,1462500.0,0.0,2028,Municipal,Mais Informações,Seleção,OGU,MESP,2026-03-01,NOVO HAMBURGO
2026-03-01,17133,RS,Pelotas,Espaço Esportivo Comunitário,Infraestrutura Social e Inclusiva,Esportes,Seleção 2023 - Espaços Esportivos Comunitários,Obra,Em execução,1500000.0,41.9,2027,Municipal,Mais Informações,Seleção,OGU,MESP,2026-03-01,PELOTAS
2026-03-01,17055,RS,Porto Alegre,Espaço Esportivo Comunitário,Infraestrutura Social e Inclusiva,Esportes,Seleção 2023 - Espaços Esportivos Comunitários,Obra,Em execução,1500000.0,0.0,2027,Municipal,Mais Informações,Seleção,OGU,MESP,2026-03-01,PORTO ALEGRE
2026-03-01,25219,RS,Santa Cruz do Sul,Espaço Esportivo Comunitário,Infraestrutura Social e Inclusiva,Esportes,Seleção 2025 - Espaços Esportivos Comunitários,Obra,Em licitação / Leilão,1462500.0,0.0,2028,Municipal,Mais Informações,Seleção,OGU,MESP,2026-03-01,SANTA CRUZ DO SUL
2026-03-01,17177,RS,São Lourenço do Sul,Espaço Esportivo Comunitário,Infraestrutura Social e Inclusiva,Esportes,Seleção 2023 - Espaços Esportivos Comunitários,Obra,Em execução,1500000.0,0.0,2027,Municipal,Mais Informações,Seleção,OGU,MESP,2026-03-01,SÃO LOURENÇO DO SUL
2026-03-01,25221,RS,São Luiz Gonzaga,Espaço Esportivo Comunitário,Infraestrutura Social e Inclusiva,Esportes,Seleção 2025 - Espaços Esportivos Comunitários,Obra,Em licitação / Leilão,1462500.0,0.0,2028,Municipal,Mais Informações,Seleção,OGU,MESP,2026-03-01,SÃO LUIZ GONZAGA
2026-03-01,25223,RS,Teutônia,Espaço Esportivo Comunitário,Infraestrutura Social e Inclusiva,Esportes,Seleção 2025 - Espaços Esportivos Comunitários,Obra,Em licitação / Leilão,1462500.0,0.0,2028,Municipal,Mais Informações,Seleção,OGU,MESP,2026-03-01,TEUTÔNIA
2026-03-01,25225,RS,Uruguaiana,Espaço Esportivo Comunitário,Infraestrutura Social e Inclusiva,Esportes,Seleção 2025 - Espaços Esportivos Comunitários,Obra,Em licitação / Leilão,1462500.0,0.0,2028,Municipal,Mais Informações,Seleção,OGU,MESP,2026-03-01,URUGUAIANA
2026-03-01,17109,RS,Viamão,Espaço Esportivo Comunitário,Infraestrutura Social e Inclusiva,Esportes,Seleção 2023 - Espaços Esportivos Comunitários,Obra,Em execução,1500000.0,35.93,2027,Municipal,Mais Informações,Seleção,OGU,MESP,2026-03-01,VIAMÃO
2026-03-01,3708,RS,Porto Alegre,Centro Comunitário pela Vida,Infraestrutura Social e Inclusiva,Segurança Pública com Cidadania,Seleção 2023 - Centros Comunitários pela Vida - CONVIVE,Obra,Em licitação / Leilão,13019791.72,0.0,2027,Municipal,Mais Informações,Seleção,OGU,MJSP,2026-03-01,PORTO ALEGRE
2026-03-01,3980,RS,Alvorada,Centro de Atenção Psicossocial (CAPS),Saúde,Atenção Especializada,Seleção 2023 - Centros de Atenção Psicossocial - CAPS,Obra,Em execução,2208000.0,35.0,2026,Municipal,Mais Informações,Seleção,OGU,MS,2026-03-01,ALVORADA
2026-03-01,4272,RS,Bagé,Centro de Parto Normal (CPN),Saúde,Atenção Especializada,Seleção 2023 - Centros de Parto Normal,Obra,Em ação preparatória,3745000.0,0.0,2026,Municipal,Mais Informações,Seleção,OGU,MS,2026-03-01,BAGÉ
2026-03-01,3964,RS,Cachoeira do Sul,Centro de Atenção Psicossocial (CAPS),Saúde,Atenção Especializada,Seleção 2023 - Centros de Atenção Psicossocial - CAPS,Obra,Em execução,2208000.0,20.0,2026,Municipal,Mais Informações,Seleção,OGU,MS,2026-03-01,CACHOEIRA DO SUL
2026-03-01,4005,RS,Campo Bom,Centro de Atenção Psicossocial (CAPS),Saúde,Atenção Especializada,Seleção 2025 - Centro de Atenção Psicossocial - CAPS,Obra,Em execução,2593000.0,0.0,2026,Municipal,Mais Informações,Seleção,OGU,MS,2026-03-01,CAMPO BOM
2026-03-01,3867,RS,Caxias do Sul,Centro de Atenção Psicossocial (CAPS),Saúde,Atenção Especializada,Seleção 2023 - Centros de Atenção Psicossocial - CAPS,Obra,Em execução,2571000.0,0.0,2025,Municipal,Mais Informações,Seleção,OGU,MS,2026-03-01,CAXIAS DO SUL
2026-03-01,35015,RS,Caxias do Sul,Policlínica,Saúde,Atenção Especializada,Seleção 2025 - Policlínicas,Obra,Em licitação / Leilão,30000000.0,0.0,2027,Municipal,Mais Informações,Seleção,OGU,MS,2026-03-01,CAXIAS DO SUL
2026-03-01,4038,RS,Espumoso,Centro de Atenção Psicossocial (CAPS),Saúde,Atenção Especializada,Seleção 2025 - Centro de Atenção Psicossocial - CAPS,Obra,Em ação preparatória,2593000.0,0.0,2026,Municipal,Mais Informações,Seleção,OGU,MS,2026-03-01,ESPUMOSO
2026-03-01,4356,RS,Farroupilha,Centro Especializado em Reabilitação (CER),Saúde,Atenção Especializada,Seleção 2023 - Centros Especializados para pessoas com deficiência - CER,Obra,Em execução,7688000.0,54.0,2028,Municipal,Mais Informações,Seleção,OGU,MS,2026-03-01,FARROUPILHA
2026-03-01,3769,RS,Gravataí,Centro de Atenção Psicossocial (CAPS),Saúde,Atenção Especializada,Seleção 2023 - Centros de Atenção Psicossocial - CAPS,Obra,Em execução,2571000.0,55.0,2026,Municipal,Mais Informações,Seleção,OGU,MS,2026-03-01,GRAVATAÍ
2026-03-01,3899,RS,Ibirubá,Centro de Atenção Psicossocial (CAPS),Saúde,Atenção Especializada,Seleção 2023 - Centros de Atenção Psicossocial - CAPS,Obra,Em execução,2208000.0,58.0,2026,Municipal,Mais Informações,Seleção,OGU,MS,2026-03-01,IBIRUBÁ
2026-03-01,4064,RS,Imbé,Centro de Atenção Psicossocial (CAPS),Saúde,Atenção Especializada,Seleção 2025 - Centro de Atenção Psicossocial - CAPS,Obra,Em execução,2593000.0,0.0,2026,Municipal,Mais Informações,Seleção,OGU,MS,2026-03-01,IMBÉ
2026-03-01,3885,RS,Lajeado,Centro de Atenção Psicossocial (CAPS),Saúde,Atenção Especializada,Seleção 2023 - Centros de Atenção Psicossocial - CAPS,Obra,Em execução,2208000.0,30.0,2026,Municipal,Mais Informações,Seleção,OGU,MS,2026-03-01,LAJEADO
2026-03-01,3822,RS,Novo Hamburgo,Centro de Atenção Psicossocial (CAPS),Saúde,Atenção Especializada,Seleção 2023 - Centros de Atenção Psicossocial - CAPS,Obra,Em execução,2571000.0,10.0,2027,Municipal,Mais Informações,Seleção,OGU,MS,2026-03-01,NOVO HAMBURGO
2026-03-01,4300,RS,Pelotas,Centro Especializado em Reabilitação - CER,Saúde,Atenção Especializada,Centros Especializados de Saúde,Obra,Em licitação / Leilão,9724000.0,0.0,2029,Municipal,Mais Informações,Planejamento Setorial,OGU,MS,2026-03-01,PELOTAS
2026-03-01,35038,RS,Pelotas,Policlínica,Saúde,Atenção Especializada,Seleção 2025 - Policlínicas,Obra,Em licitação / Leilão,30000000.0,0.0,2027,Municipal,Mais Informações,Seleção,OGU,MS,2026-03-01,PELOTAS
2026-03-01,3802,RS,Porto Alegre,Centro de Atenção Psicossocial (CAPS),Saúde,Atenção Especializada,Seleção 2023 - Centros de Atenção Psicossocial - CAPS,Obra,Em execução,2571000.0,0.0,2025,Municipal,Mais Informações,Seleção,OGU,MS,2026-03-01,PORTO ALEGRE
2026-03-01,26760,RS,Porto Alegre,Maternidade,Saúde,Atenção Especializada,Seleção 2023 - Maternidades,Obra,Em licitação / Leilão,153000000.0,0.0,2028,Municipal,Mais Informações,Seleção,OGU,MS,2026-03-01,PORTO ALEGRE
2026-03-01,26595,RS,Porto Alegre,Policlínica,Saúde,Atenção Especializada,Seleção 2023 - Policlínicas,Obra,Em licitação / Leilão,30000000.0,0.0,2028,Municipal,Mais Informações,Seleção,OGU,MS,2026-03-01,PORTO ALEGRE
2026-03-01,4135,RS,Restinga Sêca,Centro de Atenção Psicossocial (CAPS),Saúde,Atenção Especializada,Seleção 2025 - Centro de Atenção Psicossocial - CAPS,Obra,Em execução,2593000.0,0.0,2026,Municipal,Mais Informações,Seleção,OGU,MS,2026-03-01,RESTINGA SÊCA
2026-03-01,4146,RS,Rio Grande,Centro de Atenção Psicossocial (CAPS),Saúde,Atenção Especializada,Seleção 2025 - Centro de Atenção Psicossocial - CAPS,Obra,Em licitação / Leilão,3317000.0,0.0,2026,Municipal,Mais Informações,Seleção,OGU,MS,2026-03-01,RIO GRANDE
2026-03-01,4314,RS,Rio Grande,Centro Especializado em Reabilitação - CER,Saúde,Atenção Especializada,Centros Especializados de Saúde,Obra,Em ação preparatória,9724000.0,0.0,2029,Municipal,Mais Informações,Planejamento Setorial,OGU,MS,2026-03-01,RIO GRANDE
2026-03-01,26608,RS,Rio Grande,Policlínica,Saúde,Atenção Especializada,Seleção 2023 - Policlínicas,Obra,Em execução,30000000.0,1.0,2028,Municipal,Mais Informações,Seleção,OGU,MS,2026-03-01,RIO GRANDE
2026-03-01,4342,RS,Santa Rosa,Centro Especializado em Reabilitação (CER),Saúde,Atenção Especializada,Centros Especializados de Saúde,Obra,Em execução,5484000.0,27.0,2027,Municipal,Mais Informações,Planejamento Setorial,OGU,MS,2026-03-01,SANTA ROSA
2026-03-01,3923,RS,Sant'Ana do Livramento,Centro de Atenção Psicossocial (CAPS),Saúde,Atenção Especializada,Seleção 2023 - Centros de Atenção Psicossocial - CAPS,Obra,Em execução,2208000.0,30.0,2026,Municipal,Mais Informações,Seleção,OGU,MS,2026-03-01,SANT'ANA DO LIVRAMENTO
2026-03-01,4160,RS,São Gabriel,Centro de Atenção Psicossocial (CAPS),Saúde,Atenção Especializada,Seleção 2025 - Centro de Atenção Psicossocial - CAPS,Obra,Em execução,2593000.0,0.0,2026,Municipal,Mais Informações,Seleção,OGU,MS,2026-03-01,SÃO GABRIEL
2026-03-01,26578,RS,São Leopoldo,Policlínica,Saúde,Atenção Especializada,Seleção 2023 - Policlínicas,Obra,Em licitação / Leilão,30000225.0,0.0,2028,Municipal,Mais Informações,Seleção,OGU,MS,2026-03-01,SÃO LEOPOLDO
2026-03-01,3759,RS,Uruguaiana,Centro de Atenção Psicossocial (CAPS),Saúde,Atenção Especializada,Centros Especializados de Saúde,Obra,Em execução,2039000.0,0.0,2024,Municipal,Mais Informações,Planejamento Setorial,OGU,MS,2026-03-01,URUGUAIANA
2026-03-01,23811,RS,Agudo,Unidade Básica de Saúde - UBS,Saúde,Atenção Primária,Seleção 2023 - Unidades Básicas de Saúde - UBSs,Obra,Em execução,5326268.0,35.0,2026,Municipal,Mais Informações,Seleção,OGU,MS,2026-03-01,AGUDO
2026-03-01,24151,RS,Alvorada,Unidade Básica de Saúde - UBS,Saúde,Atenção Primária,Seleção 2023 - Unidades Básicas de Saúde - UBSs,Obra,Em execução,2026110.0,25.0,2026,Municipal,Mais Informações,Seleção,OGU,MS,2026-03-01,ALVORADA
2026-03-01,25563,RS,Ametista do Sul,Unidade Básica de Saúde - UBS,Saúde,Atenção Primária,Seleção 2023 - Unidades Básicas de Saúde - UBSs,Obra,Em execução,2026110.0,27.0,2026,Municipal,Mais Informações,Seleção,OGU,MS,2026-03-01,AMETISTA DO SUL
2026-03-01,36155,RS,Aratiba,Unidade Básica de Saúde (UBS),Saúde,Atenção Primária,Seleção 2025 - Unidade Básica de Saúde - UBS,Obra,Em execução,2630000.0,0.0,2026,Municipal,Mais Informações,Seleção,OGU,MS,2026-03-01,ARATIBA
2026-03-01,24315,RS,Arroio do Meio,Unidade Básica de Saúde - UBS,Saúde,Atenção Primária,Seleção 2023 - Unidades Básicas de Saúde - UBSs,Obra,Em execução,2452054.0,34.0,2026,Municipal,Mais Informações,Seleção,OGU,MS,2026-03-01,ARROIO DO MEIO
2026-03-01,23614,RS,Arroio dos Ratos,Unidade Básica de Saúde - UBS,Saúde,Atenção Primária,Seleção 2023 - Unidades Básicas de Saúde - UBSs,Obra,Em execução,2452054.0,38.0,2026,Municipal,Mais Informações,Seleção,OGU,MS,2026-03-01,ARROIO DOS RATOS
2026-03-01,25192,RS,Arvorezinha,Unidade Básica de Saúde - UBS,Saúde,Atenção Primária,Seleção 2023 - Unidades Básicas de Saúde - UBSs,Obra,Em execução,2026110.0,30.0,2026,Municipal,Mais Informações,Seleção,OGU,MS,2026-03-01,ARVOREZINHA
2026-03-01,24210,RS,Bagé,Unidade Básica de Saúde - UBS,Saúde,Atenção Primária,Seleção 2023 - Unidades Básicas de Saúde - UBSs,Obra,Em execução,2026110.0,18.0,2026,Municipal,Mais Informações,Seleção,OGU,MS,2026-03-01,BAGÉ
2026-03-01,25522,RS,Bagé,Unidade Básica de Saúde - UBS,Saúde,Atenção Primária,Seleção 2023 - Unidades Básicas de Saúde - UBSs,Obra,Em execução,2452054.0,18.0,2026,Municipal,Mais Informações,Seleção,OGU,MS,2026-03-01,BAGÉ
2026-03-01,36169,RS,Bagé,Unidade Básica de Saúde (UBS),Saúde,Atenção Primária,Seleção 2025 - Unidade Básica de Saúde - UBS,Obra,Em licitação / Leilão,2056000.0,0.0,2026,Municipal,Mais Informações,Seleção,OGU,MS,2026-03-01,BAGÉ
2026-03-01,24681,RS,Barra do Ribeiro,Unidade Básica de Saúde - UBS,Saúde,Atenção Primária,Seleção 2023 - Unidades Básicas de Saúde - UBSs,Obra,Em execução,2026110.0,40.0,2026,Municipal,Mais Informações,Seleção,OGU,MS,2026-03-01,BARRA DO RIBEIRO
2026-03-01,36199,RS,Benjamin Constant do Sul,Unidade Básica de Saúde (UBS),Saúde,Atenção Primária,Seleção 2025 - Unidade Básica de Saúde - UBS,Obra,Em execução,2056000.0,0.0,2026,Municipal,Mais Informações,Seleção,OGU,MS,2026-03-01,BENJAMIN CONSTANT DO SUL
2026-03-01,23751,RS,Bento Gonçalves,Unidade Básica de Saúde - UBS,Saúde,Atenção Primária,Seleção 2023 - Unidades Básicas de Saúde - UBSs,Obra,Em execução,2026110.0,0.0,2026,Municipal,Mais Informações,Seleção,OGU,MS,2026-03-01,BENTO GONÇALVES
2026-03-01,23772,RS,Bom Retiro do Sul,Unidade Básica de Saúde - UBS,Saúde,Atenção Primária,Seleção 2023 - Unidades Básicas de Saúde - UBSs,Obra,Em execução,2026110.0,30.0,2025,Municipal,Mais Informações,Seleção,OGU,MS,2026-03-01,BOM RETIRO DO SUL
2026-03-01,24097,RS,Boqueirão do Leão,Unidade Básica de Saúde - UBS,Saúde,Atenção Primária,Seleção 2023 - Unidades Básicas de Saúde - UBSs,Obra,Em execução,2026110.0,15.0,2026,Municipal,Mais Informações,Seleção,OGU,MS,2026-03-01,BOQUEIRÃO DO LEÃO
2026-03-01,36267,RS,Caçapava do Sul,Unidade Básica de Saúde (UBS),Saúde,Atenção Primária,Seleção 2025 - Unidade Básica de Saúde - UBS,Obra,Em execução,2056000.0,2.0,2026,Municipal,Mais Informações,Seleção,OGU,MS,2026-03-01,CAÇAPAVA DO SUL
2026-03-01,25546,RS,Cachoeira do Sul,Unidade Básica de Saúde - UBS,Saúde,Atenção Primária,Seleção 2023 - Unidades Básicas de Saúde - UBSs,Obra,Em execução,2026110.0,30.0,2026,Municipal,Mais Informações,Seleção,OGU,MS,2026-03-01,CACHOEIRA DO SUL
2026-03-01,36273,RS,Cachoeira do Sul,Unidade Básica de Saúde (UBS),Saúde,Atenção Primária,Seleção 2025 - Unidade Básica de Saúde - UBS,Obra,Em licitação / Leilão,2630000.0,0.0,2026,Municipal,Mais Informações,Seleção,OGU,MS,2026-03-01,CACHOEIRA DO SUL
2026-03-01,24562,RS,Cachoeirinha,Unidade Básica de Saúde - UBS,Saúde,Atenção Primária,Seleção 2023 - Unidades Básicas de Saúde - UBSs,Obra,Em execução,2783622.0,33.0,2026,Municipal,Mais Informações,Seleção,OGU,MS,2026-03-01,CACHOEIRINHA
2026-03-01,24570,RS,Cachoeirinha,Unidade Básica de Saúde - UBS,Saúde,Atenção Primária,Seleção 2023 - Unidades Básicas de Saúde - UBSs,Obra,Em execução,2783622.0,47.0,2026,Municipal,Mais Informações,Seleção,OGU,MS,2026-03-01,CACHOEIRINHA
2026-03-01,24704,RS,Campo Bom,Unidade Básica de Saúde - UBS,Saúde,Atenção Primária,Seleção 2023 - Unidades Básicas de Saúde - UBSs,Obra,Em execução,2026110.0,30.0,2026,Municipal,Mais Informações,Seleção,OGU,MS,2026-03-01,CAMPO BOM
2026-03-01,25363,RS,Candiota,Unidade Básica de Saúde - UBS,Saúde,Atenção Primária,Seleção 2023 - Unidades Básicas de Saúde - UBSs,Obra,Em execução,2026110.0,30.0,2027,Municipal,Mais Informações,Seleção,OGU,MS,2026-03-01,CANDIOTA
2026-03-01,25188,RS,Canela,Unidade Básica de Saúde - UBS,Saúde,Atenção Primária,Seleção 2023 - Unidades Básicas de Saúde - UBSs,Obra,Em execução,2452054.0,0.0,2026,Municipal,Mais Informações,Seleção,OGU,MS,2026-03-01,CANELA
2026-03-01,23793,RS,Canoas,Unidade Básica de Saúde - UBS,Saúde,Atenção Primária,Seleção 2023 - Unidades Básicas de Saúde - UBSs,Obra,Em execução,5326268.0,30.0,2027,Municipal,Mais Informações,Seleção,OGU,MS,2026-03-01,CANOAS
2026-03-01,23813,RS,Canoas,Unidade Básica de Saúde - UBS,Saúde,Atenção Primária,Seleção 2023 - Unidades Básicas de Saúde - UBSs,Obra,Em execução,5326268.0,31.0,2027,Municipal,Mais Informações,Seleção,OGU,MS,2026-03-01,CANOAS
2026-03-01,36321,RS,Canoas,Unidade Básica de Saúde (UBS),Saúde,Atenção Primária,Seleção 2025 - Unidade Básica de Saúde - UBS,Obra,Em ação preparatória,3421000.0,0.0,2026,Municipal,Mais Informações,Seleção,OGU,MS,2026-03-01,CANOAS
2026-03-01,36324,RS,Canudos do Vale,Unidade Básica de Saúde (UBS),Saúde,Atenção Primária,Seleção 2025 - Unidade Básica de Saúde - UBS,Obra,Em execução,2056000.0,0.0,2026,Municipal,Mais Informações,Seleção,OGU,MS,2026-03-01,CANUDOS DO VALE
2026-03-01,25508,RS,Capão do Leão,Unidade Básica de Saúde - UBS,Saúde,Atenção Primária,Seleção 2023 - Unidades Básicas de Saúde - UBSs,Obra,Em execução,2026110.0,21.0,2026,Municipal,Mais Informações,Seleção,OGU,MS,2026-03-01,CAPÃO DO LEÃO
2026-03-01,25645,RS,Capão do Leão,Unidade Básica de Saúde - UBS,Saúde,Atenção Primária,Seleção 2023 - Unidades Básicas de Saúde - UBSs,Obra,Em execução,2026110.0,15.0,2026,Municipal,Mais Informações,Seleção,OGU,MS,2026-03-01,CAPÃO DO LEÃO
2026-03-01,24722,RS,Carlos Barbosa,Unidade Básica de Saúde - UBS,Saúde,Atenção Primária,Seleção 2023 - Unidades Básicas de Saúde - UBSs,Obra,Em execução,2026110.0,40.0,2027,Municipal,Mais Informações,Seleção,OGU,MS,2026-03-01,CARLOS BARBOSA
2026-03-01,25749,RS,Carlos Gomes,Unidade Básica de Saúde - UBS,Saúde,Atenção Primária,Seleção 2023 - Unidades Básicas de Saúde - UBSs,Obra,Em execução,2026110.0,0.0,2026,Municipal,Mais Informações,Seleção,OGU,MS,2026-03-01,CARLOS GOMES
2026-03-01,24331,RS,Caxias do Sul,Unidade Básica de Saúde - UBS,Saúde,Atenção Primária,Seleção 2023 - Unidades Básicas de Saúde - UBSs,Obra,Em execução,2452054.0,18.0,2027,Municipal,Mais Informações,Seleção,OGU,MS,2026-03-01,CAXIAS DO SUL
2026-03-01,24353,RS,Caxias do Sul,Unidade Básica de Saúde - UBS,Saúde,Atenção Primária,Seleção 2023 - Unidades Básicas de Saúde - UBSs,Obra,Em execução,2452054.0,22.0,2027,Municipal,Mais Informações,Seleção,OGU,MS,2026-03-01,CAXIAS DO SUL
2026-03-01,36380,RS,Cerrito,Unidade Básica de Saúde (UBS),Saúde,Atenção Primária,Seleção 2025 - Unidade Básica de Saúde - UBS,Obra,Em execução,2056000.0,0.0,2026,Municipal,Mais Informações,Seleção,OGU,MS,2026-03-01,CERRITO
2026-03-01,24357,RS,Charqueadas,Unidade Básica de Saúde - UBS,Saúde,Atenção Primária,Seleção 2023 - Unidades Básicas de Saúde - UBSs,Obra,Em execução,2026110.0,42.0,2026,Municipal,Mais Informações,Seleção,OGU,MS,2026-03-01,CHARQUEADAS
2026-03-01,24872,RS,Chuvisca,Unidade Básica de Saúde - UBS,Saúde,Atenção Primária,Seleção 2023 - Unidades Básicas de Saúde - UBSs,Obra,Em execução,2452054.0,30.0,2026,Municipal,Mais Informações,Seleção,OGU,MS,2026-03-01,CHUVISCA
2026-03-01,24932,RS,Cidreira,Unidade Básica de Saúde - UBS,Saúde,Atenção Primária,Seleção 2023 - Unidades Básicas de Saúde - UBSs,Obra,Em execução,2026110.0,30.0,2026,Municipal,Mais Informações,Seleção,OGU,MS,2026-03-01,CIDREIRA
2026-03-01,25150,RS,David Canabarro,Unidade Básica de Saúde - UBS,Saúde,Atenção Primária,Seleção 2023 - Unidades Básicas de Saúde - UBSs,Obra,Em execução,2452054.0,46.0,2026,Municipal,Mais Informações,Seleção,OGU,MS,2026-03-01,DAVID CANABARRO
2026-03-01,23976,RS,Dom Pedrito,Unidade Básica de Saúde - UBS,Saúde,Atenção Primária,Seleção 2023 - Unidades Básicas de Saúde - UBSs,Obra,Em execução,2026110.0,39.0,2026,Municipal,Mais Informações,Seleção,OGU,MS,2026-03-01,DOM PEDRITO
2026-03-01,36459,RS,Dom Pedrito,Unidade Básica de Saúde (UBS),Saúde,Atenção Primária,Seleção 2025 - Unidade Básica de Saúde - UBS,Obra,Em ação preparatória,2056000.0,0.0,2026,Municipal,Mais Informações,Seleção,OGU,MS,2026-03-01,DOM PEDRITO
2026-03-01,24181,RS,Eldorado do Sul,Unidade Básica de Saúde - UBS,Saúde,Atenção Primária,Seleção 2023 - Unidades Básicas de Saúde - UBSs,Obra,Em execução,2783622.0,0.0,2026,Municipal,Mais Informações,Seleção,OGU,MS,2026-03-01,ELDORADO DO SUL
2026-03-01,23612,RS,Encantado,Unidade Básica de Saúde - UBS,Saúde,Atenção Primária,Seleção 2023 - Unidades Básicas de Saúde - UBSs,Obra,Em execução,2026110.0,65.0,2026,Municipal,Mais Informações,Seleção,OGU,MS,2026-03-01,ENCANTADO
2026-03-01,36473,RS,Engenho Velho,Unidade Básica de Saúde (UBS),Saúde,Atenção Primária,Seleção 2025 - Unidade Básica de Saúde - UBS,Obra,Em execução,2056000.0,0.0,2026,Municipal,Mais Informações,Seleção,OGU,MS,2026-03-01,ENGENHO VELHO
2026-03-01,36474,RS,Entre Rios do Sul,Unidade Básica de Saúde (UBS),Saúde,Atenção Primária,Seleção 2025 - Unidade Básica de Saúde - UBS,Obra,Em execução,2056000.0,0.0,2026,Municipal,Mais Informações,Seleção,OGU,MS,2026-03-01,ENTRE RIOS DO SUL
2026-03-01,36477,RS,Erebango,Unidade Básica de Saúde (UBS),Saúde,Atenção Primária,Seleção 2025 - Unidade Básica de Saúde - UBS,Obra,Em execução,2056000.0,0.0,2026,Municipal,Mais Informações,Seleção,OGU,MS,2026-03-01,EREBANGO
2026-03-01,25190,RS,Erval Grande,Unidade Básica de Saúde - UBS,Saúde,Atenção Primária,Seleção 2023 - Unidades Básicas de Saúde - UBSs,Obra,Em execução,2026110.0,6.0,2027,Municipal,Mais Informações,Seleção,OGU,MS,2026-03-01,ERVAL GRANDE
2026-03-01,24295,RS,Espumoso,Unidade Básica de Saúde - UBS,Saúde,Atenção Primária,Seleção 2023 - Unidades Básicas de Saúde - UBSs,Obra,Em ação preparatória,2026110.0,0.0,2026,Municipal,Mais Informações,Seleção,OGU,MS,2026-03-01,ESPUMOSO
2026-03-01,25637,RS,Estância Velha,Unidade Básica de Saúde - UBS,Saúde,Atenção Primária,Seleção 2023 - Unidades Básicas de Saúde - UBSs,Obra,Em execução,2452054.0,83.0,2026,Municipal,Mais Informações,Seleção,OGU,MS,2026-03-01,ESTÂNCIA VELHA
2026-03-01,25658,RS,Estância Velha,Unidade Básica de Saúde - UBS,Saúde,Atenção Primária,Seleção 2023 - Unidades Básicas de Saúde - UBSs,Obra,Em execução,2452054.0,66.0,2026,Municipal,Mais Informações,Seleção,OGU,MS,2026-03-01,ESTÂNCIA VELHA
2026-03-01,24393,RS,Esteio,Unidade Básica de Saúde - UBS,Saúde,Atenção Primária,Seleção 2023 - Unidades Básicas de Saúde - UBSs,Obra,Em execução,2452054.0,78.0,2026,Municipal,Mais Informações,Seleção,OGU,MS,2026-03-01,ESTEIO
2026-03-01,23571,RS,Estrela,Unidade Básica de Saúde - UBS,Saúde,Atenção Primária,Seleção 2023 - Unidades Básicas de Saúde - UBSs,Obra,Em execução,2026110.0,38.0,2026,Municipal,Mais Informações,Seleção,OGU,MS,2026-03-01,ESTRELA
2026-03-01,23945,RS,Estrela,Unidade Básica de Saúde - UBS,Saúde,Atenção Primária,Seleção 2023 - Unidades Básicas de Saúde - UBSs,Obra,Em execução,2026110.0,50.0,2026,Municipal,Mais Informações,Seleção,OGU,MS,2026-03-01,ESTRELA
2026-03-01,23538,RS,Farroupilha,Unidade Básica de Saúde - UBS,Saúde,Atenção Primária,Seleção 2023 - Unidades Básicas de Saúde - UBSs,Obra,Em execução,6628334.0,49.0,2026,Municipal,Mais Informações,Seleção,OGU,MS,2026-03-01,FARROUPILHA
2026-03-01,25741,RS,Faxinalzinho,Unidade Básica de Saúde - UBS,Saúde,Atenção Primária,Seleção 2023 - Unidades Básicas de Saúde - UBSs,Obra,Em execução,2026110.0,33.0,2025,Municipal,Mais Informações,Seleção,OGU,MS,2026-03-01,FAXINALZINHO
2026-03-01,24236,RS,Flores da Cunha,Unidade Básica de Saúde - UBS,Saúde,Atenção Primária,Seleção 2023 - Unidades Básicas de Saúde - UBSs,Obra,Em execução,2026110.0,70.0,2026,Municipal,Mais Informações,Seleção,OGU,MS,2026-03-01,FLORES DA CUNHA
2026-03-01,24303,RS,Floriano Peixoto,Unidade Básica de Saúde - UBS,Saúde,Atenção Primária,Seleção 2023 - Unidades Básicas de Saúde - UBSs,Obra,Em execução,2026110.0,90.0,2026,Municipal,Mais Informações,Seleção,OGU,MS,2026-03-01,FLORIANO PEIXOTO
2026-03-01,36499,RS,Formigueiro,Unidade Básica de Saúde (UBS),Saúde,Atenção Primária,Seleção 2025 - Unidade Básica de Saúde - UBS,Obra,Em execução,2056000.0,0.0,2026,Municipal,Mais Informações,Seleção,OGU,MS,2026-03-01,FORMIGUEIRO
2026-03-01,25270,RS,Garibaldi,Unidade Básica de Saúde - UBS,Saúde,Atenção Primária,Seleção 2023 - Unidades Básicas de Saúde - UBSs,Obra,Em execução,2026110.0,30.0,2026,Municipal,Mais Informações,Seleção,OGU,MS,2026-03-01,GARIBALDI
2026-03-01,36516,RS,General Câmara,Unidade Básica de Saúde (UBS),Saúde,Atenção Primária,Seleção 2025 - Unidade Básica de Saúde - UBS,Obra,Em execução,2056000.0,0.0,2026,Municipal,Mais Informações,Seleção,OGU,MS,2026-03-01,GENERAL CÂMARA
2026-03-01,25557,RS,Glorinha,Unidade Básica de Saúde - UBS,Saúde,Atenção Primária,Seleção 2023 - Unidades Básicas de Saúde - UBSs,Obra,Em execução,2026110.0,31.0,2026,Municipal,Mais Informações,Seleção,OGU,MS,2026-03-01,GLORINHA
2026-03-01,23756,RS,Gramado,Unidade Básica de Saúde - UBS,Saúde,Atenção Primária,Seleção 2023 - Unidades Básicas de Saúde - UBSs,Obra,Em execução,2026110.0,25.0,2026,Municipal,Mais Informações,Seleção,OGU,MS,2026-03-01,GRAMADO
2026-03-01,24526,RS,Gramado dos Loureiros,Unidade Básica de Saúde - UBS,Saúde,Atenção Primária,Seleção 2023 - Unidades Básicas de Saúde - UBSs,Obra,Em execução,2026110.0,17.0,2026,Municipal,Mais Informações,Seleção,OGU,MS,2026-03-01,GRAMADO DOS LOUREIROS
2026-03-01,23831,RS,Gravataí,Unidade Básica de Saúde - UBS,Saúde,Atenção Primária,Seleção 2023 - Unidades Básicas de Saúde - UBSs,Obra,Em execução,5326268.0,74.0,2026,Municipal,Mais Informações,Seleção,OGU,MS,2026-03-01,GRAVATAÍ
2026-03-01,36531,RS,Gravataí,Unidade Básica de Saúde (UBS),Saúde,Atenção Primária,Seleção 2025 - Unidade Básica de Saúde - UBS,Obra,Em execução,4456000.0,0.0,2026,Municipal,Mais Informações,Seleção,OGU,MS,2026-03-01,GRAVATAÍ
2026-03-01,25780,RS,Guaíba,Unidade Básica de Saúde - UBS,Saúde,Atenção Primária,Seleção 2023 - Unidades Básicas de Saúde - UBSs,Obra,Em execução,2452054.0,67.0,2025,Municipal,Mais Informações,Seleção,OGU,MS,2026-03-01,GUAÍBA
2026-03-01,25831,RS,Guaíba,Unidade Básica de Saúde - UBS,Saúde,Atenção Primária,Seleção 2023 - Unidades Básicas de Saúde - UBSs,Obra,Em execução,2452054.0,60.0,2025,Municipal,Mais Informações,Seleção,OGU,MS,2026-03-01,GUAÍBA
2026-03-01,24523,RS,Guaporé,Unidade Básica de Saúde - UBS,Saúde,Atenção Primária,Seleção 2023 - Unidades Básicas de Saúde - UBSs,Obra,Em execução,2026110.0,31.0,2026,Municipal,Mais Informações,Seleção,OGU,MS,2026-03-01,GUAPORÉ
2026-03-01,24041,RS,Ibiraiaras,Unidade Básica de Saúde - UBS,Saúde,Atenção Primária,Seleção 2023 - Unidades Básicas de Saúde - UBSs,Obra,Em execução,2026110.0,0.0,2026,Municipal,Mais Informações,Seleção,OGU,MS,2026-03-01,IBIRAIARAS
2026-03-01,24397,RS,Ibirubá,Unidade Básica de Saúde - UBS,Saúde,Atenção Primária,Seleção 2023 - Unidades Básicas de Saúde - UBSs,Obra,Em execução,2026110.0,41.0,2026,Municipal,Mais Informações,Seleção,OGU,MS,2026-03-01,IBIRUBÁ
2026-03-01,23821,RS,Igrejinha,Unidade Básica de Saúde - UBS,Saúde,Atenção Primária,Seleção 2023 - Unidades Básicas de Saúde - UBSs,Obra,Em execução,2026110.0,62.0,2026,Municipal,Mais Informações,Seleção,OGU,MS,2026-03-01,IGREJINHA
2026-03-01,25774,RS,Ijuí,Unidade Básica de Saúde - UBS,Saúde,Atenção Primária,Seleção 2023 - Unidades Básicas de Saúde - UBSs,Obra,Em execução,2452054.0,35.0,2026,Municipal,Mais Informações,Seleção,OGU,MS,2026-03-01,IJUÍ
2026-03-01,24124,RS,Imbé,Unidade Básica de Saúde - UBS,Saúde,Atenção Primária,Seleção 2023 - Unidades Básicas de Saúde - UBSs,Obra,Em execução,2452054.0,30.0,2026,Municipal,Mais Informações,Seleção,OGU,MS,2026-03-01,IMBÉ
2026-03-01,36579,RS,Imigrante,Unidade Básica de Saúde (UBS),Saúde,Atenção Primária,Seleção 2025 - Unidade Básica de Saúde - UBS,Obra,Em execução,2056000.0,0.0,2026,Municipal,Mais Informações,Seleção,OGU,MS,2026-03-01,IMIGRANTE
2026-03-01,24226,RS,Iraí,Unidade Básica de Saúde - UBS,Saúde,Atenção Primária,Seleção 2023 - Unidades Básicas de Saúde - UBSs,Obra,Em execução,2783622.0,69.0,2026,Municipal,Mais Informações,Seleção,OGU,MS,2026-03-01,IRAÍ
2026-03-01,24137,RS,Itacurubi,Unidade Básica de Saúde - UBS,Saúde,Atenção Primária,Seleção 2023 - Unidades Básicas de Saúde - UBSs,Obra,Em execução,2026110.0,18.0,2026,Municipal,Mais Informações,Seleção,OGU,MS,2026-03-01,ITACURUBI
2026-03-01,23405,RS,Itaqui,Retomada - Construção de Unidade Básica de Saúde - UBS,Saúde,Atenção Primária,Retomada de Obras - Saúde,Obra,Em ação preparatória,81852.96,80.0,2026,Municipal,Mais Informações,Planejamento Setorial,OGU,MS,2026-03-01,ITAQUI
2026-03-01,23406,RS,Itaqui,Retomada - Construção de Unidade Básica de Saúde - UBS,Saúde,Atenção Primária,Retomada de Obras - Saúde,Obra,Em ação preparatória,163452.96,63.0,2026,Municipal,Mais Informações,Planejamento Setorial,OGU,MS,2026-03-01,ITAQUI
2026-03-01,25763,RS,Ivoti,Unidade Básica de Saúde - UBS,Saúde,Atenção Primária,Seleção 2023 - Unidades Básicas de Saúde - UBSs,Obra,Em execução,2452054.0,30.0,2026,Municipal,Mais Informações,Seleção,OGU,MS,2026-03-01,IVOTI
2026-03-01,24333,RS,Jaguarão,Unidade Básica de Saúde - UBS,Saúde,Atenção Primária,Seleção 2023 - Unidades Básicas de Saúde - UBSs,Obra,Em execução,2026110.0,59.0,2026,Municipal,Mais Informações,Seleção,OGU,MS,2026-03-01,JAGUARÃO
2026-03-01,23685,RS,Jóia,Unidade Básica de Saúde - UBS,Saúde,Atenção Primária,Seleção 2023 - Unidades Básicas de Saúde - UBSs,Obra,Em execução,2783622.0,18.0,2026,Municipal,Mais Informações,Seleção,OGU,MS,2026-03-01,JÓIA
2026-03-01,23650,RS,Júlio de Castilhos,Unidade Básica de Saúde - UBS,Saúde,Atenção Primária,Seleção 2023 - Unidades Básicas de Saúde - UBSs,Obra,Em execução,2026110.0,60.0,2026,Municipal,Mais Informações,Seleção,OGU,MS,2026-03-01,JÚLIO DE CASTILHOS
2026-03-01,23400,RS,Lagoa Vermelha,Retomada - Construção de Unidade Básica de Saúde - UBS,Saúde,Atenção Primária,Retomada de Obras - Saúde,Obra,Concluído,0.0,100.0,2023,Municipal,Mais Informações,Planejamento Setorial,OGU,MS,2026-03-01,LAGOA VERMELHA
2026-03-01,24385,RS,Lagoa Vermelha,Unidade Básica de Saúde - UBS,Saúde,Atenção Primária,Seleção 2023 - Unidades Básicas de Saúde - UBSs,Obra,Em execução,2026110.0,5.0,2026,Municipal,Mais Informações,Seleção,OGU,MS,2026-03-01,LAGOA VERMELHA
2026-03-01,24309,RS,Lajeado,Unidade Básica de Saúde - UBS,Saúde,Atenção Primária,Seleção 2023 - Unidades Básicas de Saúde - UBSs,Obra,Em execução,5326268.0,30.0,2026,Municipal,Mais Informações,Seleção,OGU,MS,2026-03-01,LAJEADO
2026-03-01,24132,RS,Lavras do Sul,Unidade Básica de Saúde - UBS,Saúde,Atenção Primária,Seleção 2023 - Unidades Básicas de Saúde - UBSs,Obra,Em execução,2026110.0,5.0,2026,Municipal,Mais Informações,Seleção,OGU,MS,2026-03-01,LAVRAS DO SUL
2026-03-01,24053,RS,Lindolfo Collor,Unidade Básica de Saúde - UBS,Saúde,Atenção Primária,Seleção 2023 - Unidades Básicas de Saúde - UBSs,Obra,Em execução,2026110.0,31.0,2026,Municipal,Mais Informações,Seleção,OGU,MS,2026-03-01,LINDOLFO COLLOR
2026-03-01,36710,RS,Maçambará,Unidade Básica de Saúde (UBS),Saúde,Atenção Primária,Seleção 2025 - Unidade Básica de Saúde - UBS,Obra,Em ação preparatória,2056000.0,0.0,2026,Municipal,Mais Informações,Seleção,OGU,MS,2026-03-01,MAÇAMBARÁ
2026-03-01,24980,RS,Marau,Unidade Básica de Saúde - UBS,Saúde,Atenção Primária,Seleção 2023 - Unidades Básicas de Saúde - UBSs,Obra,Em execução,2026110.0,30.0,2026,Municipal,Mais Informações,Seleção,OGU,MS,2026-03-01,MARAU
2026-03-01,36741,RS,Mata,Unidade Básica de Saúde (UBS),Saúde,Atenção Primária,Seleção 2025 - Unidade Básica de Saúde - UBS,Obra,Em licitação / Leilão,2630000.0,0.0,2026,Municipal,Mais Informações,Seleção,OGU,MS,2026-03-01,MATA
2026-03-01,24521,RS,Montenegro,Unidade Básica de Saúde - UBS,Saúde,Atenção Primária,Seleção 2023 - Unidades Básicas de Saúde - UBSs,Obra,Em execução,5326268.0,23.0,2026,Municipal,Mais Informações,Seleção,OGU,MS,2026-03-01,MONTENEGRO
2026-03-01,24481,RS,Mostardas,Unidade Básica de Saúde - UBS,Saúde,Atenção Primária,Seleção 2023 - Unidades Básicas de Saúde - UBSs,Obra,Em execução,2452054.0,0.0,2026,Municipal,Mais Informações,Seleção,OGU,MS,2026-03-01,MOSTARDAS
2026-03-01,23602,RS,Não-Me-Toque,Unidade Básica de Saúde - UBS,Saúde,Atenção Primária,Seleção 2023 - Unidades Básicas de Saúde - UBSs,Obra,Em execução,2026110.0,35.0,2026,Municipal,Mais Informações,Seleção,OGU,MS,2026-03-01,NÃO-ME-TOQUE
2026-03-01,24822,RS,Nonoai,Unidade Básica de Saúde - UBS,Saúde,Atenção Primária,Seleção 2023 - Unidades Básicas de Saúde - UBSs,Obra,Em execução,2026110.0,3.0,2026,Municipal,Mais Informações,Seleção,OGU,MS,2026-03-01,NONOAI
2026-03-01,23670,RS,Nova Hartz,Unidade Básica de Saúde - UBS,Saúde,Atenção Primária,Seleção 2023 - Unidades Básicas de Saúde - UBSs,Obra,Em execução,2452054.0,40.0,2026,Municipal,Mais Informações,Seleção,OGU,MS,2026-03-01,NOVA HARTZ
2026-03-01,24509,RS,Nova Prata,Unidade Básica de Saúde - UBS,Saúde,Atenção Primária,Seleção 2023 - Unidades Básicas de Saúde - UBSs,Obra,Em execução,2783622.0,40.0,2026,Municipal,Mais Informações,Seleção,OGU,MS,2026-03-01,NOVA PRATA
2026-03-01,24022,RS,Nova Santa Rita,Unidade Básica de Saúde - UBS,Saúde,Atenção Primária,Seleção 2023 - Unidades Básicas de Saúde - UBSs,Obra,Em execução,2026110.0,31.0,2026,Municipal,Mais Informações,Seleção,OGU,MS,2026-03-01,NOVA SANTA RITA
2026-03-01,24423,RS,Novo Hamburgo,Unidade Básica de Saúde - UBS,Saúde,Atenção Primária,Seleção 2023 - Unidades Básicas de Saúde - UBSs,Obra,Em execução,2452054.0,19.0,2026,Municipal,Mais Informações,Seleção,OGU,MS,2026-03-01,NOVO HAMBURGO
2026-03-01,36795,RS,Novo Hamburgo,Unidade Básica de Saúde (UBS),Saúde,Atenção Primária,Seleção 2025 - Unidade Básica de Saúde - UBS,Obra,Em execução,2056000.0,0.0,2026,Municipal,Mais Informações,Seleção,OGU,MS,2026-03-01,NOVO HAMBURGO
2026-03-01,23867,RS,Osório,Unidade Básica de Saúde - UBS,Saúde,Atenção Primária,Seleção 2023 - Unidades Básicas de Saúde - UBSs,Obra,Em execução,2452054.0,36.0,2026,Municipal,Mais Informações,Seleção,OGU,MS,2026-03-01,OSÓRIO
2026-03-01,36805,RS,Osório,Unidade Básica de Saúde (UBS),Saúde,Atenção Primária,Seleção 2025 - Unidade Básica de Saúde - UBS,Obra,Em licitação / Leilão,2630000.0,0.0,2026,Municipal,Mais Informações,Seleção,OGU,MS,2026-03-01,OSÓRIO
2026-03-01,36812,RS,Paim Filho,Unidade Básica de Saúde (UBS),Saúde,Atenção Primária,Seleção 2025 - Unidade Básica de Saúde - UBS,Obra,Em execução,2630000.0,0.0,2026,Municipal,Mais Informações,Seleção,OGU,MS,2026-03-01,PAIM FILHO
2026-03-01,24153,RS,Palmares do Sul,Unidade Básica de Saúde - UBS,Saúde,Atenção Primária,Seleção 2023 - Unidades Básicas de Saúde - UBSs,Obra,Em execução,2026110.0,54.0,2026,Municipal,Mais Informações,Seleção,OGU,MS,2026-03-01,PALMARES DO SUL
2026-03-01,36815,RS,Palmeira das Missões,Unidade Básica de Saúde (UBS),Saúde,Atenção Primária,Seleção 2025 - Unidade Básica de Saúde - UBS,Obra,Em ação preparatória,2056000.0,0.0,2026,Municipal,Mais Informações,Seleção,OGU,MS,2026-03-01,PALMEIRA DAS MISSÕES
2026-03-01,24956,RS,Palmitinho,Unidade Básica de Saúde - UBS,Saúde,Atenção Primária,Seleção 2023 - Unidades Básicas de Saúde - UBSs,Obra,Em execução,2452054.0,35.0,2026,Municipal,Mais Informações,Seleção,OGU,MS,2026-03-01,PALMITINHO
2026-03-01,36818,RS,Pantano Grande,Unidade Básica de Saúde (UBS),Saúde,Atenção Primária,Seleção 2025 - Unidade Básica de Saúde - UBS,Obra,Em execução,2630000.0,0.0,2026,Municipal,Mais Informações,Seleção,OGU,MS,2026-03-01,PANTANO GRANDE
2026-03-01,36824,RS,Paraíso do Sul,Unidade Básica de Saúde (UBS),Saúde,Atenção Primária,Seleção 2025 - Unidade Básica de Saúde - UBS,Obra,Em execução,2056000.0,0.0,2026,Municipal,Mais Informações,Seleção,OGU,MS,2026-03-01,PARAÍSO DO SUL
2026-03-01,25833,RS,Parobé,Unidade Básica de Saúde - UBS,Saúde,Atenção Primária,Seleção 2023 - Unidades Básicas de Saúde - UBSs,Obra,Em execução,2452054.0,45.0,2026,Municipal,Mais Informações,Seleção,OGU,MS,2026-03-01,PAROBÉ
2026-03-01,25688,RS,Passo Fundo,Unidade Básica de Saúde - UBS,Saúde,Atenção Primária,Seleção 2023 - Unidades Básicas de Saúde - UBSs,Obra,Em execução,2026110.0,0.0,2026,Municipal,Mais Informações,Seleção,OGU,MS,2026-03-01,PASSO FUNDO
2026-03-01,25719,RS,Passo Fundo,Unidade Básica de Saúde - UBS,Saúde,Atenção Primária,Seleção 2023 - Unidades Básicas de Saúde - UBSs,Obra,Em execução,2026110.0,0.0,2026,Municipal,Mais Informações,Seleção,OGU,MS,2026-03-01,PASSO FUNDO
2026-03-01,36847,RS,Pelotas,Unidade Básica de Saúde (UBS),Saúde,Atenção Primária,Seleção 2025 - Unidade Básica de Saúde - UBS,Obra,Em licitação / Leilão,4456000.0,0.0,2026,Municipal,Mais Informações,Seleção,OGU,MS,2026-03-01,PELOTAS
2026-03-01,23964,RS,Pinheiro Machado,Unidade Básica de Saúde - UBS,Saúde,Atenção Primária,Seleção 2023 - Unidades Básicas de Saúde - UBSs,Obra,Em execução,2452054.0,30.0,2026,Municipal,Mais Informações,Seleção,OGU,MS,2026-03-01,PINHEIRO MACHADO
2026-03-01,24000,RS,Poço das Antas,Unidade Básica de Saúde - UBS,Saúde,Atenção Primária,Seleção 2023 - Unidades Básicas de Saúde - UBSs,Obra,Em execução,2026110.0,30.0,2026,Municipal,Mais Informações,Seleção,OGU,MS,2026-03-01,POÇO DAS ANTAS
2026-03-01,36875,RS,Pontão,Unidade Básica de Saúde (UBS),Saúde,Atenção Primária,Seleção 2025 - Unidade Básica de Saúde - UBS,Obra,Em execução,2056000.0,0.0,2026,Municipal,Mais Informações,Seleção,OGU,MS,2026-03-01,PONTÃO
2026-03-01,24134,RS,Portão,Unidade Básica de Saúde - UBS,Saúde,Atenção Primária,Seleção 2023 - Unidades Básicas de Saúde - UBSs,Obra,Em execução,5326268.0,97.0,2025,Municipal,Mais Informações,Seleção,OGU,MS,2026-03-01,PORTÃO
2026-03-01,25106,RS,Porto Alegre,Unidade Básica de Saúde - UBS,Saúde,Atenção Primária,Seleção 2023 - Unidades Básicas de Saúde - UBSs,Obra,Em execução,6628334.0,0.0,2026,Municipal,Mais Informações,Seleção,OGU,MS,2026-03-01,PORTO ALEGRE
2026-03-01,23868,RS,Putinga,Unidade Básica de Saúde - UBS,Saúde,Atenção Primária,Seleção 2023 - Unidades Básicas de Saúde - UBSs,Obra,Em execução,2452054.0,90.0,2026,Municipal,Mais Informações,Seleção,OGU,MS,2026-03-01,PUTINGA
2026-03-01,36893,RS,Quaraí,Unidade Básica de Saúde (UBS),Saúde,Atenção Primária,Seleção 2025 - Unidade Básica de Saúde - UBS,Obra,Em licitação / Leilão,2056000.0,0.0,2026,Municipal,Mais Informações,Seleção,OGU,MS,2026-03-01,QUARAÍ
2026-03-01,36901,RS,Redentora,Unidade Básica de Saúde (UBS),Saúde,Atenção Primária,Seleção 2025 - Unidade Básica de Saúde - UBS,Obra,Em execução,2056000.0,0.0,2026,Municipal,Mais Informações,Seleção,OGU,MS,2026-03-01,REDENTORA
2026-03-01,23863,RS,Rio Grande,Unidade Básica de Saúde - UBS,Saúde,Atenção Primária,Seleção 2023 - Unidades Básicas de Saúde - UBSs,Obra,Em ação preparatória,2452054.0,18.0,2026,Municipal,Mais Informações,Seleção,OGU,MS,2026-03-01,RIO GRANDE
2026-03-01,23871,RS,Rio Grande,Unidade Básica de Saúde - UBS,Saúde,Atenção Primária,Seleção 2023 - Unidades Básicas de Saúde - UBSs,Obra,Em execução,2452054.0,20.0,2026,Municipal,Mais Informações,Seleção,OGU,MS,2026-03-01,RIO GRANDE
2026-03-01,36915,RS,Rio Grande,Unidade Básica de Saúde (UBS),Saúde,Atenção Primária,Seleção 2025 - Unidade Básica de Saúde - UBS,Obra,Em licitação / Leilão,3421000.0,0.0,2026,Municipal,Mais Informações,Seleção,OGU,MS,2026-03-01,RIO GRANDE
2026-03-01,24551,RS,Rio Pardo,Unidade Básica de Saúde - UBS,Saúde,Atenção Primária,Seleção 2023 - Unidades Básicas de Saúde - UBSs,Obra,Em execução,2783622.0,67.0,2026,Municipal,Mais Informações,Seleção,OGU,MS,2026-03-01,RIO PARDO
2026-03-01,24557,RS,Rio Pardo,Unidade Básica de Saúde - UBS,Saúde,Atenção Primária,Seleção 2023 - Unidades Básicas de Saúde - UBSs,Obra,Em execução,2026110.0,15.0,2026,Municipal,Mais Informações,Seleção,OGU,MS,2026-03-01,RIO PARDO
2026-03-01,24121,RS,Rodeio Bonito,Unidade Básica de Saúde - UBS,Saúde,Atenção Primária,Seleção 2023 - Unidades Básicas de Saúde - UBSs,Obra,Em execução,2026110.0,30.0,2026,Municipal,Mais Informações,Seleção,OGU,MS,2026-03-01,RODEIO BONITO
2026-03-01,24415,RS,Rolante,Unidade Básica de Saúde - UBS,Saúde,Atenção Primária,Seleção 2023 - Unidades Básicas de Saúde - UBSs,Obra,Em execução,2783622.0,37.0,2026,Municipal,Mais Informações,Seleção,OGU,MS,2026-03-01,ROLANTE
2026-03-01,24696,RS,Ronda Alta,Unidade Básica de Saúde - UBS,Saúde,Atenção Primária,Seleção 2023 - Unidades Básicas de Saúde - UBSs,Obra,Em execução,2452054.0,0.0,2026,Municipal,Mais Informações,Seleção,OGU,MS,2026-03-01,RONDA ALTA
2026-03-01,24301,RS,Rosário do Sul,Unidade Básica de Saúde - UBS,Saúde,Atenção Primária,Seleção 2023 - Unidades Básicas de Saúde - UBSs,Obra,Em execução,2026110.0,20.0,2026,Municipal,Mais Informações,Seleção,OGU,MS,2026-03-01,ROSÁRIO DO SUL
2026-03-01,24321,RS,Rosário do Sul,Unidade Básica de Saúde - UBS,Saúde,Atenção Primária,Seleção 2023 - Unidades Básicas de Saúde - UBSs,Obra,Em execução,2026110.0,27.0,2026,Municipal,Mais Informações,Seleção,OGU,MS,2026-03-01,ROSÁRIO DO SUL
2026-03-01,36922,RS,Rosário do Sul,Unidade Básica de Saúde (UBS),Saúde,Atenção Primária,Seleção 2025 - Unidade Básica de Saúde - UBS,Obra,Em licitação / Leilão,4456000.0,0.0,2026,Municipal,Mais Informações,Seleção,OGU,MS,2026-03-01,ROSÁRIO DO SUL
2026-03-01,24183,RS,Sananduva,Unidade Básica de Saúde - UBS,Saúde,Atenção Primária,Seleção 2023 - Unidades Básicas de Saúde - UBSs,Obra,Em execução,2026110.0,13.0,2026,Municipal,Mais Informações,Seleção,OGU,MS,2026-03-01,SANANDUVA
2026-03-01,25651,RS,Santa Maria,Unidade Básica de Saúde - UBS,Saúde,Atenção Primária,Seleção 2023 - Unidades Básicas de Saúde - UBSs,Obra,Em execução,2452054.0,1.0,2026,Municipal,Mais Informações,Seleção,OGU,MS,2026-03-01,SANTA MARIA
2026-03-01,25689,RS,Sant'Ana do Livramento,Unidade Básica de Saúde - UBS,Saúde,Atenção Primária,Seleção 2023 - Unidades Básicas de Saúde - UBSs,Obra,Em execução,5326268.0,21.0,2026,Municipal,Mais Informações,Seleção,OGU,MS,2026-03-01,SANT'ANA DO LIVRAMENTO
2026-03-01,25693,RS,Sant'Ana do Livramento,Unidade Básica de Saúde - UBS,Saúde,Atenção Primária,Seleção 2023 - Unidades Básicas de Saúde - UBSs,Obra,Em execução,5326268.0,19.0,2026,Municipal,Mais Informações,Seleção,OGU,MS,2026-03-01,SANT'ANA DO LIVRAMENTO
2026-03-01,24573,RS,Santiago,Unidade Básica de Saúde - UBS,Saúde,Atenção Primária,Seleção 2023 - Unidades Básicas de Saúde - UBSs,Obra,Em execução,2026110.0,39.0,2026,Municipal,Mais Informações,Seleção,OGU,MS,2026-03-01,SANTIAGO
2026-03-01,25296,RS,Santo Antônio da Patrulha,Unidade Básica de Saúde - UBS,Saúde,Atenção Primária,Seleção 2023 - Unidades Básicas de Saúde - UBSs,Obra,Em execução,2026110.0,45.0,2026,Municipal,Mais Informações,Seleção,OGU,MS,2026-03-01,SANTO ANTÔNIO DA PATRULHA
2026-03-01,24443,RS,Santo Augusto,Unidade Básica de Saúde - UBS,Saúde,Atenção Primária,Seleção 2023 - Unidades Básicas de Saúde - UBSs,Obra,Em execução,2026110.0,34.0,2025,Municipal,Mais Informações,Seleção,OGU,MS,2026-03-01,SANTO AUGUSTO
2026-03-01,24071,RS,São Francisco de Paula,Unidade Básica de Saúde - UBS,Saúde,Atenção Primária,Seleção 2023 - Unidades Básicas de Saúde - UBSs,Obra,Em execução,2026110.0,30.0,2026,Municipal,Mais Informações,Seleção,OGU,MS,2026-03-01,SÃO FRANCISCO DE PAULA
2026-03-01,25792,RS,São Jerônimo,Unidade Básica de Saúde - UBS,Saúde,Atenção Primária,Seleção 2023 - Unidades Básicas de Saúde - UBSs,Obra,Em execução,2026110.0,49.0,2026,Municipal,Mais Informações,Seleção,OGU,MS,2026-03-01,SÃO JERÔNIMO
2026-03-01,24651,RS,São José do Norte,Unidade Básica de Saúde - UBS,Saúde,Atenção Primária,Seleção 2023 - Unidades Básicas de Saúde - UBSs,Obra,Em execução,2026110.0,19.0,2026,Municipal,Mais Informações,Seleção,OGU,MS,2026-03-01,SÃO JOSÉ DO NORTE
2026-03-01,24652,RS,São José do Norte,Unidade Básica de Saúde - UBS,Saúde,Atenção Primária,Seleção 2023 - Unidades Básicas de Saúde - UBSs,Obra,Em execução,2026110.0,26.0,2026,Municipal,Mais Informações,Seleção,OGU,MS,2026-03-01,SÃO JOSÉ DO NORTE
2026-03-01,36975,RS,São José dos Ausentes,Unidade Básica de Saúde (UBS),Saúde,Atenção Primária,Seleção 2025 - Unidade Básica de Saúde - UBS,Obra,Em execução,2056000.0,0.0,2026,Municipal,Mais Informações,Seleção,OGU,MS,2026-03-01,SÃO JOSÉ DOS AUSENTES
2026-03-01,24844,RS,São Leopoldo,Unidade Básica de Saúde - UBS,Saúde,Atenção Primária,Seleção 2023 - Unidades Básicas de Saúde - UBSs,Obra,Em execução,2783622.0,23.0,2026,Municipal,Mais Informações,Seleção,OGU,MS,2026-03-01,SÃO LEOPOLDO
2026-03-01,25639,RS,São Leopoldo,Unidade Básica de Saúde - UBS,Saúde,Atenção Primária,Seleção 2023 - Unidades Básicas de Saúde - UBSs,Obra,Em ação preparatória,2783622.0,3.0,2026,Municipal,Mais Informações,Seleção,OGU,MS,2026-03-01,SÃO LEOPOLDO
2026-03-01,24751,RS,São Lourenço do Sul,Unidade Básica de Saúde - UBS,Saúde,Atenção Primária,Seleção 2023 - Unidades Básicas de Saúde - UBSs,Obra,Em execução,2452054.0,21.0,2026,Municipal,Mais Informações,Seleção,OGU,MS,2026-03-01,SÃO LOURENÇO DO SUL
2026-03-01,36979,RS,São Lourenço do Sul,Unidade Básica de Saúde (UBS),Saúde,Atenção Primária,Seleção 2025 - Unidade Básica de Saúde - UBS,Obra,Em ação preparatória,2056000.0,0.0,2026,Municipal,Mais Informações,Seleção,OGU,MS,2026-03-01,SÃO LOURENÇO DO SUL
2026-03-01,24040,RS,São Martinho,Unidade Básica de Saúde - UBS,Saúde,Atenção Primária,Seleção 2023 - Unidades Básicas de Saúde - UBSs,Obra,Em execução,2026110.0,98.0,2025,Municipal,Mais Informações,Seleção,OGU,MS,2026-03-01,SÃO MARTINHO
2026-03-01,24667,RS,São Pedro da Serra,Unidade Básica de Saúde - UBS,Saúde,Atenção Primária,Seleção 2023 - Unidades Básicas de Saúde - UBSs,Obra,Em execução,2452054.0,35.0,2026,Municipal,Mais Informações,Seleção,OGU,MS,2026-03-01,SÃO PEDRO DA SERRA
2026-03-01,24011,RS,São Pedro do Sul,Unidade Básica de Saúde - UBS,Saúde,Atenção Primária,Seleção 2023 - Unidades Básicas de Saúde - UBSs,Obra,Em execução,2026110.0,48.0,2026,Municipal,Mais Informações,Seleção,OGU,MS,2026-03-01,SÃO PEDRO DO SUL
2026-03-01,24804,RS,São Sebastião do Caí,Unidade Básica de Saúde - UBS,Saúde,Atenção Primária,Seleção 2023 - Unidades Básicas de Saúde - UBSs,Obra,Em execução,2026110.0,29.0,2026,Municipal,Mais Informações,Seleção,OGU,MS,2026-03-01,SÃO SEBASTIÃO DO CAÍ
2026-03-01,25717,RS,São Sepé,Unidade Básica de Saúde - UBS,Saúde,Atenção Primária,Seleção 2023 - Unidades Básicas de Saúde - UBSs,Obra,Em execução,2026110.0,30.0,2026,Municipal,Mais Informações,Seleção,OGU,MS,2026-03-01,SÃO SEPÉ
2026-03-01,36993,RS,São Valentim,Unidade Básica de Saúde (UBS),Saúde,Atenção Primária,Seleção 2025 - Unidade Básica de Saúde - UBS,Obra,Em execução,2630000.0,0.0,2026,Municipal,Mais Informações,Seleção,OGU,MS,2026-03-01,SÃO VALENTIM
2026-03-01,36994,RS,São Vicente do Sul,Unidade Básica de Saúde (UBS),Saúde,Atenção Primária,Seleção 2025 - Unidade Básica de Saúde - UBS,Obra,Em licitação / Leilão,2056000.0,0.0,2026,Municipal,Mais Informações,Seleção,OGU,MS,2026-03-01,SÃO VICENTE DO SUL
2026-03-01,24004,RS,Sapucaia do Sul,Unidade Básica de Saúde - UBS,Saúde,Atenção Primária,Seleção 2023 - Unidades Básicas de Saúde - UBSs,Obra,Em execução,2783622.0,10.0,2026,Municipal,Mais Informações,Seleção,OGU,MS,2026-03-01,SAPUCAIA DO SUL
2026-03-01,24021,RS,Sapucaia do Sul,Unidade Básica de Saúde - UBS,Saúde,Atenção Primária,Seleção 2023 - Unidades Básicas de Saúde - UBSs,Obra,Em execução,2783622.0,14.0,2026,Municipal,Mais Informações,Seleção,OGU,MS,2026-03-01,SAPUCAIA DO SUL
2026-03-01,36997,RS,Sarandi,Unidade Básica de Saúde (UBS),Saúde,Atenção Primária,Seleção 2025 - Unidade Básica de Saúde - UBS,Obra,Em execução,2056000.0,0.0,2026,Municipal,Mais Informações,Seleção,OGU,MS,2026-03-01,SARANDI
2026-03-01,24520,RS,Serafina Corrêa,Unidade Básica de Saúde - UBS,Saúde,Atenção Primária,Seleção 2023 - Unidades Básicas de Saúde - UBSs,Obra,Em execução,2026110.0,53.0,2026,Municipal,Mais Informações,Seleção,OGU,MS,2026-03-01,SERAFINA CORRÊA
2026-03-01,24802,RS,Sobradinho,Unidade Básica de Saúde - UBS,Saúde,Atenção Primária,Seleção 2023 - Unidades Básicas de Saúde - UBSs,Obra,Em execução,2026110.0,35.0,2027,Municipal,Mais Informações,Seleção,OGU,MS,2026-03-01,SOBRADINHO
2026-03-01,24447,RS,Taquara,Unidade Básica de Saúde - UBS,Saúde,Atenção Primária,Seleção 2023 - Unidades Básicas de Saúde - UBSs,Obra,Em execução,5326268.0,30.0,2026,Municipal,Mais Informações,Seleção,OGU,MS,2026-03-01,TAQUARA
2026-03-01,37027,RS,Taquari,Unidade Básica de Saúde (UBS),Saúde,Atenção Primária,Seleção 2025 - Unidade Básica de Saúde - UBS,Obra,Em licitação / Leilão,2056000.0,0.0,2026,Municipal,Mais Informações,Seleção,OGU,MS,2026-03-01,TAQUARI
2026-03-01,24682,RS,Tavares,Unidade Básica de Saúde - UBS,Saúde,Atenção Primária,Seleção 2023 - Unidades Básicas de Saúde - UBSs,Obra,Em execução,2026110.0,61.0,2026,Municipal,Mais Informações,Seleção,OGU,MS,2026-03-01,TAVARES
2026-03-01,37035,RS,Tenente Portela,Unidade Básica de Saúde (UBS),Saúde,Atenção Primária,Seleção 2025 - Unidade Básica de Saúde - UBS,Obra,Em execução,2056000.0,0.0,2026,Municipal,Mais Informações,Seleção,OGU,MS,2026-03-01,TENENTE PORTELA
2026-03-01,25715,RS,Terra de Areia,Unidade Básica de Saúde - UBS,Saúde,Atenção Primária,Seleção 2023 - Unidades Básicas de Saúde - UBSs,Obra,Em execução,2026110.0,30.0,2026,Municipal,Mais Informações,Seleção,OGU,MS,2026-03-01,TERRA DE AREIA
2026-03-01,23636,RS,Teutônia,Unidade Básica de Saúde - UBS,Saúde,Atenção Primária,Seleção 2023 - Unidades Básicas de Saúde - UBSs,Obra,Em execução,2026110.0,65.0,2026,Municipal,Mais Informações,Seleção,OGU,MS,2026-03-01,TEUTÔNIA
2026-03-01,24908,RS,Torres,Unidade Básica de Saúde - UBS,Saúde,Atenção Primária,Seleção 2023 - Unidades Básicas de Saúde - UBSs,Obra,Em execução,2026110.0,28.0,2026,Municipal,Mais Informações,Seleção,OGU,MS,2026-03-01,TORRES
2026-03-01,25130,RS,Tramandaí,Unidade Básica de Saúde - UBS,Saúde,Atenção Primária,Seleção 2023 - Unidades Básicas de Saúde - UBSs,Obra,Em execução,2452054.0,65.0,2026,Municipal,Mais Informações,Seleção,OGU,MS,2026-03-01,TRAMANDAÍ
2026-03-01,25450,RS,Tramandaí,Unidade Básica de Saúde - UBS,Saúde,Atenção Primária,Seleção 2023 - Unidades Básicas de Saúde - UBSs,Obra,Em execução,2452054.0,85.0,2026,Municipal,Mais Informações,Seleção,OGU,MS,2026-03-01,TRAMANDAÍ
2026-03-01,37048,RS,Três Coroas,Unidade Básica de Saúde (UBS),Saúde,Atenção Primária,Seleção 2025 - Unidade Básica de Saúde - UBS,Obra,Em licitação / Leilão,2056000.0,0.0,2026,Municipal,Mais Informações,Seleção,OGU,MS,2026-03-01,TRÊS COROAS
2026-03-01,24293,RS,Três Palmeiras,Unidade Básica de Saúde - UBS,Saúde,Atenção Primária,Seleção 2023 - Unidades Básicas de Saúde - UBSs,Obra,Em execução,2026110.0,48.0,2026,Municipal,Mais Informações,Seleção,OGU,MS,2026-03-01,TRÊS PALMEIRAS
2026-03-01,24639,RS,Trindade do Sul,Unidade Básica de Saúde - UBS,Saúde,Atenção Primária,Seleção 2023 - Unidades Básicas de Saúde - UBSs,Obra,Em execução,2452054.0,18.0,2026,Municipal,Mais Informações,Seleção,OGU,MS,2026-03-01,TRINDADE DO SUL
2026-03-01,25286,RS,Tuparendi,Unidade Básica de Saúde - UBS,Saúde,Atenção Primária,Seleção 2023 - Unidades Básicas de Saúde - UBSs,Obra,Em execução,2026110.0,30.0,2026,Municipal,Mais Informações,Seleção,OGU,MS,2026-03-01,TUPARENDI
2026-03-01,24055,RS,Vale do Sol,Unidade Básica de Saúde - UBS,Saúde,Atenção Primária,Seleção 2023 - Unidades Básicas de Saúde - UBSs,Obra,Em execução,2452054.0,30.0,2026,Municipal,Mais Informações,Seleção,OGU,MS,2026-03-01,VALE DO SOL
2026-03-01,23555,RS,Vera Cruz,Unidade Básica de Saúde - UBS,Saúde,Atenção Primária,Seleção 2023 - Unidades Básicas de Saúde - UBSs,Obra,Em execução,2026110.0,51.0,2026,Municipal,Mais Informações,Seleção,OGU,MS,2026-03-01,VERA CRUZ
2026-03-01,25028,RS,Viamão,Unidade Básica de Saúde - UBS,Saúde,Atenção Primária,Seleção 2023 - Unidades Básicas de Saúde - UBSs,Obra,Em execução,2452054.0,56.0,2025,Municipal,Mais Informações,Seleção,OGU,MS,2026-03-01,VIAMÃO
2026-03-01,23635,RS,Vitória das Missões,Unidade Básica de Saúde - UBS,Saúde,Atenção Primária,Seleção 2023 - Unidades Básicas de Saúde - UBSs,Obra,Em execução,2026110.0,10.0,2026,Municipal,Mais Informações,Seleção,OGU,MS,2026-03-01,VITÓRIA DAS MISSÕES
2026-03-01,37083,RS,Westfália,Unidade Básica de Saúde (UBS),Saúde,Atenção Primária,Seleção 2025 - Unidade Básica de Saúde - UBS,Obra,Em execução,2056000.0,0.0,2026,Municipal,Mais Informações,Seleção,OGU,MS,2026-03-01,WESTFÁLIA
2026-03-01,24810,RS,Xangri-lá,Unidade Básica de Saúde - UBS,Saúde,Atenção Primária,Seleção 2023 - Unidades Básicas de Saúde - UBSs,Obra,Em execução,2026110.0,65.0,2026,Municipal,Mais Informações,Seleção,OGU,MS,2026-03-01,XANGRI-LÁ
2026-03-01,26246,RS,Novo Hamburgo,Implantação de Rede Adutora de Água Tratada no Bairro Canudos,Água Para Todos,Abastecimento de água,Seleção 2023 - Abastecimento de Água,Obra,Em ação preparatória,12383593.0,0.0,2026,Municipal,,Seleção,FIN,MCID,2026-03-01,NOVO HAMBURGO
2026-03-01,1876,RS,Panambi,Ampliação do Sistema de Abastecimento de Água (SAA),Água Para Todos,Abastecimento de água,"Retomada, conclusão e novas obras - Abastecimento de Água",Obra,Concluído,11657000.0,100.0,2025,Estadual,,Planejamento Setorial,FIN,MCID,2026-03-01,PANAMBI
2026-03-01,29341,RS,Porto Alegre,Nova Captação e Ampliação da EBAB - ETA José Loureiro da Silva,Água Para Todos,Abastecimento de água,Seleção 2023 - Abastecimento de Água,Obra,Em ação preparatória,35676656.0,0.0,2026,Municipal,,Seleção,FIN,MCID,2026-03-01,PORTO ALEGRE
2026-03-01,29343,RS,Porto Alegre,Obras Complementares do Novo Sistema Ponta do Arado e Ampliação do Sistema Belém Novo,Água Para Todos,Abastecimento de água,Seleção 2023 - Abastecimento de Água,Obra,Em ação preparatória,102627865.0,0.0,2026,Municipal,,Seleção,FIN,MCID,2026-03-01,PORTO ALEGRE
2026-03-01,26633,RS,Aceguá,Implementação de Tecnologias Sociais de Acesso à Água em Aceguá/RS - 40 tecnologias,Água Para Todos,Água para quem mais precisa,Cisternas,Obra,Concluído,294440.0,100.0,2025,Federal,,Planejamento Setorial,OGU,MDS,2026-03-01,ACEGUÁ
2026-03-01,26782,RS,Arroio do Padre,Implementação de Tecnologias Sociais de Acesso à Água em Arroio do Padre/RS - 13 tecnologias,Água Para Todos,Água para quem mais precisa,Cisternas,Obra,Concluído,95693.0,100.0,2025,Federal,,Planejamento Setorial,OGU,MDS,2026-03-01,ARROIO DO PADRE
2026-03-01,26783,RS,Arroio Grande,Implementação de Tecnologias Sociais de Acesso à Água em Arroio Grande/RS - 13 tecnologias,Água Para Todos,Água para quem mais precisa,Cisternas,Obra,Concluído,95693.0,100.0,2025,Federal,,Planejamento Setorial,OGU,MDS,2026-03-01,ARROIO GRANDE
2026-03-01,27023,RS,Candiota,Implementação de Tecnologias Sociais de Acesso à Água em Candiota/RS - 40 tecnologias,Água Para Todos,Água para quem mais precisa,Cisternas,Obra,Concluído,302794.8,100.0,2024,Federal,,Planejamento Setorial,OGU,MDS,2026-03-01,CANDIOTA
2026-03-01,27025,RS,Candiota,Implementação de Tecnologias Sociais de Acesso à Água em Candiota/RS - 5 tecnologias,Água Para Todos,Água para quem mais precisa,Cisternas,Obra,Em execução,37849.73,0.0,2027,Federal,,Planejamento Setorial,OGU,MDS,2026-03-01,CANDIOTA
2026-03-01,36350,RS,Candiota,Sistemas de abastecimento de água em áreas rurais de Candiota,Água Para Todos,Água para quem mais precisa,Seleção 2025 - Abastecimento de água - Rural,Obra,Em ação preparatória,9950281.06,0.0,2029,Estadual,,Seleção,OGU,MCID,2026-03-01,CANDIOTA
2026-03-01,27027,RS,Canguçu,Implementação de Tecnologias Sociais de Acesso à Água em Canguçu/RS - 18 tecnologias,Água Para Todos,Água para quem mais precisa,Cisternas,Obra,Concluído,143777.63,100.0,2024,Federal,,Planejamento Setorial,OGU,MDS,2026-03-01,CANGUÇU
2026-03-01,27029,RS,Canguçu,Implementação de Tecnologias Sociais de Acesso à Água em Canguçu/RS - 9 tecnologias,Água Para Todos,Água para quem mais precisa,Cisternas,Obra,Em execução,71888.32,0.0,2027,Federal,,Planejamento Setorial,OGU,MDS,2026-03-01,CANGUÇU
2026-03-01,27049,RS,Capão do Leão,Implementação de Tecnologias Sociais de Acesso à Água em Capão do Leão/RS - 13 tecnologias,Água Para Todos,Água para quem mais precisa,Cisternas,Obra,Concluído,95693.0,100.0,2024,Federal,,Planejamento Setorial,OGU,MDS,2026-03-01,CAPÃO DO LEÃO
2026-03-01,27195,RS,Cerrito,Implementação de Tecnologias Sociais de Acesso à Água em Cerrito/RS - 13 tecnologias,Água Para Todos,Água para quem mais precisa,Cisternas,Obra,Concluído,95693.0,100.0,2024,Federal,,Planejamento Setorial,OGU,MDS,2026-03-01,CERRITO
2026-03-01,27379,RS,Herval,Implementação de Tecnologias Sociais de Acesso à Água em Herval/RS - 15 tecnologias,Água Para Todos,Água para quem mais precisa,Cisternas,Obra,Concluído,128039.11,100.0,2025,Federal,,Planejamento Setorial,OGU,MDS,2026-03-01,HERVAL
2026-03-01,27380,RS,Herval,Implementação de Tecnologias Sociais de Acesso à Água em Herval/RS - 25 tecnologias,Água Para Todos,Água para quem mais precisa,Cisternas,Obra,Em execução,213398.52,0.0,2027,Federal,,Planejamento Setorial,OGU,MDS,2026-03-01,HERVAL
2026-03-01,27385,RS,Hulha Negra,Implementação de Tecnologias Sociais de Acesso à Água em Hulha Negra/RS - 41 tecnologias,Água Para Todos,Água para quem mais precisa,Cisternas,Obra,Concluído,325680.79,100.0,2025,Federal,,Planejamento Setorial,OGU,MDS,2026-03-01,HULHA NEGRA
2026-03-01,27386,RS,Hulha Negra,Implementação de Tecnologias Sociais de Acesso à Água em Hulha Negra/RS - 6 tecnologias,Água Para Todos,Água para quem mais precisa,Cisternas,Obra,Em execução,47660.97,0.0,2027,Federal,,Planejamento Setorial,OGU,MDS,2026-03-01,HULHA NEGRA
2026-03-01,36444,RS,Hulha Negra,Sistemas de abastecimento de água em áreas rurais de Hulha Negra,Água Para Todos,Água para quem mais precisa,Seleção 2025 - Abastecimento de água - Rural,Obra,Em ação preparatória,10045923.15,0.0,2029,Estadual,,Seleção,OGU,MCID,2026-03-01,HULHA NEGRA
2026-03-01,77,RS,Iraí,Acesso à água na Aldeia AEROPORTO em IRAÍ - RS,Água Para Todos,Água para quem mais precisa,Sistemas simplificados – Aldeias Indígenas,Obra,Concluído,1729377.34,100.0,2025,Federal,,Planejamento Setorial,OGU,MS,2026-03-01,IRAÍ
2026-03-01,27504,RS,Jaguarão,Implementação de Tecnologias Sociais de Acesso à Água em Jaguarão/RS - 4 tecnologias,Água Para Todos,Água para quem mais precisa,Cisternas,Obra,Em execução,36963.42,0.0,2027,Federal,,Planejamento Setorial,OGU,MDS,2026-03-01,JAGUARÃO
2026-03-01,27505,RS,Jaguarão,Implementação de Tecnologias Sociais de Acesso à Água em Jaguarão/RS - 9 tecnologias,Água Para Todos,Água para quem mais precisa,Cisternas,Obra,Concluído,83167.96,100.0,2026,Federal,,Planejamento Setorial,OGU,MDS,2026-03-01,JAGUARÃO
2026-03-01,289,RS,Lajeado do Bugre,Acesso à água na Aldeia PASSO DO INDIO em LAJEADO DO BUGRE - RS,Água Para Todos,Água para quem mais precisa,Sistemas simplificados – Aldeias Indígenas,Obra,Concluído,150887.24,100.0,2024,Federal,,Planejamento Setorial,OGU,MS,2026-03-01,LAJEADO DO BUGRE
2026-03-01,27733,RS,Morro Redondo,Implementação de Tecnologias Sociais de Acesso à Água em Morro Redondo/RS - 13 tecnologias,Água Para Todos,Água para quem mais precisa,Cisternas,Obra,Concluído,95693.0,100.0,2025,Federal,,Planejamento Setorial,OGU,MDS,2026-03-01,MORRO REDONDO
2026-03-01,27934,RS,Pedras Altas,Implementação de Tecnologias Sociais de Acesso à Água em Pedras Altas/RS - 17 tecnologias,Água Para Todos,Água para quem mais precisa,Cisternas,Obra,Em execução,137121.8,0.0,2027,Federal,,Planejamento Setorial,OGU,MDS,2026-03-01,PEDRAS ALTAS
2026-03-01,27935,RS,Pedras Altas,Implementação de Tecnologias Sociais de Acesso à Água em Pedras Altas/RS - 31 tecnologias,Água Para Todos,Água para quem mais precisa,Cisternas,Obra,Concluído,250045.1,100.0,2025,Federal,,Planejamento Setorial,OGU,MDS,2026-03-01,PEDRAS ALTAS
2026-03-01,27941,RS,Pedro Osório,Implementação de Tecnologias Sociais de Acesso à Água em Pedro Osório/RS - 13 tecnologias,Água Para Todos,Água para quem mais precisa,Cisternas,Obra,Concluído,95693.0,100.0,2025,Federal,,Planejamento Setorial,OGU,MDS,2026-03-01,PEDRO OSÓRIO
2026-03-01,27942,RS,Pelotas,Implementação de Tecnologias Sociais de Acesso à Água em Pelotas/RS - 13 tecnologias,Água Para Todos,Água para quem mais precisa,Cisternas,Obra,Em execução,120131.38,0.0,2027,Federal,,Planejamento Setorial,OGU,MDS,2026-03-01,PELOTAS
2026-03-01,36583,RS,Pelotas,Sistemas de abastecimento de água em áreas rurais de Pelotas,Água Para Todos,Água para quem mais precisa,Seleção 2025 - Abastecimento de água - Rural,Obra,Em ação preparatória,3413800.0,0.0,2028,Estadual,,Seleção,OGU,MCID,2026-03-01,PELOTAS
2026-03-01,27969,RS,Pinheiro Machado,Implementação de Tecnologias Sociais de Acesso à Água em Pinheiro Machado/RS - 40 tecnologias,Água Para Todos,Água para quem mais precisa,Cisternas,Obra,Em execução,369636.22,0.0,2027,Federal,,Planejamento Setorial,OGU,MDS,2026-03-01,PINHEIRO MACHADO
2026-03-01,27985,RS,Piratini,Implementação de Tecnologias Sociais de Acesso à Água em Piratini/RS - 40 tecnologias,Água Para Todos,Água para quem mais precisa,Cisternas,Obra,Em execução,369636.22,0.0,2027,Federal,,Planejamento Setorial,OGU,MDS,2026-03-01,PIRATINI
2026-03-01,36596,RS,Porto Xavier,Sistemas de abastecimento de água em áreas rurais de Porto Xavier,Água Para Todos,Água para quem mais precisa,Seleção 2025 - Abastecimento de água - Rural,Obra,Em ação preparatória,1060330.5,0.0,2028,Estadual,,Seleção,OGU,MCID,2026-03-01,PORTO XAVIER
2026-03-01,28144,RS,Rio Grande,Implementação de Tecnologias Sociais de Acesso à Água em Rio Grande/RS - 13 tecnologias,Água Para Todos,Água para quem mais precisa,Cisternas,Obra,Em execução,120131.38,0.0,2027,Federal,,Planejamento Setorial,OGU,MDS,2026-03-01,RIO GRANDE
2026-03-01,28238,RS,Santa Vitória do Palmar,Implementação de Tecnologias Sociais de Acesso à Água em Santa Vitória do Palmar/RS - 13 tecnologias,Água Para Todos,Água para quem mais precisa,Cisternas,Obra,Em execução,120131.38,0.0,2027,Federal,,Planejamento Setorial,OGU,MDS,2026-03-01,SANTA VITÓRIA DO PALMAR
2026-03-01,28244,RS,Santana da Boa Vista,Implementação de Tecnologias Sociais de Acesso à Água em Santana da Boa Vista/RS - 13 tecnologias,Água Para Todos,Água para quem mais precisa,Cisternas,Obra,Concluído,95693.0,100.0,2024,Federal,,Planejamento Setorial,OGU,MDS,2026-03-01,SANTANA DA BOA VISTA
2026-03-01,28354,RS,São José do Norte,Implementação de Tecnologias Sociais de Acesso à Água em São José do Norte/RS - 13 tecnologias,Água Para Todos,Água para quem mais precisa,Cisternas,Obra,Em execução,120131.38,0.0,2027,Federal,,Planejamento Setorial,OGU,MDS,2026-03-01,SÃO JOSÉ DO NORTE
2026-03-01,28364,RS,São Lourenço do Sul,Implementação de Tecnologias Sociais de Acesso à Água em São Lourenço do Sul/RS - 13 tecnologias,Água Para Todos,Água para quem mais precisa,Cisternas,Obra,Em execução,120131.38,0.0,2027,Federal,,Planejamento Setorial,OGU,MDS,2026-03-01,SÃO LOURENÇO DO SUL
2026-03-01,28610,RS,Turuçu,Implementação de Tecnologias Sociais de Acesso à Água em Turuçu/RS - 13 tecnologias,Água Para Todos,Água para quem mais precisa,Cisternas,Obra,Concluído,95693.0,100.0,2024,Federal,,Planejamento Setorial,OGU,MDS,2026-03-01,TURUÇU
2026-03-01,3139,RS,Bagé,Barragem Arvorezinha,Água Para Todos,Infraestrutura Hídrica,Barragens,Obra,Em execução,66509301.0,46.6,2027,Municipal,,Planejamento Setorial,OGU,MIDR,2026-03-01,BAGÉ
2026-03-01,3137,RS,Dom Pedrito,Barragem Arroio Taquarembó,Água Para Todos,Infraestrutura Hídrica,Barragens,Obra,Em execução,37256038.0,60.61,2027,Estadual,,Articulação com os entes federados,OGU,MIDR,2026-03-01,DOM PEDRITO
2026-03-01,3135,RS,"São Gabriel, Lavras do Sul",Barragem Arroio Jaguari,Água Para Todos,Infraestrutura Hídrica,Barragens,Obra,Concluído,18269012.0,100.0,2026,Estadual,,Articulação com os entes federados,OGU,MIDR,2026-03-01,"SÃO GABRIEL, LAVRAS DO SUL"
2026-03-01,1782,RS,"Cachoeirinha, Gravataí",Ampliação do Sistema de Esgotamento Sanitário (SES) e da Estação de Tratamento de Esgoto (ETE) Freeway - Cahoeirinha e Gravataí,Cidades Sustentáveis e Resilientes,Esgotamento sanitário,"Retomada, conclusão e novas obras - Esgotamento Sanitário",Obra,Em ação preparatória,20299043.0,58.0,2026,Estadual,,Planejamento Setorial,FIN,MCID,2026-03-01,"CACHOEIRINHA, GRAVATAÍ"
2026-03-01,5254,RS,Carlos Barbosa,Implantação do Sistema de Esgotamento Sanitário (SES) na Bacia Boa Vista,Cidades Sustentáveis e Resilientes,Esgotamento sanitário,"Retomada, conclusão e novas obras - Esgotamento Sanitário",Obra,Concluído,15721982.0,100.0,2024,Estadual,,Planejamento Setorial,FIN,MCID,2026-03-01,CARLOS BARBOSA
2026-03-01,5256,RS,Horizontina,Implantação do Sistema de Esgotamento Sanitário (SES) na Bacia LG 02,Cidades Sustentáveis e Resilientes,Esgotamento sanitário,"Retomada, conclusão e novas obras - Esgotamento Sanitário",Obra,Em execução,12817217.0,25.0,2026,Estadual,,Planejamento Setorial,FIN,MCID,2026-03-01,HORIZONTINA
2026-03-01,5258,RS,Imbé,"Implantação do Sistema de Esgotamento Sanitário (SES) nas Bacias 1, 1A, 2, 3A e 4",Cidades Sustentáveis e Resilientes,Esgotamento sanitário,"Retomada, conclusão e novas obras - Esgotamento Sanitário",Obra,Em execução,1219067.0,97.0,2026,Estadual,,Planejamento Setorial,FIN,MCID,2026-03-01,IMBÉ
2026-03-01,663,RS,Pelotas,Afastamento e Tratamento de Efluente de Esgoto das Bacias 09 e 13 - Etapa 1,Cidades Sustentáveis e Resilientes,Esgotamento sanitário,Seleção 2023 - Esgotamento Sanitário,Obra,Em ação preparatória,70000000.0,0.0,2026,Municipal,,Seleção,FIN,MCID,2026-03-01,PELOTAS
2026-03-01,665,RS,Pelotas,Afastamento e Tratamento de Efluente de Esgoto das Bacias 10 e 11 - Etapa 1,Cidades Sustentáveis e Resilientes,Esgotamento sanitário,Seleção 2023 - Esgotamento Sanitário,Obra,Em ação preparatória,55637747.0,0.0,2029,Municipal,,Seleção,FIN,MCID,2026-03-01,PELOTAS
2026-03-01,1810,RS,Porto Alegre,Ampliação do Sistema de Esgotamento Sanitário (SES) Sarandi,Cidades Sustentáveis e Resilientes,Esgotamento sanitário,"Retomada, conclusão e novas obras - Esgotamento Sanitário",Obra,Concluído,4929083.0,100.0,2024,Municipal,,Planejamento Setorial,FIN,MCID,2026-03-01,PORTO ALEGRE
2026-03-01,6250,RS,Porto Alegre,Concessão de saneamento básico,Cidades Sustentáveis e Resilientes,Esgotamento sanitário,Estudos de Concessão - Esgotamento sanitário,Concessão / PPP,Em execução,4200000.0,85.0,2027,Federal,,Planejamento Setorial,FIN,CC-PR,2026-03-01,PORTO ALEGRE
2026-03-01,25832,RS,Porto Alegre,"Execução de Obra de Esgotamento Sanitário no Ses Navegantes, Subbacia Arroio da Areia 1 (Aa1)",Cidades Sustentáveis e Resilientes,Esgotamento sanitário,Seleção 2023 - Esgotamento Sanitário,Obra,Em ação preparatória,58209584.0,0.0,2026,Municipal,,Seleção,FIN,MCID,2026-03-01,PORTO ALEGRE
2026-03-01,26159,RS,Porto Alegre,"Implantação de Emissários, Ebes e Redes de Esgotamento Sanitário no Ses Navegantes, Sub Bacia Humaitá (Saneamento Integrado Com As Obras de Macrodrenagem do Polder 5)",Cidades Sustentáveis e Resilientes,Esgotamento sanitário,Seleção 2023 - Esgotamento Sanitário,Obra,Em ação preparatória,60605211.0,0.0,2026,Municipal,,Seleção,FIN,MCID,2026-03-01,PORTO ALEGRE
2026-03-01,5341,RS,São Luiz Gonzaga,Implantação do Sistema de Esgotamento Sanitário (SES),Cidades Sustentáveis e Resilientes,Esgotamento sanitário,"Retomada, conclusão e novas obras - Esgotamento Sanitário",Obra,Em execução,22406000.0,66.0,2026,Estadual,,Planejamento Setorial,FIN,MCID,2026-03-01,SÃO LUIZ GONZAGA
2026-03-01,5260,RS,Xangri-lá,Implantação do Sistema de Esgotamento Sanitário (SES) Av. Paraguassu,Cidades Sustentáveis e Resilientes,Esgotamento sanitário,"Retomada, conclusão e novas obras - Esgotamento Sanitário",Obra,Concluído,14651179.0,100.0,2025,Estadual,,Planejamento Setorial,FIN,MCID,2026-03-01,XANGRI-LÁ
2026-03-01,6238,RS,"André da Rocha, Antônio Prado, Bento Gonçalves, Carlos Barbosa, Caxias do Sul, Coronel Pilar, Cotiporã, Fagundes Varela, Farroupilha, Garibaldi, Guaporé, Monte Belo do Sul, Nova Araçá, Nova Bassano, Nova Prata, Nova Roma do Sul, Paraí, Pinto Bandeira, Santa Tereza, São Jorge, São Marcos, Veranópolis, Vila Flores",Concessão Consórcio CISGA,Cidades Sustentáveis e Resilientes,Gestão de Resíduos Sólidos,Estudos de Concessão - Resíduos Sólidos,Concessão / PPP,Em execução,9301047.0,37.0,2026,Federal,,Planejamento Setorial,FIN,CC-PR,2026-03-01,"ANDRÉ DA ROCHA, ANTÔNIO PRADO, BENTO GONÇALVES, CARLOS BARBOSA, CAXIAS DO SUL, CORONEL PILAR, COTIPORÃ, FAGUNDES VARELA, FARROUPILHA, GARIBALDI, GUAPORÉ, MONTE BELO DO SUL, NOVA ARAÇÁ, NOVA BASSANO, NOVA PRATA, NOVA ROMA DO SUL, PARAÍ, PINTO BANDEIRA, SANTA TEREZA, SÃO JORGE, SÃO MARCOS, VERANÓPOLIS, VILA FLORES"
2026-03-01,6228,RS,"Araricá, Campo Bom, Capela de Santana, Esteio, Glorinha, Igrejinha, Nova Hartz, Nova Santa Rita, Parobé, Portão, Riozinho, Rolante, São Francisco de Paula, Sapucaia do Sul",Concessão Consórcio Rio dos Sinos,Cidades Sustentáveis e Resilientes,Gestão de Resíduos Sólidos,Estudos de Concessão - Resíduos Sólidos,Concessão / PPP,Em execução,8181047.0,52.0,2027,Federal,,Planejamento Setorial,FIN,CC-PR,2026-03-01,"ARARICÁ, CAMPO BOM, CAPELA DE SANTANA, ESTEIO, GLORINHA, IGREJINHA, NOVA HARTZ, NOVA SANTA RITA, PAROBÉ, PORTÃO, RIOZINHO, ROLANTE, SÃO FRANCISCO DE PAULA, SAPUCAIA DO SUL"
2026-03-01,6240,RS,"Santa Maria, Santiago, São João do Polêsine, São Martinho da Serra, São Pedro do Sul, São Sepé, Silveira Martins, Tupanciretã, Agudo, Dilermando de Aguiar, Faxinal do Soturno, Formigueiro, Itaara, Ivorá, Júlio de Castilhos, Nova Palma, Pinhal Grande, Restinga Sêca, Toropi, Vila Nova do Sul, Cacequi, Capão do Cipó, Dona Francisca, Jaguari, Jari, Mata, Nova Esperança do Sul, Paraíso do Sul, Quevedos, São Francisco de Assis, São Vicente do Sul, Unistalda",Concessão Consórcio CI Região Centro,Cidades Sustentáveis e Resilientes,Gestão de Resíduos Sólidos,Estudos de Concessão - Resíduos Sólidos,Concessão / PPP,Em execução,10421047.0,64.0,2027,Federal,,Planejamento Setorial,FIN,CC-PR,2026-03-01,"SANTA MARIA, SANTIAGO, SÃO JOÃO DO POLÊSINE, SÃO MARTINHO DA SERRA, SÃO PEDRO DO SUL, SÃO SEPÉ, SILVEIRA MARTINS, TUPANCIRETÃ, AGUDO, DILERMANDO DE AGUIAR, FAXINAL DO SOTURNO, FORMIGUEIRO, ITAARA, IVORÁ, JÚLIO DE CASTILHOS, NOVA PALMA, PINHAL GRANDE, RESTINGA SÊCA, TOROPI, VILA NOVA DO SUL, CACEQUI, CAPÃO DO CIPÓ, DONA FRANCISCA, JAGUARI, JARI, MATA, NOVA ESPERANÇA DO SUL, PARAÍSO DO SUL, QUEVEDOS, SÃO FRANCISCO DE ASSIS, SÃO VICENTE DO SUL, UNISTALDA"
2026-03-01,34934,RS,Rio Grande do Sul,Minha Casa Minha Vida - Classe Média - Rio Grande do Sul,Cidades Sustentáveis e Resilientes,Minha Casa Minha Vida,Classe Média,Obra,Concluído,378193649.0,100.0,2026,Privado,,Planejamento Setorial,FIN,MCID,2026-03-01,RIO GRANDE DO SUL
2026-03-01,16940,RS,Rio Grande do Sul,Minha Casa Minha Vida - Faixa 1 - Rio Grande do Sul,Cidades Sustentáveis e Resilientes,Minha Casa Minha Vida,Faixa 1,Obra,Concluído,3126859612.0,70.1,2026,Privado,,Planejamento Setorial,FIN,MCID,2026-03-01,RIO GRANDE DO SUL
2026-03-01,16968,RS,Rio Grande do Sul,Minha Casa Minha Vida - Faixa 2 - Rio Grande do Sul,Cidades Sustentáveis e Resilientes,Minha Casa Minha Vida,Faixa 2,Obra,Concluído,2978920592.0,100.0,2026,Privado,,Planejamento Setorial,FIN,MCID,2026-03-01,RIO GRANDE DO SUL
2026-03-01,16996,RS,Rio Grande do Sul,Minha Casa Minha Vida - Faixa 3 - Rio Grande do Sul,Cidades Sustentáveis e Resilientes,Minha Casa Minha Vida,Faixa 3,Obra,Concluído,3379268994.0,100.0,2026,Privado,,Planejamento Setorial,FIN,MCID,2026-03-01,RIO GRANDE DO SUL
2026-03-01,16912,RS,Rio Grande do Sul,Minha Casa Minha Vida - Retomada e Conclusão de Obras - Rio Grande do Sul,Cidades Sustentáveis e Resilientes,Minha Casa Minha Vida,Retomada e Conclusão de Obras,Obra,Em execução,81154132.71,92.6,2026,Privado,,Planejamento Setorial,OGU,MCID,2026-03-01,RIO GRANDE DO SUL
2026-03-01,34960,RS,Rio Grande do Sul,Minha Casa Minha Vida - Retomada e Conclusão de Obras - Rio Grande do Sul - 3.164 unidades habitacionais,Cidades Sustentáveis e Resilientes,Minha Casa Minha Vida,Retomada e Conclusão de Obras,Obra,Concluído,24926375.68,100.0,2026,Privado,,Planejamento Setorial,OGU,MCID,2026-03-01,RIO GRANDE DO SUL
2026-03-01,4217,RS,"Alvorada, Porto Alegre, Viamão",Centro de Controle Operacional - CCO,Cidades Sustentáveis e Resilientes,Mobilidade Urbana Sustentável,Seleção 2023 - Mobilidade Urbana Sustentável,Equipamento,Em ação preparatória,21000000.0,0.0,2027,Municipal,,Seleção,FIN,MCID,2026-03-01,"ALVORADA, PORTO ALEGRE, VIAMÃO"
2026-03-01,35300,RS,Cachoeirinha,Renovação de Frota - 30 ônibus Euro 6 - Transbus Transportes LTDA,Cidades Sustentáveis e Resilientes,Mobilidade Urbana Sustentável,Renovação de Frota - Setor Privado,Equipamento,Em ação preparatória,22800000.0,0.0,2027,Privado,,Planejamento Setorial,FIN,MCID,2026-03-01,CACHOEIRINHA
2026-03-01,35214,RS,Caxias do Sul,Renovação de Frota - 13 ônibus Euro 6 - Viação Santa Tereza de Caxias do Sul,Cidades Sustentáveis e Resilientes,Mobilidade Urbana Sustentável,Renovação de Frota - Setor Privado,Equipamento,Concluído,9097628.0,96.64,2025,Privado,,Planejamento Setorial,FIN,MCID,2026-03-01,CAXIAS DO SUL
2026-03-01,35217,RS,Gramado,Renovação de Frota - 14 ônibus Euro 6 - Gramado Transportes Publico SPE Ltda.,Cidades Sustentáveis e Resilientes,Mobilidade Urbana Sustentável,Renovação de Frota - Setor Privado,Equipamento,Em execução,13300000.0,31.4,2026,Privado,,Planejamento Setorial,FIN,MCID,2026-03-01,GRAMADO
2026-03-01,35283,RS,Ijuí,Renovação de Frota - 3 ônibus Euro 6 - MTU Medianeira Transporte LTDA,Cidades Sustentáveis e Resilientes,Mobilidade Urbana Sustentável,Renovação de Frota - Setor Privado,Equipamento,Em ação preparatória,4037500.0,0.0,2026,Privado,,Planejamento Setorial,FIN,MCID,2026-03-01,IJUÍ
2026-03-01,35335,RS,Nova Santa Rita,Renovação de Frota - 5 ônibus Euro 6 - Fatima Transportes e Turismo Ltda,Cidades Sustentáveis e Resilientes,Mobilidade Urbana Sustentável,Renovação de Frota - Setor Privado,Equipamento,Em execução,4180000.0,80.0,2027,Privado,,Seleção,FIN,MCID,2026-03-01,NOVA SANTA RITA
2026-03-01,35136,RS,Porto Alegre,Recuperação do Sistema Aeromóvel da Trensurb em Porto Alegre,Cidades Sustentáveis e Resilientes,Mobilidade Urbana Sustentável,"Retomada, conclusão e novas obras - Mobilidade Urbana",Obra,Em ação preparatória,38707120.0,0.0,2029,Federal,,Planejamento Setorial,OGU,MCID,2026-03-01,PORTO ALEGRE
2026-03-01,35184,RS,Porto Alegre,Renovação de Frota - 10 ônibus Euro 6 - Empresa Viação Belém Novo LTDA,Cidades Sustentáveis e Resilientes,Mobilidade Urbana Sustentável,Renovação de Frota - Setor Privado,Equipamento,Em ação preparatória,9323300.0,0.0,2027,Privado,,Planejamento Setorial,FIN,MCID,2026-03-01,PORTO ALEGRE
2026-03-01,29998,RS,Porto Alegre,Renovação de Frota - 100 Ônibus Elétricos e 500 Euro 6,Cidades Sustentáveis e Resilientes,Mobilidade Urbana Sustentável,Seleção 2023 - Renovação de Frota,Equipamento,Em ação preparatória,447797487.0,0.0,2027,Municipal,,Seleção,FIN,MCID,2026-03-01,PORTO ALEGRE
2026-03-01,35215,RS,Porto Alegre,Renovação de Frota - 14 ônibus Euro 6 - Carris Porto-Alegrense LTDA,Cidades Sustentáveis e Resilientes,Mobilidade Urbana Sustentável,Renovação de Frota - Setor Privado,Equipamento,Em execução,12635000.0,57.75,2026,Privado,,Planejamento Setorial,FIN,MCID,2026-03-01,PORTO ALEGRE
2026-03-01,35227,RS,Porto Alegre,Renovação de Frota - 18 ônibus Euro 6 - Companhia CARRIS Porto-Alegrense,Cidades Sustentáveis e Resilientes,Mobilidade Urbana Sustentável,Renovação de Frota - Setor Privado,Equipamento,Em execução,25493108.0,76.88,2026,Privado,,Planejamento Setorial,FIN,MCID,2026-03-01,PORTO ALEGRE
2026-03-01,35261,RS,Porto Alegre,Renovação de Frota - 22 ônibus Euro 6 - Nortran Transportes Coletivos LTDA,Cidades Sustentáveis e Resilientes,Mobilidade Urbana Sustentável,Renovação de Frota - Setor Privado,Equipamento,Concluído,13806350.0,100.0,2023,Privado,,Planejamento Setorial,FIN,MCID,2026-03-01,PORTO ALEGRE
2026-03-01,35264,RS,Porto Alegre,Renovação de Frota - 24 ônibus Euro 6 - Auto Viação Presidente Vargas Ltda,Cidades Sustentáveis e Resilientes,Mobilidade Urbana Sustentável,Renovação de Frota - Setor Privado,Equipamento,Em ação preparatória,22184400.0,0.0,2027,Privado,,Seleção,FIN,MCID,2026-03-01,PORTO ALEGRE
2026-03-01,35294,RS,Porto Alegre,Renovação de Frota - 30 ônibus Euro 6 - Empresa Sociedade de Ônibus Porto Alegrense Ltda,Cidades Sustentáveis e Resilientes,Mobilidade Urbana Sustentável,Renovação de Frota - Setor Privado,Equipamento,Em execução,28500000.0,37.08,2026,Privado,,Planejamento Setorial,FIN,MCID,2026-03-01,PORTO ALEGRE
2026-03-01,35311,RS,Porto Alegre,Renovação de Frota - 36 ônibus Euro 6 - Viação Alto Petrópolis Ltda,Cidades Sustentáveis e Resilientes,Mobilidade Urbana Sustentável,Renovação de Frota - Setor Privado,Equipamento,Em ação preparatória,33276600.0,0.0,2026,Privado,,Planejamento Setorial,FIN,MCID,2026-03-01,PORTO ALEGRE
2026-03-01,35312,RS,Porto Alegre,Renovação de Frota - 37 ônibus Euro 6 - Viação Teresópolis Cavalhada LTDA,Cidades Sustentáveis e Resilientes,Mobilidade Urbana Sustentável,Renovação de Frota - Setor Privado,Equipamento,Em ação preparatória,35150000.0,0.0,2027,Privado,,Seleção,FIN,MCID,2026-03-01,PORTO ALEGRE
2026-03-01,35347,RS,Porto Alegre,Renovação de Frota - 51 ônibus Euro 6 - Companhia CARRIS Porto-Alegrense,Cidades Sustentáveis e Resilientes,Mobilidade Urbana Sustentável,Renovação de Frota - Setor Privado,Equipamento,Concluído,39729000.0,98.01,2024,Privado,,Planejamento Setorial,FIN,MCID,2026-03-01,PORTO ALEGRE
2026-03-01,35373,RS,Porto Alegre,Renovação de Frota - 8 ônibus Euro 6 - Empresa Nortran Transportes Coletivos LTDA,Cidades Sustentáveis e Resilientes,Mobilidade Urbana Sustentável,Renovação de Frota - Setor Privado,Equipamento,Concluído,5293650.0,100.0,2025,Privado,,Planejamento Setorial,FIN,MCID,2026-03-01,PORTO ALEGRE
2026-03-01,26147,RS,Rio Grande,Implantação de Centro de Controle Operacional e abrigos em paradas de ônibus - Rio Grande/RS,Cidades Sustentáveis e Resilientes,Mobilidade Urbana Sustentável,Seleção 2025 - Mobilidade Urbana Sustentável,Obra,Em ação preparatória,25953854.0,0.0,2029,Municipal,,Seleção,FIN,MCID,2026-03-01,RIO GRANDE
2026-03-01,35336,RS,Rio Grande,Renovação de Frota - 5 ônibus Euro 6 - Transpessoal Transportes LTDA,Cidades Sustentáveis e Resilientes,Mobilidade Urbana Sustentável,Renovação de Frota - Setor Privado,Equipamento,Em execução,4750000.0,36.64,2027,Privado,,Seleção,FIN,MCID,2026-03-01,RIO GRANDE
2026-03-01,29984,RS,São Leopoldo,Renovação de Frota - 4 Ônibus Elétricos,Cidades Sustentáveis e Resilientes,Mobilidade Urbana Sustentável,Seleção 2023 - Renovação de Frota,Equipamento,Em licitação / Leilão,15600000.0,0.0,2027,Municipal,,Seleção,FIN,MCID,2026-03-01,SÃO LEOPOLDO
2026-03-01,35219,RS,Viamão,Renovação de Frota - 15 ônibus Euro 6 - Empresa de Transporte Coletivo Viamão Ltda,Cidades Sustentáveis e Resilientes,Mobilidade Urbana Sustentável,Renovação de Frota - Setor Privado,Equipamento,Em execução,13569848.0,83.64,2026,Privado,,Planejamento Setorial,FIN,MCID,2026-03-01,VIAMÃO
2026-03-01,30145,RS,Porto Alegre,Melhorias no sistema de proteção - Polders 1 e 2 - ampliação das EBAP e galerias de macrodrenagem,Cidades Sustentáveis e Resilientes,Prevenção a Desastres: Contenção de Encostas e Drenagem,Seleção 2023 - Drenagem,Obra,Em ação preparatória,113235059.0,0.0,2026,Municipal,,Seleção,FIN,MCID,2026-03-01,PORTO ALEGRE
2026-03-01,30146,RS,Porto Alegre,"Melhorias no sistema de proteção - Polders 12, 13, 14, 15 e 16 - Ampliação das EBAP",Cidades Sustentáveis e Resilientes,Prevenção a Desastres: Contenção de Encostas e Drenagem,Seleção 2023 - Drenagem,Obra,Em ação preparatória,155650000.0,0.0,2026,Municipal,,Seleção,FIN,MCID,2026-03-01,PORTO ALEGRE
2026-03-01,21209,RS,Água Santa,Transporte Escolar,"Educação, Ciência e Tecnologia",Educação Básica,Seleção 2023 - Transporte Escolar,Equipamento,Concluído,412000.0,100.0,2025,Federal,,Seleção,OGU,MEC,2026-03-01,ÁGUA SANTA
2026-03-01,21565,RS,Agudo,Transporte Escolar,"Educação, Ciência e Tecnologia",Educação Básica,Seleção 2023 - Transporte Escolar,Equipamento,Concluído,399000.0,100.0,2025,Federal,,Seleção,OGU,MEC,2026-03-01,AGUDO
2026-03-01,22701,RS,Ametista do Sul,Transporte Escolar,"Educação, Ciência e Tecnologia",Educação Básica,Seleção 2023 - Transporte Escolar,Equipamento,Concluído,412000.0,100.0,2025,Federal,,Seleção,OGU,MEC,2026-03-01,AMETISTA DO SUL
2026-03-01,38344,RS,Ametista do Sul,Transporte Escolar,"Educação, Ciência e Tecnologia",Educação Básica,Seleção 2025 - Transporte Escolar,Equipamento,Em execução,421971.65,0.0,2026,Federal,,Seleção,OGU,MEC,2026-03-01,AMETISTA DO SUL
2026-03-01,38345,RS,Araricá,Transporte Escolar,"Educação, Ciência e Tecnologia",Educação Básica,Seleção 2025 - Transporte Escolar,Equipamento,Em execução,497152.49,0.0,2026,Federal,,Seleção,OGU,MEC,2026-03-01,ARARICÁ
2026-03-01,21031,RS,Arroio do Tigre,Transporte Escolar,"Educação, Ciência e Tecnologia",Educação Básica,Seleção 2023 - Transporte Escolar,Equipamento,Concluído,469499.0,100.0,2025,Federal,,Seleção,OGU,MEC,2026-03-01,ARROIO DO TIGRE
2026-03-01,21301,RS,Augusto Pestana,Transporte Escolar,"Educação, Ciência e Tecnologia",Educação Básica,Seleção 2023 - Transporte Escolar,Equipamento,Concluído,412000.0,100.0,2025,Federal,,Seleção,OGU,MEC,2026-03-01,AUGUSTO PESTANA
2026-03-01,38346,RS,Bagé,Transporte Escolar,"Educação, Ciência e Tecnologia",Educação Básica,Seleção 2025 - Transporte Escolar,Equipamento,Em execução,436266.8,0.0,2026,Federal,,Seleção,OGU,MEC,2026-03-01,BAGÉ
2026-03-01,22424,RS,Barão do Triunfo,Transporte Escolar,"Educação, Ciência e Tecnologia",Educação Básica,Seleção 2023 - Transporte Escolar,Equipamento,Concluído,469499.0,100.0,2025,Federal,,Seleção,OGU,MEC,2026-03-01,BARÃO DO TRIUNFO
2026-03-01,21603,RS,Barra do Guarita,Transporte Escolar,"Educação, Ciência e Tecnologia",Educação Básica,Seleção 2023 - Transporte Escolar,Equipamento,Concluído,581878.0,100.0,2025,Federal,,Seleção,OGU,MEC,2026-03-01,BARRA DO GUARITA
2026-03-01,38347,RS,Barra do Guarita,Transporte Escolar,"Educação, Ciência e Tecnologia",Educação Básica,Seleção 2025 - Transporte Escolar,Equipamento,Em execução,616150.61,0.0,2026,Federal,,Seleção,OGU,MEC,2026-03-01,BARRA DO GUARITA
2026-03-01,21766,RS,Barra do Quaraí,Transporte Escolar,"Educação, Ciência e Tecnologia",Educação Básica,Seleção 2023 - Transporte Escolar,Equipamento,Concluído,398500.0,100.0,2025,Federal,,Seleção,OGU,MEC,2026-03-01,BARRA DO QUARAÍ
2026-03-01,21866,RS,Barra do Ribeiro,Transporte Escolar,"Educação, Ciência e Tecnologia",Educação Básica,Seleção 2023 - Transporte Escolar,Equipamento,Concluído,398500.0,100.0,2025,Federal,,Seleção,OGU,MEC,2026-03-01,BARRA DO RIBEIRO
2026-03-01,17660,RS,Bom Retiro do Sul,Escola de Ensino Fundamental,"Educação, Ciência e Tecnologia",Educação Básica,"Retomada e conclusão de obras - Creches, Escolas, Quadras e Cobertura de Quadras",Obra,Em ação preparatória,8244621.72,0.0,2027,Municipal,,Planejamento Setorial,OGU,MEC,2026-03-01,BOM RETIRO DO SUL
2026-03-01,21477,RS,Bom Retiro do Sul,Transporte Escolar,"Educação, Ciência e Tecnologia",Educação Básica,Seleção 2023 - Transporte Escolar,Equipamento,Concluído,469499.0,100.0,2025,Federal,,Seleção,OGU,MEC,2026-03-01,BOM RETIRO DO SUL
2026-03-01,21768,RS,Bossoroca,Transporte Escolar,"Educação, Ciência e Tecnologia",Educação Básica,Seleção 2023 - Transporte Escolar,Equipamento,Concluído,581878.0,100.0,2025,Federal,,Seleção,OGU,MEC,2026-03-01,BOSSOROCA
2026-03-01,22099,RS,Butiá,Transporte Escolar,"Educação, Ciência e Tecnologia",Educação Básica,Seleção 2023 - Transporte Escolar,Equipamento,Concluído,469499.0,100.0,2025,Federal,,Seleção,OGU,MEC,2026-03-01,BUTIÁ
2026-03-01,20893,RS,Cacequi,Transporte Escolar,"Educação, Ciência e Tecnologia",Educação Básica,Seleção 2023 - Transporte Escolar,Equipamento,Concluído,412000.0,100.0,2025,Federal,,Seleção,OGU,MEC,2026-03-01,CACEQUI
2026-03-01,22576,RS,Cachoeira do Sul,Transporte Escolar,"Educação, Ciência e Tecnologia",Educação Básica,Seleção 2023 - Transporte Escolar,Equipamento,Concluído,412000.0,100.0,2025,Federal,,Seleção,OGU,MEC,2026-03-01,CACHOEIRA DO SUL
2026-03-01,21978,RS,Caiçara,Transporte Escolar,"Educação, Ciência e Tecnologia",Educação Básica,Seleção 2023 - Transporte Escolar,Equipamento,Concluído,398500.0,100.0,2025,Federal,,Seleção,OGU,MEC,2026-03-01,CAIÇARA
2026-03-01,17512,RS,Cândido Godói,Creche e/ou Escola de Educação Infantil,"Educação, Ciência e Tecnologia",Educação Básica,"Retomada e conclusão de obras - Creches, Escolas, Quadras e Cobertura de Quadras",Obra,Em ação preparatória,0.0,0.0,2026,Municipal,,Planejamento Setorial,OGU,MEC,2026-03-01,CÂNDIDO GODÓI
2026-03-01,22632,RS,Candiota,Transporte Escolar,"Educação, Ciência e Tecnologia",Educação Básica,Seleção 2023 - Transporte Escolar,Equipamento,Concluído,398500.0,100.0,2025,Federal,,Seleção,OGU,MEC,2026-03-01,CANDIOTA
2026-03-01,22561,RS,Canguçu,Transporte Escolar,"Educação, Ciência e Tecnologia",Educação Básica,Seleção 2023 - Transporte Escolar,Equipamento,Em execução,581878.0,0.0,2026,Federal,,Seleção,OGU,MEC,2026-03-01,CANGUÇU
2026-03-01,21759,RS,Capão do Cipó,Transporte Escolar,"Educação, Ciência e Tecnologia",Educação Básica,Seleção 2023 - Transporte Escolar,Equipamento,Concluído,581878.0,100.0,2025,Federal,,Seleção,OGU,MEC,2026-03-01,CAPÃO DO CIPÓ
2026-03-01,21917,RS,Caraá,Transporte Escolar,"Educação, Ciência e Tecnologia",Educação Básica,Seleção 2023 - Transporte Escolar,Equipamento,Concluído,677000.0,100.0,2025,Federal,,Seleção,OGU,MEC,2026-03-01,CARAÁ
2026-03-01,1235,RS,Centenário,Ampliação de Escola,"Educação, Ciência e Tecnologia",Educação Básica,"Retomada e conclusão de obras - Creches, Escolas, Quadras e Cobertura de Quadras",Obra,Em execução,600559.53,69.85,2026,Municipal,,Planejamento Setorial,OGU,MEC,2026-03-01,CENTENÁRIO
2026-03-01,21846,RS,Cerro Grande do Sul,Transporte Escolar,"Educação, Ciência e Tecnologia",Educação Básica,Seleção 2023 - Transporte Escolar,Equipamento,Concluído,398500.0,100.0,2025,Federal,,Seleção,OGU,MEC,2026-03-01,CERRO GRANDE DO SUL
2026-03-01,21233,RS,Charrua,Transporte Escolar,"Educação, Ciência e Tecnologia",Educação Básica,Seleção 2023 - Transporte Escolar,Equipamento,Concluído,412000.0,100.0,2025,Federal,,Seleção,OGU,MEC,2026-03-01,CHARRUA
2026-03-01,22152,RS,Chuí,Transporte Escolar,"Educação, Ciência e Tecnologia",Educação Básica,Seleção 2023 - Transporte Escolar,Equipamento,Concluído,581878.0,100.0,2025,Federal,,Seleção,OGU,MEC,2026-03-01,CHUÍ
2026-03-01,38348,RS,Ciríaco,Transporte Escolar,"Educação, Ciência e Tecnologia",Educação Básica,Seleção 2025 - Transporte Escolar,Equipamento,Em execução,686675.47,0.0,2026,Federal,,Seleção,OGU,MEC,2026-03-01,CIRÍACO
2026-03-01,38349,RS,Coronel Pilar,Transporte Escolar,"Educação, Ciência e Tecnologia",Educação Básica,Seleção 2025 - Transporte Escolar,Equipamento,Em execução,616150.61,0.0,2026,Federal,,Seleção,OGU,MEC,2026-03-01,CORONEL PILAR
2026-03-01,21289,RS,Coxilha,Transporte Escolar,"Educação, Ciência e Tecnologia",Educação Básica,Seleção 2023 - Transporte Escolar,Equipamento,Concluído,412000.0,100.0,2025,Federal,,Seleção,OGU,MEC,2026-03-01,COXILHA
2026-03-01,22254,RS,Cristal,Transporte Escolar,"Educação, Ciência e Tecnologia",Educação Básica,Seleção 2023 - Transporte Escolar,Equipamento,Concluído,398500.0,100.0,2025,Federal,,Seleção,OGU,MEC,2026-03-01,CRISTAL
2026-03-01,17235,RS,Cruzeiro do Sul,Creche e/ou Escola de Educação Infantil,"Educação, Ciência e Tecnologia",Educação Básica,"Retomada e conclusão de obras - Creches, Escolas, Quadras e Cobertura de Quadras",Obra,Em ação preparatória,2798369.3,0.0,2027,Municipal,,Planejamento Setorial,OGU,MEC,2026-03-01,CRUZEIRO DO SUL
2026-03-01,21065,RS,Dom Feliciano,Transporte Escolar,"Educação, Ciência e Tecnologia",Educação Básica,Seleção 2023 - Transporte Escolar,Equipamento,Concluído,469499.0,100.0,2025,Federal,,Seleção,OGU,MEC,2026-03-01,DOM FELICIANO
2026-03-01,21783,RS,Eldorado do Sul,Transporte Escolar,"Educação, Ciência e Tecnologia",Educação Básica,Seleção 2023 - Transporte Escolar,Equipamento,Concluído,469499.0,100.0,2025,Federal,,Seleção,OGU,MEC,2026-03-01,ELDORADO DO SUL
2026-03-01,38350,RS,Entre Rios do Sul,Transporte Escolar,"Educação, Ciência e Tecnologia",Educação Básica,Seleção 2025 - Transporte Escolar,Equipamento,Em execução,421971.65,0.0,2026,Federal,,Seleção,OGU,MEC,2026-03-01,ENTRE RIOS DO SUL
2026-03-01,21621,RS,Entre-Ijuís,Transporte Escolar,"Educação, Ciência e Tecnologia",Educação Básica,Seleção 2023 - Transporte Escolar,Equipamento,Concluído,469499.0,100.0,2025,Federal,,Seleção,OGU,MEC,2026-03-01,ENTRE-IJUÍS
2026-03-01,22418,RS,Erval Seco,Transporte Escolar,"Educação, Ciência e Tecnologia",Educação Básica,Seleção 2023 - Transporte Escolar,Equipamento,Concluído,677000.0,100.0,2025,Federal,,Seleção,OGU,MEC,2026-03-01,ERVAL SECO
2026-03-01,21728,RS,Estrela,Transporte Escolar,"Educação, Ciência e Tecnologia",Educação Básica,Seleção 2023 - Transporte Escolar,Equipamento,Concluído,469499.0,100.0,2025,Federal,,Seleção,OGU,MEC,2026-03-01,ESTRELA
2026-03-01,22078,RS,Estrela Velha,Transporte Escolar,"Educação, Ciência e Tecnologia",Educação Básica,Seleção 2023 - Transporte Escolar,Equipamento,Concluído,412000.0,100.0,2025,Federal,,Seleção,OGU,MEC,2026-03-01,ESTRELA VELHA
2026-03-01,21971,RS,Faxinal do Soturno,Transporte Escolar,"Educação, Ciência e Tecnologia",Educação Básica,Seleção 2023 - Transporte Escolar,Equipamento,Concluído,469499.0,100.0,2025,Federal,,Seleção,OGU,MEC,2026-03-01,FAXINAL DO SOTURNO
2026-03-01,21033,RS,Floriano Peixoto,Transporte Escolar,"Educação, Ciência e Tecnologia",Educação Básica,Seleção 2023 - Transporte Escolar,Equipamento,Concluído,412000.0,100.0,2025,Federal,,Seleção,OGU,MEC,2026-03-01,FLORIANO PEIXOTO
2026-03-01,21993,RS,Fontoura Xavier,Transporte Escolar,"Educação, Ciência e Tecnologia",Educação Básica,Seleção 2023 - Transporte Escolar,Equipamento,Concluído,398500.0,100.0,2025,Federal,,Seleção,OGU,MEC,2026-03-01,FONTOURA XAVIER
2026-03-01,21784,RS,Formigueiro,Transporte Escolar,"Educação, Ciência e Tecnologia",Educação Básica,Seleção 2023 - Transporte Escolar,Equipamento,Concluído,469499.0,100.0,2025,Federal,,Seleção,OGU,MEC,2026-03-01,FORMIGUEIRO
2026-03-01,38351,RS,Gentil,Transporte Escolar,"Educação, Ciência e Tecnologia",Educação Básica,Seleção 2025 - Transporte Escolar,Equipamento,Em execução,616150.61,0.0,2026,Federal,,Seleção,OGU,MEC,2026-03-01,GENTIL
2026-03-01,22736,RS,Glorinha,Transporte Escolar,"Educação, Ciência e Tecnologia",Educação Básica,Seleção 2023 - Transporte Escolar,Equipamento,Concluído,412000.0,100.0,2025,Federal,,Seleção,OGU,MEC,2026-03-01,GLORINHA
2026-03-01,21383,RS,Gramado dos Loureiros,Transporte Escolar,"Educação, Ciência e Tecnologia",Educação Básica,Seleção 2023 - Transporte Escolar,Equipamento,Concluído,412000.0,100.0,2025,Federal,,Seleção,OGU,MEC,2026-03-01,GRAMADO DOS LOUREIROS
2026-03-01,21263,RS,Herval,Transporte Escolar,"Educação, Ciência e Tecnologia",Educação Básica,Seleção 2023 - Transporte Escolar,Equipamento,Concluído,412000.0,100.0,2025,Federal,,Seleção,OGU,MEC,2026-03-01,HERVAL
2026-03-01,21271,RS,Herveiras,Transporte Escolar,"Educação, Ciência e Tecnologia",Educação Básica,Seleção 2023 - Transporte Escolar,Equipamento,Concluído,398500.0,100.0,2025,Federal,,Seleção,OGU,MEC,2026-03-01,HERVEIRAS
2026-03-01,38352,RS,Hulha Negra,Transporte Escolar,"Educação, Ciência e Tecnologia",Educação Básica,Seleção 2025 - Transporte Escolar,Equipamento,Em execução,436266.8,0.0,2026,Federal,,Seleção,OGU,MEC,2026-03-01,HULHA NEGRA
2026-03-01,22533,RS,Itaara,Transporte Escolar,"Educação, Ciência e Tecnologia",Educação Básica,Seleção 2023 - Transporte Escolar,Equipamento,Concluído,412000.0,100.0,2025,Federal,,Seleção,OGU,MEC,2026-03-01,ITAARA
2026-03-01,21523,RS,Itacurubi,Transporte Escolar,"Educação, Ciência e Tecnologia",Educação Básica,Seleção 2023 - Transporte Escolar,Equipamento,Concluído,412000.0,100.0,2025,Federal,,Seleção,OGU,MEC,2026-03-01,ITACURUBI
2026-03-01,22279,RS,Itaqui,Transporte Escolar,"Educação, Ciência e Tecnologia",Educação Básica,Seleção 2023 - Transporte Escolar,Equipamento,Concluído,469499.0,100.0,2025,Federal,,Seleção,OGU,MEC,2026-03-01,ITAQUI
2026-03-01,21965,RS,Itati,Transporte Escolar,"Educação, Ciência e Tecnologia",Educação Básica,Seleção 2023 - Transporte Escolar,Equipamento,Concluído,398500.0,100.0,2025,Federal,,Seleção,OGU,MEC,2026-03-01,ITATI
2026-03-01,38353,RS,Itatiba do Sul,Transporte Escolar,"Educação, Ciência e Tecnologia",Educação Básica,Seleção 2025 - Transporte Escolar,Equipamento,Em execução,436266.8,0.0,2026,Federal,,Seleção,OGU,MEC,2026-03-01,ITATIBA DO SUL
2026-03-01,21153,RS,Ivorá,Transporte Escolar,"Educação, Ciência e Tecnologia",Educação Básica,Seleção 2023 - Transporte Escolar,Equipamento,Concluído,412000.0,100.0,2025,Federal,,Seleção,OGU,MEC,2026-03-01,IVORÁ
2026-03-01,21780,RS,Jaguarão,Transporte Escolar,"Educação, Ciência e Tecnologia",Educação Básica,Seleção 2023 - Transporte Escolar,Equipamento,Concluído,581878.0,100.0,2025,Federal,,Seleção,OGU,MEC,2026-03-01,JAGUARÃO
2026-03-01,20897,RS,Jóia,Transporte Escolar,"Educação, Ciência e Tecnologia",Educação Básica,Seleção 2023 - Transporte Escolar,Equipamento,Concluído,412000.0,100.0,2025,Federal,,Seleção,OGU,MEC,2026-03-01,JÓIA
2026-03-01,22051,RS,Júlio de Castilhos,Transporte Escolar,"Educação, Ciência e Tecnologia",Educação Básica,Seleção 2023 - Transporte Escolar,Equipamento,Concluído,469499.0,100.0,2025,Federal,,Seleção,OGU,MEC,2026-03-01,JÚLIO DE CASTILHOS
2026-03-01,21994,RS,Lagoa Bonita do Sul,Transporte Escolar,"Educação, Ciência e Tecnologia",Educação Básica,Seleção 2023 - Transporte Escolar,Equipamento,Concluído,412000.0,100.0,2025,Federal,,Seleção,OGU,MEC,2026-03-01,LAGOA BONITA DO SUL
2026-03-01,22088,RS,Lagoão,Transporte Escolar,"Educação, Ciência e Tecnologia",Educação Básica,Seleção 2023 - Transporte Escolar,Equipamento,Concluído,581878.0,100.0,2025,Federal,,Seleção,OGU,MEC,2026-03-01,LAGOÃO
2026-03-01,17237,RS,Lajeado,Creche e/ou Escola de Educação Infantil,"Educação, Ciência e Tecnologia",Educação Básica,"Retomada e conclusão de obras - Creches, Escolas, Quadras e Cobertura de Quadras",Obra,Em ação preparatória,4349304.08,0.0,2026,Municipal,,Planejamento Setorial,OGU,MEC,2026-03-01,LAJEADO
2026-03-01,21267,RS,Lajeado do Bugre,Transporte Escolar,"Educação, Ciência e Tecnologia",Educação Básica,Seleção 2023 - Transporte Escolar,Equipamento,Concluído,412000.0,100.0,2025,Federal,,Seleção,OGU,MEC,2026-03-01,LAJEADO DO BUGRE
2026-03-01,22405,RS,Manoel Viana,Transporte Escolar,"Educação, Ciência e Tecnologia",Educação Básica,Seleção 2023 - Transporte Escolar,Equipamento,Concluído,469499.0,100.0,2025,Federal,,Seleção,OGU,MEC,2026-03-01,MANOEL VIANA
2026-03-01,21483,RS,Maquiné,Transporte Escolar,"Educação, Ciência e Tecnologia",Educação Básica,Seleção 2023 - Transporte Escolar,Equipamento,Concluído,398500.0,100.0,2025,Federal,,Seleção,OGU,MEC,2026-03-01,MAQUINÉ
2026-03-01,38354,RS,Marcelino Ramos,Transporte Escolar,"Educação, Ciência e Tecnologia",Educação Básica,Seleção 2025 - Transporte Escolar,Equipamento,Em execução,421971.65,0.0,2026,Federal,,Seleção,OGU,MEC,2026-03-01,MARCELINO RAMOS
2026-03-01,21345,RS,Mata,Transporte Escolar,"Educação, Ciência e Tecnologia",Educação Básica,Seleção 2023 - Transporte Escolar,Equipamento,Concluído,398500.0,100.0,2025,Federal,,Seleção,OGU,MEC,2026-03-01,MATA
2026-03-01,21704,RS,Mato Queimado,Transporte Escolar,"Educação, Ciência e Tecnologia",Educação Básica,Seleção 2023 - Transporte Escolar,Equipamento,Concluído,412000.0,100.0,2025,Federal,,Seleção,OGU,MEC,2026-03-01,MATO QUEIMADO
2026-03-01,21984,RS,Mostardas,Transporte Escolar,"Educação, Ciência e Tecnologia",Educação Básica,Seleção 2023 - Transporte Escolar,Equipamento,Concluído,469499.0,100.0,2025,Federal,,Seleção,OGU,MEC,2026-03-01,MOSTARDAS
2026-03-01,38355,RS,Nova Araçá,Transporte Escolar,"Educação, Ciência e Tecnologia",Educação Básica,Seleção 2025 - Transporte Escolar,Equipamento,Em execução,436266.8,0.0,2026,Federal,,Seleção,OGU,MEC,2026-03-01,NOVA ARAÇÁ
2026-03-01,38356,RS,Nova Roma do Sul,Transporte Escolar,"Educação, Ciência e Tecnologia",Educação Básica,Seleção 2025 - Transporte Escolar,Equipamento,Em execução,436266.8,0.0,2026,Federal,,Seleção,OGU,MEC,2026-03-01,NOVA ROMA DO SUL
2026-03-01,38357,RS,Novo Cabrais,Transporte Escolar,"Educação, Ciência e Tecnologia",Educação Básica,Seleção 2025 - Transporte Escolar,Equipamento,Em execução,497152.49,0.0,2026,Federal,,Seleção,OGU,MEC,2026-03-01,NOVO CABRAIS
2026-03-01,21633,RS,Osório,Transporte Escolar,"Educação, Ciência e Tecnologia",Educação Básica,Seleção 2023 - Transporte Escolar,Equipamento,Concluído,469499.0,100.0,2025,Federal,,Seleção,OGU,MEC,2026-03-01,OSÓRIO
2026-03-01,38358,RS,Paim Filho,Transporte Escolar,"Educação, Ciência e Tecnologia",Educação Básica,Seleção 2025 - Transporte Escolar,Equipamento,Em execução,436266.8,0.0,2026,Federal,,Seleção,OGU,MEC,2026-03-01,PAIM FILHO
2026-03-01,22324,RS,Palmeira das Missões,Transporte Escolar,"Educação, Ciência e Tecnologia",Educação Básica,Seleção 2023 - Transporte Escolar,Equipamento,Concluído,398500.0,100.0,2025,Federal,,Seleção,OGU,MEC,2026-03-01,PALMEIRA DAS MISSÕES
2026-03-01,38359,RS,Palmeira das Missões,Transporte Escolar,"Educação, Ciência e Tecnologia",Educação Básica,Seleção 2025 - Transporte Escolar,Equipamento,Em execução,497152.49,0.0,2026,Federal,,Seleção,OGU,MEC,2026-03-01,PALMEIRA DAS MISSÕES
2026-03-01,21732,RS,Passa Sete,Transporte Escolar,"Educação, Ciência e Tecnologia",Educação Básica,Seleção 2023 - Transporte Escolar,Equipamento,Concluído,398500.0,100.0,2025,Federal,,Seleção,OGU,MEC,2026-03-01,PASSA SETE
2026-03-01,21822,RS,Passo do Sobrado,Transporte Escolar,"Educação, Ciência e Tecnologia",Educação Básica,Seleção 2023 - Transporte Escolar,Equipamento,Concluído,398500.0,100.0,2025,Federal,,Seleção,OGU,MEC,2026-03-01,PASSO DO SOBRADO
2026-03-01,17511,RS,Paulo Bento,Creche e/ou Escola de Educação Infantil,"Educação, Ciência e Tecnologia",Educação Básica,"Retomada e conclusão de obras - Creches, Escolas, Quadras e Cobertura de Quadras",Obra,Em execução,0.0,0.0,2026,Municipal,,Planejamento Setorial,OGU,MEC,2026-03-01,PAULO BENTO
2026-03-01,22587,RS,Pelotas,Transporte Escolar,"Educação, Ciência e Tecnologia",Educação Básica,Seleção 2023 - Transporte Escolar,Equipamento,Concluído,399000.0,100.0,2025,Federal,,Seleção,OGU,MEC,2026-03-01,PELOTAS
2026-03-01,38360,RS,Pelotas,Transporte Escolar,"Educação, Ciência e Tecnologia",Educação Básica,Seleção 2025 - Transporte Escolar,Equipamento,Em execução,421971.65,0.0,2026,Federal,,Seleção,OGU,MEC,2026-03-01,PELOTAS
2026-03-01,21443,RS,Pinhal Grande,Transporte Escolar,"Educação, Ciência e Tecnologia",Educação Básica,Seleção 2023 - Transporte Escolar,Equipamento,Concluído,412000.0,100.0,2025,Federal,,Seleção,OGU,MEC,2026-03-01,PINHAL GRANDE
2026-03-01,35074,RS,Pinheirinho do Vale,Quadra e/ou Cobertura de Quadra,"Educação, Ciência e Tecnologia",Educação Básica,"Retomada e conclusão de obras - Creches, Escolas, Quadras e Cobertura de Quadras",Obra,Concluído,0.0,100.0,2026,Municipal,,Planejamento Setorial,OGU,MEC,2026-03-01,PINHEIRINHO DO VALE
2026-03-01,17510,RS,Pirapó,Creche e/ou Escola de Educação Infantil,"Educação, Ciência e Tecnologia",Educação Básica,"Retomada e conclusão de obras - Creches, Escolas, Quadras e Cobertura de Quadras",Obra,Em ação preparatória,0.0,0.0,2026,Municipal,,Planejamento Setorial,OGU,MEC,2026-03-01,PIRAPÓ
2026-03-01,22288,RS,Piratini,Transporte Escolar,"Educação, Ciência e Tecnologia",Educação Básica,Seleção 2023 - Transporte Escolar,Equipamento,Concluído,469499.0,100.0,2025,Federal,,Seleção,OGU,MEC,2026-03-01,PIRATINI
2026-03-01,38361,RS,Ponte Preta,Transporte Escolar,"Educação, Ciência e Tecnologia",Educação Básica,Seleção 2025 - Transporte Escolar,Equipamento,Em execução,436266.8,0.0,2026,Federal,,Seleção,OGU,MEC,2026-03-01,PONTE PRETA
2026-03-01,22302,RS,Porto Lucena,Transporte Escolar,"Educação, Ciência e Tecnologia",Educação Básica,Seleção 2023 - Transporte Escolar,Equipamento,Concluído,412000.0,100.0,2025,Federal,,Seleção,OGU,MEC,2026-03-01,PORTO LUCENA
2026-03-01,21211,RS,Porto Xavier,Transporte Escolar,"Educação, Ciência e Tecnologia",Educação Básica,Seleção 2023 - Transporte Escolar,Equipamento,Concluído,469499.0,100.0,2025,Federal,,Seleção,OGU,MEC,2026-03-01,PORTO XAVIER
2026-03-01,21635,RS,Putinga,Transporte Escolar,"Educação, Ciência e Tecnologia",Educação Básica,Seleção 2023 - Transporte Escolar,Equipamento,Concluído,412000.0,100.0,2025,Federal,,Seleção,OGU,MEC,2026-03-01,PUTINGA
2026-03-01,21295,RS,Quatro Irmãos,Transporte Escolar,"Educação, Ciência e Tecnologia",Educação Básica,Seleção 2023 - Transporte Escolar,Equipamento,Concluído,412000.0,100.0,2025,Federal,,Seleção,OGU,MEC,2026-03-01,QUATRO IRMÃOS
2026-03-01,22338,RS,Redentora,Transporte Escolar,"Educação, Ciência e Tecnologia",Educação Básica,Seleção 2023 - Transporte Escolar,Equipamento,Concluído,398500.0,100.0,2025,Federal,,Seleção,OGU,MEC,2026-03-01,REDENTORA
2026-03-01,38362,RS,Rio Grande,Transporte Escolar,"Educação, Ciência e Tecnologia",Educação Básica,Seleção 2025 - Transporte Escolar,Equipamento,Em execução,497152.49,0.0,2026,Federal,,Seleção,OGU,MEC,2026-03-01,RIO GRANDE
2026-03-01,22221,RS,Rio Pardo,Transporte Escolar,"Educação, Ciência e Tecnologia",Educação Básica,Seleção 2023 - Transporte Escolar,Equipamento,Concluído,398500.0,100.0,2025,Federal,,Seleção,OGU,MEC,2026-03-01,RIO PARDO
2026-03-01,21381,RS,Rolante,Transporte Escolar,"Educação, Ciência e Tecnologia",Educação Básica,Seleção 2023 - Transporte Escolar,Equipamento,Concluído,469499.0,100.0,2025,Federal,,Seleção,OGU,MEC,2026-03-01,ROLANTE
2026-03-01,21071,RS,Roque Gonzales,Transporte Escolar,"Educação, Ciência e Tecnologia",Educação Básica,Seleção 2023 - Transporte Escolar,Equipamento,Concluído,398500.0,100.0,2025,Federal,,Seleção,OGU,MEC,2026-03-01,ROQUE GONZALES
2026-03-01,22178,RS,Sananduva,Transporte Escolar,"Educação, Ciência e Tecnologia",Educação Básica,Seleção 2023 - Transporte Escolar,Equipamento,Concluído,412000.0,100.0,2025,Federal,,Seleção,OGU,MEC,2026-03-01,SANANDUVA
2026-03-01,21854,RS,Santa Maria,Transporte Escolar,"Educação, Ciência e Tecnologia",Educação Básica,Seleção 2023 - Transporte Escolar,Equipamento,Concluído,581878.0,100.0,2025,Federal,,Seleção,OGU,MEC,2026-03-01,SANTA MARIA
2026-03-01,21741,RS,Santo Antônio da Patrulha,Transporte Escolar,"Educação, Ciência e Tecnologia",Educação Básica,Seleção 2023 - Transporte Escolar,Equipamento,Concluído,398500.0,100.0,2025,Federal,,Seleção,OGU,MEC,2026-03-01,SANTO ANTÔNIO DA PATRULHA
2026-03-01,21409,RS,Santo Augusto,Transporte Escolar,"Educação, Ciência e Tecnologia",Educação Básica,Seleção 2023 - Transporte Escolar,Equipamento,Concluído,412000.0,100.0,2025,Federal,,Seleção,OGU,MEC,2026-03-01,SANTO AUGUSTO
2026-03-01,21257,RS,São Borja,Transporte Escolar,"Educação, Ciência e Tecnologia",Educação Básica,Seleção 2023 - Transporte Escolar,Equipamento,Concluído,412000.0,100.0,2025,Federal,,Seleção,OGU,MEC,2026-03-01,SÃO BORJA
2026-03-01,20881,RS,São Francisco de Assis,Transporte Escolar,"Educação, Ciência e Tecnologia",Educação Básica,Seleção 2023 - Transporte Escolar,Equipamento,Concluído,469499.0,100.0,2025,Federal,,Seleção,OGU,MEC,2026-03-01,SÃO FRANCISCO DE ASSIS
2026-03-01,22434,RS,São Jerônimo,Transporte Escolar,"Educação, Ciência e Tecnologia",Educação Básica,Seleção 2023 - Transporte Escolar,Equipamento,Concluído,581878.0,100.0,2025,Federal,,Seleção,OGU,MEC,2026-03-01,SÃO JERÔNIMO
2026-03-01,22429,RS,São Lourenço do Sul,Transporte Escolar,"Educação, Ciência e Tecnologia",Educação Básica,Seleção 2023 - Transporte Escolar,Equipamento,Concluído,398500.0,100.0,2025,Federal,,Seleção,OGU,MEC,2026-03-01,SÃO LOURENÇO DO SUL
2026-03-01,21229,RS,São Paulo das Missões,Transporte Escolar,"Educação, Ciência e Tecnologia",Educação Básica,Seleção 2023 - Transporte Escolar,Equipamento,Concluído,412000.0,100.0,2025,Federal,,Seleção,OGU,MEC,2026-03-01,SÃO PAULO DAS MISSÕES
2026-03-01,22388,RS,São Pedro do Butiá,Transporte Escolar,"Educação, Ciência e Tecnologia",Educação Básica,Seleção 2023 - Transporte Escolar,Equipamento,Concluído,398500.0,100.0,2025,Federal,,Seleção,OGU,MEC,2026-03-01,SÃO PEDRO DO BUTIÁ
2026-03-01,21029,RS,São Sepé,Transporte Escolar,"Educação, Ciência e Tecnologia",Educação Básica,Seleção 2023 - Transporte Escolar,Equipamento,Concluído,469499.0,100.0,2025,Federal,,Seleção,OGU,MEC,2026-03-01,SÃO SEPÉ
2026-03-01,21792,RS,São Vicente do Sul,Transporte Escolar,"Educação, Ciência e Tecnologia",Educação Básica,Seleção 2023 - Transporte Escolar,Equipamento,Concluído,677000.0,100.0,2025,Federal,,Seleção,OGU,MEC,2026-03-01,SÃO VICENTE DO SUL
2026-03-01,22291,RS,Segredo,Transporte Escolar,"Educação, Ciência e Tecnologia",Educação Básica,Seleção 2023 - Transporte Escolar,Equipamento,Concluído,412000.0,100.0,2025,Federal,,Seleção,OGU,MEC,2026-03-01,SEGREDO
2026-03-01,21926,RS,Sentinela do Sul,Transporte Escolar,"Educação, Ciência e Tecnologia",Educação Básica,Seleção 2023 - Transporte Escolar,Equipamento,Concluído,398500.0,100.0,2025,Federal,,Seleção,OGU,MEC,2026-03-01,SENTINELA DO SUL
2026-03-01,21871,RS,Sertão Santana,Transporte Escolar,"Educação, Ciência e Tecnologia",Educação Básica,Seleção 2023 - Transporte Escolar,Equipamento,Concluído,398500.0,100.0,2025,Federal,,Seleção,OGU,MEC,2026-03-01,SERTÃO SANTANA
2026-03-01,21329,RS,Sobradinho,Transporte Escolar,"Educação, Ciência e Tecnologia",Educação Básica,Seleção 2023 - Transporte Escolar,Equipamento,Concluído,398500.0,100.0,2025,Federal,,Seleção,OGU,MEC,2026-03-01,SOBRADINHO
2026-03-01,38363,RS,Tabaí,Transporte Escolar,"Educação, Ciência e Tecnologia",Educação Básica,Seleção 2025 - Transporte Escolar,Equipamento,Em execução,436266.8,0.0,2026,Federal,,Seleção,OGU,MEC,2026-03-01,TABAÍ
2026-03-01,22443,RS,Taquara,Transporte Escolar,"Educação, Ciência e Tecnologia",Educação Básica,Seleção 2023 - Transporte Escolar,Equipamento,Concluído,469499.0,100.0,2025,Federal,,Seleção,OGU,MEC,2026-03-01,TAQUARA
2026-03-01,22208,RS,Taquari,Transporte Escolar,"Educação, Ciência e Tecnologia",Educação Básica,Seleção 2023 - Transporte Escolar,Equipamento,Concluído,412000.0,100.0,2025,Federal,,Seleção,OGU,MEC,2026-03-01,TAQUARI
2026-03-01,38364,RS,Taquaruçu do Sul,Transporte Escolar,"Educação, Ciência e Tecnologia",Educação Básica,Seleção 2025 - Transporte Escolar,Equipamento,Em execução,421971.65,0.0,2026,Federal,,Seleção,OGU,MEC,2026-03-01,TAQUARUÇU DO SUL
2026-03-01,21445,RS,Tenente Portela,Transporte Escolar,"Educação, Ciência e Tecnologia",Educação Básica,Seleção 2023 - Transporte Escolar,Equipamento,Concluído,469499.0,100.0,2025,Federal,,Seleção,OGU,MEC,2026-03-01,TENENTE PORTELA
2026-03-01,22666,RS,Terra de Areia,Transporte Escolar,"Educação, Ciência e Tecnologia",Educação Básica,Seleção 2023 - Transporte Escolar,Equipamento,Concluído,469499.0,100.0,2025,Federal,,Seleção,OGU,MEC,2026-03-01,TERRA DE AREIA
2026-03-01,22122,RS,Torres,Transporte Escolar,"Educação, Ciência e Tecnologia",Educação Básica,Seleção 2023 - Transporte Escolar,Equipamento,Concluído,469499.0,100.0,2025,Federal,,Seleção,OGU,MEC,2026-03-01,TORRES
2026-03-01,22671,RS,Três Cachoeiras,Transporte Escolar,"Educação, Ciência e Tecnologia",Educação Básica,Seleção 2023 - Transporte Escolar,Equipamento,Concluído,469499.0,100.0,2025,Federal,,Seleção,OGU,MEC,2026-03-01,TRÊS CACHOEIRAS
2026-03-01,38365,RS,Três Palmeiras,Transporte Escolar,"Educação, Ciência e Tecnologia",Educação Básica,Seleção 2025 - Transporte Escolar,Equipamento,Em execução,421971.65,0.0,2026,Federal,,Seleção,OGU,MEC,2026-03-01,TRÊS PALMEIRAS
2026-03-01,22540,RS,Vacaria,Transporte Escolar,"Educação, Ciência e Tecnologia",Educação Básica,Seleção 2023 - Transporte Escolar,Equipamento,Concluído,469499.0,100.0,2025,Federal,,Seleção,OGU,MEC,2026-03-01,VACARIA
2026-03-01,22171,RS,Viamão,Transporte Escolar,"Educação, Ciência e Tecnologia",Educação Básica,Seleção 2023 - Transporte Escolar,Equipamento,Concluído,469499.0,100.0,2025,Federal,,Seleção,OGU,MEC,2026-03-01,VIAMÃO
2026-03-01,21507,RS,Vicente Dutra,Transporte Escolar,"Educação, Ciência e Tecnologia",Educação Básica,Seleção 2023 - Transporte Escolar,Equipamento,Concluído,398500.0,100.0,2025,Federal,,Seleção,OGU,MEC,2026-03-01,VICENTE DUTRA
2026-03-01,38366,RS,Vicente Dutra,Transporte Escolar,"Educação, Ciência e Tecnologia",Educação Básica,Seleção 2025 - Transporte Escolar,Equipamento,Em execução,421971.65,0.0,2026,Federal,,Seleção,OGU,MEC,2026-03-01,VICENTE DUTRA
2026-03-01,21797,RS,Victor Graeff,Transporte Escolar,"Educação, Ciência e Tecnologia",Educação Básica,Seleção 2023 - Transporte Escolar,Equipamento,Concluído,398500.0,100.0,2025,Federal,,Seleção,OGU,MEC,2026-03-01,VICTOR GRAEFF
2026-03-01,21776,RS,Vila Lângaro,Transporte Escolar,"Educação, Ciência e Tecnologia",Educação Básica,Seleção 2023 - Transporte Escolar,Equipamento,Concluído,412000.0,100.0,2025,Federal,,Seleção,OGU,MEC,2026-03-01,VILA LÂNGARO
2026-03-01,21375,RS,Vista Alegre do Prata,Transporte Escolar,"Educação, Ciência e Tecnologia",Educação Básica,Seleção 2023 - Transporte Escolar,Equipamento,Concluído,412000.0,100.0,2025,Federal,,Seleção,OGU,MEC,2026-03-01,VISTA ALEGRE DO PRATA
2026-03-01,3199,RS,Alvorada,Biblioteca do Campus Alvorada - IFRS,"Educação, Ciência e Tecnologia",Educação Profissional e Tecnológica,"Consolidação e Reestruturação da Rede Federal de Educação Profissional, Científica e Tecnológica - EPCT",Obra,Em execução,1500000.0,56.66,2026,Federal,,Planejamento Setorial,OGU,MEC,2026-03-01,ALVORADA
2026-03-01,28493,RS,Alvorada,Restaurante Estudantil do Campus Alvorada - IFRS,"Educação, Ciência e Tecnologia",Educação Profissional e Tecnológica,"Consolidação e Reestruturação da Rede Federal de Educação Profissional, Científica e Tecnológica - EPCT",Obra,Em execução,1700000.0,51.05,2026,Federal,,Planejamento Setorial,OGU,MEC,2026-03-01,ALVORADA
2026-03-01,28496,RS,Bagé,Restaurante Estudantil do Campus Bagé - IFSul,"Educação, Ciência e Tecnologia",Educação Profissional e Tecnológica,"Consolidação e Reestruturação da Rede Federal de Educação Profissional, Científica e Tecnológica - EPCT",Obra,Em licitação / Leilão,1700000.0,0.0,2026,Federal,,Planejamento Setorial,OGU,MEC,2026-03-01,BAGÉ
2026-03-01,16588,RS,Bagé,Salas de Aulas do Campus Bagé - IFSul,"Educação, Ciência e Tecnologia",Educação Profissional e Tecnológica,"Consolidação e Reestruturação da Rede Federal de Educação Profissional, Científica e Tecnológica - EPCT",Equipamento,Concluído,615000.0,100.0,2023,Federal,,Planejamento Setorial,OGU,MEC,2026-03-01,BAGÉ
2026-03-01,16443,RS,Bento Gonçalves,Usinas Fotovoltáicas de diversos campi - IFRS,"Educação, Ciência e Tecnologia",Educação Profissional e Tecnológica,"Consolidação e Reestruturação da Rede Federal de Educação Profissional, Científica e Tecnológica - EPCT",Equipamento,Concluído,1628382.0,100.0,2023,Federal,,Planejamento Setorial,OGU,MEC,2026-03-01,BENTO GONÇALVES
2026-03-01,33854,RS,Caçapava do Sul,Novo Campus Caçapava do Sul - Construção de ginásio de esportes,"Educação, Ciência e Tecnologia",Educação Profissional e Tecnológica,"Expansão da Rede Federal de Educação Profissional, Científica e Tecnológica - EPCT",Obra,Em execução,2875437.49,72.51,2026,Federal,,Planejamento Setorial,OGU,MEC,2026-03-01,CAÇAPAVA DO SUL
2026-03-01,33856,RS,Caçapava do Sul,Novo Campus Caçapava do Sul - Construção de salas de aula A,"Educação, Ciência e Tecnologia",Educação Profissional e Tecnológica,"Expansão da Rede Federal de Educação Profissional, Científica e Tecnológica - EPCT",Obra,Em execução,2699000.0,3.55,2027,Federal,,Planejamento Setorial,OGU,MEC,2026-03-01,CAÇAPAVA DO SUL
2026-03-01,33852,RS,Caçapava do Sul,Novo Campus Caçapava do Sul - Guarita e urbanização,"Educação, Ciência e Tecnologia",Educação Profissional e Tecnológica,"Expansão da Rede Federal de Educação Profissional, Científica e Tecnológica - EPCT",Obra,Em execução,580000.0,0.37,2025,Federal,,Planejamento Setorial,OGU,MEC,2026-03-01,CAÇAPAVA DO SUL
2026-03-01,33848,RS,Caçapava do Sul,Novo Campus Caçapava do Sul - Prédio administrativo,"Educação, Ciência e Tecnologia",Educação Profissional e Tecnológica,"Expansão da Rede Federal de Educação Profissional, Científica e Tecnológica - EPCT",Obra,Em execução,2900000.0,14.28,2026,Federal,,Planejamento Setorial,OGU,MEC,2026-03-01,CAÇAPAVA DO SUL
2026-03-01,33850,RS,Caçapava do Sul,Novo Campus Caçapava do Sul - Prédio de salas de aula B,"Educação, Ciência e Tecnologia",Educação Profissional e Tecnológica,"Expansão da Rede Federal de Educação Profissional, Científica e Tecnológica - EPCT",Obra,Em execução,2800000.0,15.25,2026,Federal,,Planejamento Setorial,OGU,MEC,2026-03-01,CAÇAPAVA DO SUL
2026-03-01,33851,RS,Caçapava do Sul,Novo Campus Caçapava do Sul - Restaurante estudantil,"Educação, Ciência e Tecnologia",Educação Profissional e Tecnológica,"Expansão da Rede Federal de Educação Profissional, Científica e Tecnológica - EPCT",Obra,Em execução,1750000.0,22.88,2026,Federal,,Planejamento Setorial,OGU,MEC,2026-03-01,CAÇAPAVA DO SUL
2026-03-01,28498,RS,Camaquã,Restaurante Estudantil do Campus Camaquã - IFSul,"Educação, Ciência e Tecnologia",Educação Profissional e Tecnológica,"Consolidação e Reestruturação da Rede Federal de Educação Profissional, Científica e Tecnológica - EPCT",Obra,Em licitação / Leilão,1500000.0,0.0,2026,Federal,,Planejamento Setorial,OGU,MEC,2026-03-01,CAMAQUÃ
2026-03-01,28488,RS,Canoas,Restaurante Estudantil do Campus Avançado Canoas - IFRS,"Educação, Ciência e Tecnologia",Educação Profissional e Tecnológica,"Consolidação e Reestruturação da Rede Federal de Educação Profissional, Científica e Tecnológica - EPCT",Obra,Em execução,1700000.0,34.29,2026,Federal,,Planejamento Setorial,OGU,MEC,2026-03-01,CANOAS
2026-03-01,28500,RS,Caxias do Sul,Restaurante Estudantil do Campus Caxias do Sul - IFRS,"Educação, Ciência e Tecnologia",Educação Profissional e Tecnológica,"Consolidação e Reestruturação da Rede Federal de Educação Profissional, Científica e Tecnológica - EPCT",Obra,Em execução,1700000.0,43.78,2026,Federal,,Planejamento Setorial,OGU,MEC,2026-03-01,CAXIAS DO SUL
2026-03-01,28502,RS,Erechim,Restaurante Estudantil do Campus Erechim - IFRS,"Educação, Ciência e Tecnologia",Educação Profissional e Tecnológica,"Consolidação e Reestruturação da Rede Federal de Educação Profissional, Científica e Tecnológica - EPCT",Obra,Em execução,1700000.0,48.96,2026,Federal,,Planejamento Setorial,OGU,MEC,2026-03-01,ERECHIM
2026-03-01,16573,RS,Farroupilha,Estruturas Acadêmicas do Campus Farroupilha - IFRS,"Educação, Ciência e Tecnologia",Educação Profissional e Tecnológica,"Consolidação e Reestruturação da Rede Federal de Educação Profissional, Científica e Tecnológica - EPCT",Obra,Concluído,1020210.22,100.0,2025,Federal,,Planejamento Setorial,OGU,MEC,2026-03-01,FARROUPILHA
2026-03-01,3229,RS,Feliz,Biblioteca do Campus Feliz - IFRS,"Educação, Ciência e Tecnologia",Educação Profissional e Tecnológica,"Consolidação e Reestruturação da Rede Federal de Educação Profissional, Científica e Tecnológica - EPCT",Obra,Em execução,1500000.0,84.59,2026,Federal,,Planejamento Setorial,OGU,MEC,2026-03-01,FELIZ
2026-03-01,28504,RS,Feliz,Restaurante Estudantil do Campus Feliz - IFRS,"Educação, Ciência e Tecnologia",Educação Profissional e Tecnológica,"Consolidação e Reestruturação da Rede Federal de Educação Profissional, Científica e Tecnológica - EPCT",Obra,Em execução,1700000.0,35.33,2026,Federal,,Planejamento Setorial,OGU,MEC,2026-03-01,FELIZ
2026-03-01,16431,RS,Frederico Westphalen,Estruturas Acadêmicas do Campus Frederico Westphalen - IFFarroupilha,"Educação, Ciência e Tecnologia",Educação Profissional e Tecnológica,"Consolidação e Reestruturação da Rede Federal de Educação Profissional, Científica e Tecnológica - EPCT",Obra,Concluído,750340.04,100.0,2023,Federal,,Planejamento Setorial,OGU,MEC,2026-03-01,FREDERICO WESTPHALEN
2026-03-01,28507,RS,Frederico Westphalen,Restaurante Estudantil do Campus Frederico Westphalen - IF Farroupilha,"Educação, Ciência e Tecnologia",Educação Profissional e Tecnológica,"Consolidação e Reestruturação da Rede Federal de Educação Profissional, Científica e Tecnológica - EPCT",Obra,Em execução,1700000.0,99.56,2025,Federal,,Planejamento Setorial,OGU,MEC,2026-03-01,FREDERICO WESTPHALEN
2026-03-01,18519,RS,Gramado,Novo Campus Gramado - IFRS,"Educação, Ciência e Tecnologia",Educação Profissional e Tecnológica,"Expansão da Rede Federal de Educação Profissional, Científica e Tecnológica - EPCT",Obra,Em execução,15000000.0,0.72,2028,Federal,,Planejamento Setorial,OGU,MEC,2026-03-01,GRAMADO
2026-03-01,28509,RS,Gravataí,Restaurante Estudantil do Campus Gravataí - IFSul,"Educação, Ciência e Tecnologia",Educação Profissional e Tecnológica,"Consolidação e Reestruturação da Rede Federal de Educação Profissional, Científica e Tecnológica - EPCT",Obra,Em licitação / Leilão,1700000.0,0.0,2026,Federal,,Planejamento Setorial,OGU,MEC,2026-03-01,GRAVATAÍ
2026-03-01,28511,RS,Ibirubá,Restaurante Estudantil do Campus Ibirubá - IFRS,"Educação, Ciência e Tecnologia",Educação Profissional e Tecnológica,"Consolidação e Reestruturação da Rede Federal de Educação Profissional, Científica e Tecnológica - EPCT",Obra,Em execução,1649480.24,29.71,2026,Federal,,Planejamento Setorial,OGU,MEC,2026-03-01,IBIRUBÁ
2026-03-01,3249,RS,Jaguari,Biblioteca do Campus Jaguari - IF Farroupilha,"Educação, Ciência e Tecnologia",Educação Profissional e Tecnológica,"Consolidação e Reestruturação da Rede Federal de Educação Profissional, Científica e Tecnológica - EPCT",Obra,Em execução,1500000.0,60.22,2025,Federal,,Planejamento Setorial,OGU,MEC,2026-03-01,JAGUARI
2026-03-01,16570,RS,Jaguari,Infraestrutura e Urbanização PPCI do Campus Jaguari - IFFarroupilha,"Educação, Ciência e Tecnologia",Educação Profissional e Tecnológica,"Consolidação e Reestruturação da Rede Federal de Educação Profissional, Científica e Tecnológica - EPCT",Obra,Concluído,432712.46,100.0,2025,Federal,,Planejamento Setorial,OGU,MEC,2026-03-01,JAGUARI
2026-03-01,28513,RS,Jaguari,Restaurante Estudantil do Campus Jaguari - IF Farroupilha,"Educação, Ciência e Tecnologia",Educação Profissional e Tecnológica,"Consolidação e Reestruturação da Rede Federal de Educação Profissional, Científica e Tecnológica - EPCT",Obra,Em execução,1700000.0,13.27,2026,Federal,,Planejamento Setorial,OGU,MEC,2026-03-01,JAGUARI
2026-03-01,16430,RS,Júlio de Castilhos,Infraestrutura e Urbanização PPCI do Campus Júlio de Castilhos - IFFarroupilha,"Educação, Ciência e Tecnologia",Educação Profissional e Tecnológica,"Consolidação e Reestruturação da Rede Federal de Educação Profissional, Científica e Tecnológica - EPCT",Obra,Concluído,195721.77,100.0,2025,Federal,,Planejamento Setorial,OGU,MEC,2026-03-01,JÚLIO DE CASTILHOS
2026-03-01,28516,RS,Lajeado,Restaurante Estudantil do Campus Lajeado - IFSul,"Educação, Ciência e Tecnologia",Educação Profissional e Tecnológica,"Consolidação e Reestruturação da Rede Federal de Educação Profissional, Científica e Tecnológica - EPCT",Obra,Em licitação / Leilão,1700000.0,0.0,2026,Federal,,Planejamento Setorial,OGU,MEC,2026-03-01,LAJEADO
2026-03-01,16491,RS,Osório,Estruturas Acadêmicas do Campus Osório - IFRS,"Educação, Ciência e Tecnologia",Educação Profissional e Tecnológica,"Consolidação e Reestruturação da Rede Federal de Educação Profissional, Científica e Tecnológica - EPCT",Obra,Concluído,1125167.7,100.0,2024,Federal,,Planejamento Setorial,OGU,MEC,2026-03-01,OSÓRIO
2026-03-01,16490,RS,Osório,Infraestrutura e Urbanização do Campus Osório - IFRS,"Educação, Ciência e Tecnologia",Educação Profissional e Tecnológica,"Consolidação e Reestruturação da Rede Federal de Educação Profissional, Científica e Tecnológica - EPCT",Obra,Concluído,532754.33,100.0,2024,Federal,,Planejamento Setorial,OGU,MEC,2026-03-01,OSÓRIO
2026-03-01,28518,RS,Osório,Restaurante Estudantil do Campus Osório - IFRS,"Educação, Ciência e Tecnologia",Educação Profissional e Tecnológica,"Consolidação e Reestruturação da Rede Federal de Educação Profissional, Científica e Tecnológica - EPCT",Obra,Em execução,1700000.0,24.76,2026,Federal,,Planejamento Setorial,OGU,MEC,2026-03-01,OSÓRIO
2026-03-01,3269,RS,Panambi,Biblioteca do Campus Panambi - IF Farroupilha,"Educação, Ciência e Tecnologia",Educação Profissional e Tecnológica,"Consolidação e Reestruturação da Rede Federal de Educação Profissional, Científica e Tecnológica - EPCT",Obra,Em execução,1500000.0,38.6,2026,Federal,,Planejamento Setorial,OGU,MEC,2026-03-01,PANAMBI
2026-03-01,16551,RS,Pelotas,Equipamentos de diversos campi - IFSul,"Educação, Ciência e Tecnologia",Educação Profissional e Tecnológica,"Consolidação e Reestruturação da Rede Federal de Educação Profissional, Científica e Tecnológica - EPCT",Equipamento,Concluído,2804879.0,100.0,2023,Federal,,Planejamento Setorial,OGU,MEC,2026-03-01,PELOTAS
2026-03-01,16601,RS,Pelotas,Equipamentos para Laboratórios de diversos campi - IFSul,"Educação, Ciência e Tecnologia",Educação Profissional e Tecnológica,"Consolidação e Reestruturação da Rede Federal de Educação Profissional, Científica e Tecnológica - EPCT",Equipamento,Concluído,489987.18,100.0,2023,Federal,,Planejamento Setorial,OGU,MEC,2026-03-01,PELOTAS
2026-03-01,16423,RS,Pelotas,Infraestrutura e Urbanização PPCI do Campus Pelotas - IFSul,"Educação, Ciência e Tecnologia",Educação Profissional e Tecnológica,"Consolidação e Reestruturação da Rede Federal de Educação Profissional, Científica e Tecnológica - EPCT",Obra,Em execução,1157881.0,77.82,2025,Federal,,Planejamento Setorial,OGU,MEC,2026-03-01,PELOTAS
2026-03-01,3277,RS,Pelotas,Biblioteca do Campus Pelotas Visconde da Graça - IFSul,"Educação, Ciência e Tecnologia",Educação Profissional e Tecnológica,"Consolidação e Reestruturação da Rede Federal de Educação Profissional, Científica e Tecnológica - EPCT",Obra,Em ação preparatória,1500000.0,0.0,2027,Federal,,Planejamento Setorial,OGU,MEC,2026-03-01,PELOTAS
2026-03-01,3285,RS,Porto Alegre,Biblioteca do Campus Porto Alegre Restinga - IFRS,"Educação, Ciência e Tecnologia",Educação Profissional e Tecnológica,"Consolidação e Reestruturação da Rede Federal de Educação Profissional, Científica e Tecnológica - EPCT",Obra,Concluído,1500000.0,100.0,2026,Federal,,Planejamento Setorial,OGU,MEC,2026-03-01,PORTO ALEGRE
2026-03-01,16477,RS,Porto Alegre,Infraestrutura e Urbanização - Escadas Metálicas do Campus Poá - IFRS,"Educação, Ciência e Tecnologia",Educação Profissional e Tecnológica,"Consolidação e Reestruturação da Rede Federal de Educação Profissional, Científica e Tecnológica - EPCT",Obra,Concluído,706800.29,100.0,2024,Federal,,Planejamento Setorial,OGU,MEC,2026-03-01,PORTO ALEGRE
2026-03-01,18517,RS,Porto Alegre,Novo Campus Porto Alegre - IFRS,"Educação, Ciência e Tecnologia",Educação Profissional e Tecnológica,"Expansão da Rede Federal de Educação Profissional, Científica e Tecnológica - EPCT",Obra,Em execução,15000000.0,14.49,2028,Federal,,Planejamento Setorial,OGU,MEC,2026-03-01,PORTO ALEGRE
2026-03-01,16493,RS,Rio Grande,Infraestrutura e Urbanização do Campus Rio Grande - IFRS,"Educação, Ciência e Tecnologia",Educação Profissional e Tecnológica,"Consolidação e Reestruturação da Rede Federal de Educação Profissional, Científica e Tecnológica - EPCT",Obra,Concluído,183864.29,100.0,2024,Federal,,Planejamento Setorial,OGU,MEC,2026-03-01,RIO GRANDE
2026-03-01,16492,RS,Rio Grande,Infraestrutura e Urbanização PPCI do Campus Rio Grande - IFRS,"Educação, Ciência e Tecnologia",Educação Profissional e Tecnológica,"Consolidação e Reestruturação da Rede Federal de Educação Profissional, Científica e Tecnológica - EPCT",Obra,Concluído,717642.04,100.0,2025,Federal,,Planejamento Setorial,OGU,MEC,2026-03-01,RIO GRANDE
2026-03-01,28522,RS,Rio Grande,Restaurante Estudantil do Campus Rio Grande - IFRS,"Educação, Ciência e Tecnologia",Educação Profissional e Tecnológica,"Consolidação e Reestruturação da Rede Federal de Educação Profissional, Científica e Tecnológica - EPCT",Obra,Em execução,1700000.0,30.71,2026,Federal,,Planejamento Setorial,OGU,MEC,2026-03-01,RIO GRANDE
2026-03-01,3289,RS,Rolante,Biblioteca do Campus Rolante - IFRS,"Educação, Ciência e Tecnologia",Educação Profissional e Tecnológica,"Consolidação e Reestruturação da Rede Federal de Educação Profissional, Científica e Tecnológica - EPCT",Obra,Em execução,1500000.0,47.68,2026,Federal,,Planejamento Setorial,OGU,MEC,2026-03-01,ROLANTE
2026-03-01,16513,RS,Rolante,Estruturas Acadêmicas do Campus Rolante - IFRS,"Educação, Ciência e Tecnologia",Educação Profissional e Tecnológica,"Consolidação e Reestruturação da Rede Federal de Educação Profissional, Científica e Tecnológica - EPCT",Obra,Concluído,1215863.09,100.0,2025,Federal,,Planejamento Setorial,OGU,MEC,2026-03-01,ROLANTE
2026-03-01,28524,RS,Rolante,Restaurante Estudantil do Campus Rolante - IFRS,"Educação, Ciência e Tecnologia",Educação Profissional e Tecnológica,"Consolidação e Reestruturação da Rede Federal de Educação Profissional, Científica e Tecnológica - EPCT",Obra,Em execução,1700000.0,41.76,2026,Federal,,Planejamento Setorial,OGU,MEC,2026-03-01,ROLANTE
2026-03-01,34982,RS,Rosário do Sul,Novo Campus Rosário do Sul - IFSul,"Educação, Ciência e Tecnologia",Educação Profissional e Tecnológica,"Expansão da Rede Federal de Educação Profissional, Científica e Tecnológica - EPCT",Obra,Em ação preparatória,15000000.0,0.0,2026,Federal,,Planejamento Setorial,OGU,MEC,2026-03-01,ROSÁRIO DO SUL
2026-03-01,16503,RS,Santa Maria,Equipamentos e Mobiliários de diversos campi - IFFarroupilha,"Educação, Ciência e Tecnologia",Educação Profissional e Tecnológica,"Consolidação e Reestruturação da Rede Federal de Educação Profissional, Científica e Tecnológica - EPCT",Equipamento,Concluído,2697078.02,100.0,2023,Federal,,Planejamento Setorial,OGU,MEC,2026-03-01,SANTA MARIA
2026-03-01,16502,RS,Santa Maria,Equipamentos e Mobiliários do Campus Santa Rosa - IFFarroupilha,"Educação, Ciência e Tecnologia",Educação Profissional e Tecnológica,"Consolidação e Reestruturação da Rede Federal de Educação Profissional, Científica e Tecnológica - EPCT",Obra,Concluído,105512.59,100.0,2023,Federal,,Planejamento Setorial,OGU,MEC,2026-03-01,SANTA MARIA
2026-03-01,25618,RS,Santa Maria,Estruturas Administrativas da Reitoria - IF Farroupilha,"Educação, Ciência e Tecnologia",Educação Profissional e Tecnológica,"Consolidação e Reestruturação da Rede Federal de Educação Profissional, Científica e Tecnológica - EPCT",Obra,Em licitação / Leilão,10000000.0,0.0,2026,Federal,,Planejamento Setorial,OGU,MEC,2026-03-01,SANTA MARIA
2026-03-01,34983,RS,Santa Maria,Novo Campus Santa Maria - IF Farroupilha,"Educação, Ciência e Tecnologia",Educação Profissional e Tecnológica,"Expansão da Rede Federal de Educação Profissional, Científica e Tecnológica - EPCT",Obra,Em ação preparatória,15000000.0,0.0,2027,Federal,,Planejamento Setorial,OGU,MEC,2026-03-01,SANTA MARIA
2026-03-01,3297,RS,Santo Ângelo,Biblioteca do Campus Santo Ângelo - IF Farroupilha,"Educação, Ciência e Tecnologia",Educação Profissional e Tecnológica,"Consolidação e Reestruturação da Rede Federal de Educação Profissional, Científica e Tecnológica - EPCT",Obra,Em execução,1500000.0,25.97,2026,Federal,,Planejamento Setorial,OGU,MEC,2026-03-01,SANTO ÂNGELO
2026-03-01,4218,RS,Santo Ângelo,Centro de Conviência do Campus Santo Ângelo - IFFarroupilha,"Educação, Ciência e Tecnologia",Educação Profissional e Tecnológica,"Consolidação e Reestruturação da Rede Federal de Educação Profissional, Científica e Tecnológica - EPCT",Obra,Concluído,1845013.99,100.0,2024,Federal,,Planejamento Setorial,OGU,MEC,2026-03-01,SANTO ÂNGELO
2026-03-01,16600,RS,Santo Augusto,Infraestrutura e Urbanização do Campus Santo Augusto - IFFarroupilha,"Educação, Ciência e Tecnologia",Educação Profissional e Tecnológica,"Consolidação e Reestruturação da Rede Federal de Educação Profissional, Científica e Tecnológica - EPCT",Obra,Concluído,450000.0,100.0,2024,Federal,,Planejamento Setorial,OGU,MEC,2026-03-01,SANTO AUGUSTO
2026-03-01,18515,RS,São Leopoldo,Novo Campus São Leopoldo - IFSUL,"Educação, Ciência e Tecnologia",Educação Profissional e Tecnológica,"Expansão da Rede Federal de Educação Profissional, Científica e Tecnológica - EPCT",Obra,Em execução,15000000.0,60.58,2026,Federal,,Planejamento Setorial,OGU,MEC,2026-03-01,SÃO LEOPOLDO
2026-03-01,33867,RS,São Luiz Gonzaga,Novo Campus São Luiz Gonzaga - Construção da guarita,"Educação, Ciência e Tecnologia",Educação Profissional e Tecnológica,"Expansão da Rede Federal de Educação Profissional, Científica e Tecnológica - EPCT",Obra,Em execução,490000.0,29.44,2025,Federal,,Planejamento Setorial,OGU,MEC,2026-03-01,SÃO LUIZ GONZAGA
2026-03-01,33858,RS,São Luiz Gonzaga,Novo Campus São Luiz Gonzaga - Construção dos prédios de salas de aula 1.,"Educação, Ciência e Tecnologia",Educação Profissional e Tecnológica,"Expansão da Rede Federal de Educação Profissional, Científica e Tecnológica - EPCT",Obra,Em execução,2519000.0,13.69,2026,Federal,,Planejamento Setorial,OGU,MEC,2026-03-01,SÃO LUIZ GONZAGA
2026-03-01,33860,RS,São Luiz Gonzaga,Novo Campus São Luiz Gonzaga - Construção dos prédios de salas de aula 2.,"Educação, Ciência e Tecnologia",Educação Profissional e Tecnológica,"Expansão da Rede Federal de Educação Profissional, Científica e Tecnológica - EPCT",Obra,Em execução,2680000.0,31.34,2026,Federal,,Planejamento Setorial,OGU,MEC,2026-03-01,SÃO LUIZ GONZAGA
2026-03-01,33862,RS,São Luiz Gonzaga,Novo Campus São Luiz Gonzaga - Construção dos prédios de salas de aula 3.,"Educação, Ciência e Tecnologia",Educação Profissional e Tecnológica,"Expansão da Rede Federal de Educação Profissional, Científica e Tecnológica - EPCT",Obra,Em execução,2525000.0,22.27,2026,Federal,,Planejamento Setorial,OGU,MEC,2026-03-01,SÃO LUIZ GONZAGA
2026-03-01,33869,RS,São Luiz Gonzaga,Novo Campus São Luiz Gonzaga - Novo ginásio,"Educação, Ciência e Tecnologia",Educação Profissional e Tecnológica,"Expansão da Rede Federal de Educação Profissional, Científica e Tecnológica - EPCT",Obra,Em execução,2114003.84,31.15,2026,Federal,,Planejamento Setorial,OGU,MEC,2026-03-01,SÃO LUIZ GONZAGA
2026-03-01,33863,RS,São Luiz Gonzaga,Novo Campus São Luiz Gonzaga - Novo prédio Administrativo.,"Educação, Ciência e Tecnologia",Educação Profissional e Tecnológica,"Expansão da Rede Federal de Educação Profissional, Científica e Tecnológica - EPCT",Obra,Em execução,2500000.0,31.11,2026,Federal,,Planejamento Setorial,OGU,MEC,2026-03-01,SÃO LUIZ GONZAGA
2026-03-01,33865,RS,São Luiz Gonzaga,Novo Campus São Luiz Gonzaga - Novo prédio do restaurante,"Educação, Ciência e Tecnologia",Educação Profissional e Tecnológica,"Expansão da Rede Federal de Educação Profissional, Científica e Tecnológica - EPCT",Obra,Em execução,1600000.0,42.74,2026,Federal,,Planejamento Setorial,OGU,MEC,2026-03-01,SÃO LUIZ GONZAGA
2026-03-01,28528,RS,São Vicente do Sul,Restaurante Estudantil do Campus São Vicente do Sul - IF Farroupilha,"Educação, Ciência e Tecnologia",Educação Profissional e Tecnológica,"Consolidação e Reestruturação da Rede Federal de Educação Profissional, Científica e Tecnológica - EPCT",Obra,Em execução,1700000.0,59.74,2025,Federal,,Planejamento Setorial,OGU,MEC,2026-03-01,SÃO VICENTE DO SUL
2026-03-01,28530,RS,Sapiranga,Restaurante Estudantil do Campus Sapiranga - IFSul,"Educação, Ciência e Tecnologia",Educação Profissional e Tecnológica,"Consolidação e Reestruturação da Rede Federal de Educação Profissional, Científica e Tecnológica - EPCT",Obra,Em licitação / Leilão,1500000.0,0.0,2026,Federal,,Planejamento Setorial,OGU,MEC,2026-03-01,SAPIRANGA
2026-03-01,16534,RS,Sapucaia do Sul,Infraestrutura e Urbanização PPCI do Campus Sapucaia do Sul - IFSul,"Educação, Ciência e Tecnologia",Educação Profissional e Tecnológica,"Consolidação e Reestruturação da Rede Federal de Educação Profissional, Científica e Tecnológica - EPCT",Obra,Concluído,238173.78,100.0,2025,Federal,,Planejamento Setorial,OGU,MEC,2026-03-01,SAPUCAIA DO SUL
2026-03-01,16489,RS,Sertão,Moradia Estudantil do Campus Sertão - IFRS,"Educação, Ciência e Tecnologia",Educação Profissional e Tecnológica,"Consolidação e Reestruturação da Rede Federal de Educação Profissional, Científica e Tecnológica - EPCT",Obra,Concluído,448823.31,100.0,2024,Federal,,Planejamento Setorial,OGU,MEC,2026-03-01,SERTÃO
2026-03-01,34987,RS,Triunfo,Novo Campus Triunfo - IFSul,"Educação, Ciência e Tecnologia",Educação Profissional e Tecnológica,"Expansão da Rede Federal de Educação Profissional, Científica e Tecnológica - EPCT",Obra,Em ação preparatória,15000000.0,0.0,2027,Federal,,Planejamento Setorial,OGU,MEC,2026-03-01,TRIUNFO
2026-03-01,3211,RS,Uruguaiana,Biblioteca do Campus Avançado Uruguaiana - IF Farroupilha,"Educação, Ciência e Tecnologia",Educação Profissional e Tecnológica,"Consolidação e Reestruturação da Rede Federal de Educação Profissional, Científica e Tecnológica - EPCT",Obra,Em execução,1500000.0,60.14,2026,Federal,,Planejamento Setorial,OGU,MEC,2026-03-01,URUGUAIANA
2026-03-01,28490,RS,Uruguaiana,Restaurante Estudantil do Campus Avançado Uruguaiana - IF Farroupilha,"Educação, Ciência e Tecnologia",Educação Profissional e Tecnológica,"Consolidação e Reestruturação da Rede Federal de Educação Profissional, Científica e Tecnológica - EPCT",Obra,Em execução,1700000.0,60.54,2026,Federal,,Planejamento Setorial,OGU,MEC,2026-03-01,URUGUAIANA
2026-03-01,3323,RS,Vacaria,Biblioteca do Campus Vacaria - IFRS,"Educação, Ciência e Tecnologia",Educação Profissional e Tecnológica,"Consolidação e Reestruturação da Rede Federal de Educação Profissional, Científica e Tecnológica - EPCT",Obra,Em execução,1500000.0,45.77,2026,Federal,,Planejamento Setorial,OGU,MEC,2026-03-01,VACARIA
2026-03-01,16446,RS,Vacaria,Infraestrutura do Telhado do Campus Vacaria - IFRS,"Educação, Ciência e Tecnologia",Educação Profissional e Tecnológica,"Consolidação e Reestruturação da Rede Federal de Educação Profissional, Científica e Tecnológica - EPCT",Obra,Concluído,300000.0,100.0,2023,Federal,,Planejamento Setorial,OGU,MEC,2026-03-01,VACARIA
2026-03-01,28532,RS,Vacaria,Restaurante Estudantil do Campus Vacaria - IFRS,"Educação, Ciência e Tecnologia",Educação Profissional e Tecnológica,"Consolidação e Reestruturação da Rede Federal de Educação Profissional, Científica e Tecnológica - EPCT",Obra,Em execução,1700000.0,47.21,2026,Federal,,Planejamento Setorial,OGU,MEC,2026-03-01,VACARIA
2026-03-01,28535,RS,Venâncio Aires,Restaurante Estudantil do Campus Venâncio Aires - IFSul,"Educação, Ciência e Tecnologia",Educação Profissional e Tecnológica,"Consolidação e Reestruturação da Rede Federal de Educação Profissional, Científica e Tecnológica - EPCT",Obra,Em licitação / Leilão,1700000.0,0.0,2026,Federal,,Planejamento Setorial,OGU,MEC,2026-03-01,VENÂNCIO AIRES
2026-03-01,25610,RS,Viamão,Estruturas Acadêmicas e Administrativas do Campus Viamão - IFRS,"Educação, Ciência e Tecnologia",Educação Profissional e Tecnológica,"Consolidação e Reestruturação da Rede Federal de Educação Profissional, Científica e Tecnológica - EPCT",Obra,Concluído,42000000.0,100.0,2025,Federal,,Planejamento Setorial,OGU,MEC,2026-03-01,VIAMÃO
2026-03-01,29096,RS,Alegrete,Restaurante Universitário do Campus Alegrete - Unipampa,"Educação, Ciência e Tecnologia",Educação Superior,Consolidação e Reestruturação das Universidades Federais,Obra,Em execução,700000.0,44.42,2026,Federal,,Planejamento Setorial,OGU,MEC,2026-03-01,ALEGRETE
2026-03-01,16642,RS,Bagé,Estruturas Acadêmicas do Campus Bagé - Unipampa,"Educação, Ciência e Tecnologia",Educação Superior,Consolidação e Reestruturação das Universidades Federais,Obra,Concluído,1276390.89,100.0,2023,Federal,,Planejamento Setorial,OGU,MEC,2026-03-01,BAGÉ
2026-03-01,25423,RS,Bagé,Estruturas Acadêmicas do Campus Bagé - Unipampa,"Educação, Ciência e Tecnologia",Educação Superior,Consolidação e Reestruturação das Universidades Federais,Obra,Em ação preparatória,3500000.0,0.0,2027,Federal,,Planejamento Setorial,OGU,MEC,2026-03-01,BAGÉ
2026-03-01,29099,RS,Bagé,Restaurante Universitário do Campus Bagé - Unipampa,"Educação, Ciência e Tecnologia",Educação Superior,Consolidação e Reestruturação das Universidades Federais,Obra,Em ação preparatória,700000.0,0.0,2027,Federal,,Planejamento Setorial,OGU,MEC,2026-03-01,BAGÉ
2026-03-01,29101,RS,Bagé,Salas de Aula do Campus Bagé - Unipampa,"Educação, Ciência e Tecnologia",Educação Superior,Consolidação e Reestruturação das Universidades Federais,Obra,Em ação preparatória,600000.0,0.0,2027,Federal,,Planejamento Setorial,OGU,MEC,2026-03-01,BAGÉ
2026-03-01,29103,RS,Caçapava do Sul,Restaurante Universitário do Campus Caçapava do Sul - Unipampa,"Educação, Ciência e Tecnologia",Educação Superior,Consolidação e Reestruturação das Universidades Federais,Obra,Em execução,700000.0,1.26,2027,Federal,,Planejamento Setorial,OGU,MEC,2026-03-01,CAÇAPAVA DO SUL
2026-03-01,31166,RS,Cachoeira do Sul,Laboratórios do Campus Cachoeira do Sul - UFSM,"Educação, Ciência e Tecnologia",Educação Superior,Consolidação e Reestruturação das Universidades Federais,Obra,Em licitação / Leilão,5000000.0,0.0,2026,Federal,,Planejamento Setorial,OGU,MEC,2026-03-01,CACHOEIRA DO SUL
2026-03-01,29105,RS,Caxias do Sul,Novo Campus de Caxias do Sul,"Educação, Ciência e Tecnologia",Educação Superior,Expansão da Rede Federal de Universidades,Obra,Em ação preparatória,50000000.0,0.0,2027,Federal,,Planejamento Setorial,OGU,MEC,2026-03-01,CAXIAS DO SUL
2026-03-01,29107,RS,Cerro Largo,Salas de Aula do Campus Cerro Largo - UFFS,"Educação, Ciência e Tecnologia",Educação Superior,Consolidação e Reestruturação das Universidades Federais,Obra,Em licitação / Leilão,1800000.0,0.0,2027,Federal,,Planejamento Setorial,OGU,MEC,2026-03-01,CERRO LARGO
2026-03-01,29109,RS,Dom Pedrito,Salas de Aula do Campus Dom Pedrito - Unipampa,"Educação, Ciência e Tecnologia",Educação Superior,Consolidação e Reestruturação das Universidades Federais,Obra,Em licitação / Leilão,6000000.0,0.0,2027,Federal,,Planejamento Setorial,OGU,MEC,2026-03-01,DOM PEDRITO
2026-03-01,29111,RS,Erechim,Salas de Aula do Campus Erechim - UFFS,"Educação, Ciência e Tecnologia",Educação Superior,Consolidação e Reestruturação das Universidades Federais,Obra,Em licitação / Leilão,2500000.0,0.0,2027,Federal,,Planejamento Setorial,OGU,MEC,2026-03-01,ERECHIM
2026-03-01,16643,RS,Itaqui,Salas de Aula - Fase 1 - do Campus Itaqui - Unipampa,"Educação, Ciência e Tecnologia",Educação Superior,Consolidação e Reestruturação das Universidades Federais,Obra,Concluído,366654.98,100.0,2025,Federal,,Planejamento Setorial,OGU,MEC,2026-03-01,ITAQUI
2026-03-01,29113,RS,Itaqui,Salas de Aula - Fase 2 - do Campus Itaqui - Unipampa,"Educação, Ciência e Tecnologia",Educação Superior,Consolidação e Reestruturação das Universidades Federais,Obra,Em ação preparatória,1800000.0,0.0,2027,Federal,,Planejamento Setorial,OGU,MEC,2026-03-01,ITAQUI
2026-03-01,29115,RS,Jaguarão,Restaurante Universitário do Campus Jaguarão- Unipampa,"Educação, Ciência e Tecnologia",Educação Superior,Consolidação e Reestruturação das Universidades Federais,Obra,Em ação preparatória,600000.0,0.0,2027,Federal,,Planejamento Setorial,OGU,MEC,2026-03-01,JAGUARÃO
2026-03-01,28888,RS,Palmeira das Missões,Instalações Prediais complementares do Campus Palmeira das Missões - UFSM,"Educação, Ciência e Tecnologia",Educação Superior,Consolidação e Reestruturação das Universidades Federais,Obra,Em execução,500000.0,34.58,2026,Federal,,Planejamento Setorial,OGU,MEC,2026-03-01,PALMEIRA DAS MISSÕES
2026-03-01,16622,RS,Passo Fundo,Restaurante Universitário - Etapa 1 do Campus Passo Fundo - UFFS,"Educação, Ciência e Tecnologia",Educação Superior,Consolidação e Reestruturação das Universidades Federais,Obra,Em execução,1294975.72,70.54,2024,Federal,,Planejamento Setorial,OGU,MEC,2026-03-01,PASSO FUNDO
2026-03-01,29117,RS,Passo Fundo,Restaurante Universitário - Etapa 2 do Campus Passo Fundo - UFFS,"Educação, Ciência e Tecnologia",Educação Superior,Consolidação e Reestruturação das Universidades Federais,Obra,Em execução,3000000.0,0.0,2027,Federal,,Planejamento Setorial,OGU,MEC,2026-03-01,PASSO FUNDO
2026-03-01,28856,RS,Pelotas,Instalações Prediais complementares do Campus Ângelo - UFPel,"Educação, Ciência e Tecnologia",Educação Superior,Consolidação e Reestruturação das Universidades Federais,Obra,Em licitação / Leilão,8000000.0,0.0,2027,Federal,,Planejamento Setorial,OGU,MEC,2026-03-01,PELOTAS
2026-03-01,28862,RS,Pelotas,Instalações Prediais complementares do Campus Capão do Leão - UFPel,"Educação, Ciência e Tecnologia",Educação Superior,Consolidação e Reestruturação das Universidades Federais,Obra,Em licitação / Leilão,8000000.0,0.0,2027,Federal,,Planejamento Setorial,OGU,MEC,2026-03-01,PELOTAS
2026-03-01,28886,RS,Pelotas,Instalações Prediais complementares do Campus Norte - UFPel,"Educação, Ciência e Tecnologia",Educação Superior,Consolidação e Reestruturação das Universidades Federais,Obra,Em licitação / Leilão,5000000.0,0.0,2027,Federal,,Planejamento Setorial,OGU,MEC,2026-03-01,PELOTAS
2026-03-01,5700,RS,Pelotas,Novo Hospital Escola de Pelotas - HE/UFPEL - Pelotas / RS,"Educação, Ciência e Tecnologia",Educação Superior,"Retomada, conclusão e novas obras em Hospitais Universitários Federais",Obra,Em execução,265227100.0,7.11,2028,Federal,,Planejamento Setorial,OGU,MEC,2026-03-01,PELOTAS
2026-03-01,25533,RS,Porto Alegre,Estruturas Acadêmicas do Campus Sede Centro - HCPA - UFRGS,"Educação, Ciência e Tecnologia",Educação Superior,Consolidação e Reestruturação das Universidades Federais,Obra,Em execução,20000000.0,0.0,2027,Federal,,Planejamento Setorial,OGU,MEC,2026-03-01,PORTO ALEGRE
2026-03-01,28791,RS,Porto Alegre,Infraestrutura e urbanização do Campus Sede - UFRGS,"Educação, Ciência e Tecnologia",Educação Superior,Consolidação e Reestruturação das Universidades Federais,Obra,Em ação preparatória,15000000.0,0.0,2027,Federal,,Planejamento Setorial,OGU,MEC,2026-03-01,PORTO ALEGRE
2026-03-01,28905,RS,Porto Alegre,Instalações Prediais complementares do Campus Sede - UFCSPA,"Educação, Ciência e Tecnologia",Educação Superior,Consolidação e Reestruturação das Universidades Federais,Obra,Em execução,6500000.0,17.73,2026,Federal,,Planejamento Setorial,OGU,MEC,2026-03-01,PORTO ALEGRE
2026-03-01,34971,RS,Porto Alegre,Moradia Estudantil (Casa do Estudante Indígena) - UFGRS,"Educação, Ciência e Tecnologia",Educação Superior,Consolidação e Reestruturação das Universidades Federais,Obra,Em ação preparatória,2500000.0,0.0,2026,Federal,,Planejamento Setorial,OGU,MEC,2026-03-01,PORTO ALEGRE
2026-03-01,29121,RS,Porto Alegre,Salas de Aula do Campus Sede - UFCSPA,"Educação, Ciência e Tecnologia",Educação Superior,Consolidação e Reestruturação das Universidades Federais,Obra,Em execução,13800000.0,2.4,2027,Federal,,Planejamento Setorial,OGU,MEC,2026-03-01,PORTO ALEGRE
2026-03-01,28910,RS,Rio Grande,Instalações Prediais complementares do Campus Sede do Rio Grande - FURG,"Educação, Ciência e Tecnologia",Educação Superior,Consolidação e Reestruturação das Universidades Federais,Obra,Em licitação / Leilão,3500000.0,0.0,2027,Federal,,Planejamento Setorial,OGU,MEC,2026-03-01,RIO GRANDE
2026-03-01,31154,RS,Rio Grande,Reforma e Ampliação do Hospital Universitário de Rio Grande - FURG,"Educação, Ciência e Tecnologia",Educação Superior,"Retomada, conclusão e novas obras em Hospitais Universitários Federais",Obra,Em execução,50000000.0,13.47,2031,Federal,,Planejamento Setorial,OGU,MEC,2026-03-01,RIO GRANDE
2026-03-01,28912,RS,Santa Maria,Instalações Prediais complementares do Campus Sede Santa Maria - Complexo de Raquetes - UFSM,"Educação, Ciência e Tecnologia",Educação Superior,Consolidação e Reestruturação das Universidades Federais,Obra,Em execução,2000000.0,4.69,2027,Federal,,Planejamento Setorial,OGU,MEC,2026-03-01,SANTA MARIA
2026-03-01,28914,RS,Santa Maria,Instalações Prediais complementares do Campus Sede Santa Maria - Multifeira - UFSM,"Educação, Ciência e Tecnologia",Educação Superior,Consolidação e Reestruturação das Universidades Federais,Obra,Em licitação / Leilão,2500000.0,0.0,2027,Federal,,Planejamento Setorial,OGU,MEC,2026-03-01,SANTA MARIA
2026-03-01,28916,RS,Santa Maria,Instalações Prediais complementares do Campus Sede Santa Maria - Parque de Inovação -UFSM,"Educação, Ciência e Tecnologia",Educação Superior,Consolidação e Reestruturação das Universidades Federais,Obra,Em licitação / Leilão,1500000.0,0.0,2027,Federal,,Planejamento Setorial,OGU,MEC,2026-03-01,SANTA MARIA
2026-03-01,29128,RS,Santa Maria,Moradia Estudantil - Casa do Estudante do Campus Sede Santa Maria - UFSM,"Educação, Ciência e Tecnologia",Educação Superior,Consolidação e Reestruturação das Universidades Federais,Obra,Em execução,2000000.0,1.94,2026,Federal,,Planejamento Setorial,OGU,MEC,2026-03-01,SANTA MARIA
2026-03-01,29130,RS,Santa Maria,Moradia Estudantil do Campus Sede Santa Maria - UFSM,"Educação, Ciência e Tecnologia",Educação Superior,Consolidação e Reestruturação das Universidades Federais,Obra,Em licitação / Leilão,3000000.0,0.0,2027,Federal,,Planejamento Setorial,OGU,MEC,2026-03-01,SANTA MARIA
2026-03-01,6346,RS,Santa Maria,Reforma da área de oncologia pediátrica do Hospital Universitário de Santa Maria - HUSM/UFSM - Santa Maria / RS,"Educação, Ciência e Tecnologia",Educação Superior,"Retomada, conclusão e novas obras em Hospitais Universitários Federais",Obra,Em ação preparatória,8282138.0,0.0,2028,Federal,,Planejamento Setorial,OGU,MEC,2026-03-01,SANTA MARIA
2026-03-01,5697,RS,Santa Maria,Reforma do Hospital Universitário de Santa Maria - HUSM/UFSM - Santa Maria / RS,"Educação, Ciência e Tecnologia",Educação Superior,"Retomada, conclusão e novas obras em Hospitais Universitários Federais",Obra,Em execução,32000000.0,1.99,2027,Federal,,Planejamento Setorial,OGU,MEC,2026-03-01,SANTA MARIA
2026-03-01,29132,RS,Santa Maria,Salas de Aula da Comunicação do Campus Sede Santa Maria - UFSM,"Educação, Ciência e Tecnologia",Educação Superior,Consolidação e Reestruturação das Universidades Federais,Obra,Em execução,2000000.0,7.99,2027,Federal,,Planejamento Setorial,OGU,MEC,2026-03-01,SANTA MARIA
2026-03-01,29134,RS,Santa Maria,Salas de Aula do Curso de Sistemas de Informação do Campus Sede Santa Maria - UFSM,"Educação, Ciência e Tecnologia",Educação Superior,Consolidação e Reestruturação das Universidades Federais,Obra,Em execução,1000000.0,5.39,2027,Federal,,Planejamento Setorial,OGU,MEC,2026-03-01,SANTA MARIA
2026-03-01,25519,RS,Sant'Ana do Livramento,Estruturas Acadêmicas do Campus Santana do Livramento - Unipampa,"Educação, Ciência e Tecnologia",Educação Superior,Consolidação e Reestruturação das Universidades Federais,Obra,Em execução,700000.0,37.13,2027,Federal,,Planejamento Setorial,OGU,MEC,2026-03-01,SANT'ANA DO LIVRAMENTO
2026-03-01,29137,RS,Santo Antônio da Patrulha,Restaurante Universitário do Campus Santo Antônio da Patrulha - FURG,"Educação, Ciência e Tecnologia",Educação Superior,Consolidação e Reestruturação das Universidades Federais,Obra,Em licitação / Leilão,5000000.0,0.0,2027,Federal,,Planejamento Setorial,OGU,MEC,2026-03-01,SANTO ANTÔNIO DA PATRULHA
2026-03-01,29139,RS,São Borja,Restaurante Universitário do Campus São Borja - Unipampa,"Educação, Ciência e Tecnologia",Educação Superior,Consolidação e Reestruturação das Universidades Federais,Obra,Em ação preparatória,700000.0,0.0,2027,Federal,,Planejamento Setorial,OGU,MEC,2026-03-01,SÃO BORJA
2026-03-01,31179,RS,São Gabriel,Restaurante Universitário do Campus São Gabriel - Unipampa,"Educação, Ciência e Tecnologia",Educação Superior,Consolidação e Reestruturação das Universidades Federais,Obra,Em ação preparatória,700000.0,0.0,2027,Federal,,Planejamento Setorial,OGU,MEC,2026-03-01,SÃO GABRIEL
2026-03-01,28764,RS,São Lourenço do Sul,Infraestrutura e Urbanização do Campus de São Lourenço do Sul - FURG,"Educação, Ciência e Tecnologia",Educação Superior,Consolidação e Reestruturação das Universidades Federais,Obra,Em licitação / Leilão,5000000.0,0.0,2026,Federal,,Planejamento Setorial,OGU,MEC,2026-03-01,SÃO LOURENÇO DO SUL
2026-03-01,29143,RS,São Lourenço do Sul,Moradia Estudantil do Campus São Lourenço do Sul - FURG,"Educação, Ciência e Tecnologia",Educação Superior,Consolidação e Reestruturação das Universidades Federais,Obra,Em licitação / Leilão,3700000.0,0.0,2027,Federal,,Planejamento Setorial,OGU,MEC,2026-03-01,SÃO LOURENÇO DO SUL
2026-03-01,29141,RS,São Lourenço do Sul,Restaurante Universitário do Campus São Lourenço do Sul - FURG,"Educação, Ciência e Tecnologia",Educação Superior,Consolidação e Reestruturação das Universidades Federais,Obra,Em licitação / Leilão,5000000.0,0.0,2027,Federal,,Planejamento Setorial,OGU,MEC,2026-03-01,SÃO LOURENÇO DO SUL
2026-03-01,25537,RS,Uruguaiana,Estruturas Acadêmicas do Campus Uruguaiana - Unipampa,"Educação, Ciência e Tecnologia",Educação Superior,Consolidação e Reestruturação das Universidades Federais,Obra,Em ação preparatória,2500000.0,0.0,2027,Federal,,Planejamento Setorial,OGU,MEC,2026-03-01,URUGUAIANA
2026-03-01,28796,RS,Uruguaiana,Infraestrutura e urbanização do Campus Uruguaiana - Unipampa,"Educação, Ciência e Tecnologia",Educação Superior,Consolidação e Reestruturação das Universidades Federais,Obra,Em execução,1000000.0,30.09,2026,Federal,,Planejamento Setorial,OGU,MEC,2026-03-01,URUGUAIANA
2026-03-01,5982,RS,Bagé,Modernização e Reestruturação da Estrutura de Pesquisa – Embrapa Pecuária Sul - Bagé,"Educação, Ciência e Tecnologia",Inovação e Pesquisa,Equipamentos para pesquisa agropecuária,Equipamento,Em execução,10743356.0,30.0,2026,Federal,,Planejamento Setorial,OGU,MAPA,2026-03-01,BAGÉ
2026-03-01,6008,RS,Bento Gonçalves,Finalização e Modernização de Estrutura de Pesquisa – Embrapa Uva e Vinho - Bento Gonçalves,"Educação, Ciência e Tecnologia",Inovação e Pesquisa,Equipamentos para pesquisa agropecuária,Equipamento,Em execução,13064500.0,92.0,2026,Federal,,Planejamento Setorial,OGU,MAPA,2026-03-01,BENTO GONÇALVES
2026-03-01,6006,RS,Passo Fundo,Modernização e Reestruturação da Estrutura de Pesquisa - Embrapa Trigo - Passo Fundo,"Educação, Ciência e Tecnologia",Inovação e Pesquisa,Equipamentos para pesquisa agropecuária,Equipamento,Em execução,20072886.0,25.0,2026,Federal,,Planejamento Setorial,OGU,MAPA,2026-03-01,PASSO FUNDO
2026-03-01,5958,RS,Pelotas,Expansão e Modernização de Estrutura de Pesquisa - Embrapa Clima Temperado - Pelotas,"Educação, Ciência e Tecnologia",Inovação e Pesquisa,Equipamentos para pesquisa agropecuária,Equipamento,Em execução,40798103.0,15.0,2026,Federal,,Planejamento Setorial,OGU,MAPA,2026-03-01,PELOTAS
2026-03-01,14930,RS,Rio Grande do Sul,Conectividade nas Escolas do Ensino Básico - RS,Inclusão Digital e Conectividade,Conectividade nas escolas e nas unidades de saúde,Conexão de Escolas,Obra,Em execução,220482005.53,17.13,2026,Federal,,Planejamento Setorial,"OGU, FIN, Fundo Setorial",MCOM,2026-03-01,RIO GRANDE DO SUL
2026-03-01,14932,RS,Rio Grande do Sul,Conectividade nas Escolas do Ensino Básico - RS - 5.838 Escolas,Inclusão Digital e Conectividade,Conectividade nas escolas e nas unidades de saúde,Conexão de Escolas,Obra,Concluído,0.0,82.87,2026,Federal,,Planejamento Setorial,"OGU, FIN, Fundo Setorial",MCOM,2026-03-01,RIO GRANDE DO SUL
2026-03-01,5863,RS,"Alegrete, Bagé, Bento Gonçalves, Camaquã, Caxias do Sul, Canoas, Erechim, Lajeado, Novo Hamburgo, Passo Fundo, Pelotas, Rio Grande, Sant'Ana do Livramento, Santa Cruz do Sul, Santa Maria, Santa Vitória do Palmar, Uruguaiana, Porto Alegre",Infovia do Rio Grande do Sul (Rede Tchê),Inclusão Digital e Conectividade,Infovias,Infovias Regionais e Estaduais,Obra,Em execução,11350000.0,36.0,2028,Federal,,Planejamento Setorial,OGU,MCTI,2026-03-01,"ALEGRETE, BAGÉ, BENTO GONÇALVES, CAMAQUÃ, CAXIAS DO SUL, CANOAS, ERECHIM, LAJEADO, NOVO HAMBURGO, PASSO FUNDO, PELOTAS, RIO GRANDE, SANT'ANA DO LIVRAMENTO, SANTA CRUZ DO SUL, SANTA MARIA, SANTA VITÓRIA DO PALMAR, URUGUAIANA, PORTO ALEGRE"
2026-03-01,26418,RS,Caxias do Sul,Implantação de Sistema de Triagem Automatizado em Caxias do Sul/RS,Inclusão Digital e Conectividade,Serviços postais,Sistemas de Triagem Automatizados,Equipamento,Concluído,615000.0,100.0,2025,Federal,,Planejamento Setorial,Estatal,MCOM,2026-03-01,CAXIAS DO SUL
2026-03-01,26434,RS,Passo Fundo,Implantação de Sistema de Triagem Automatizado em Passo Fundo/RS,Inclusão Digital e Conectividade,Serviços postais,Sistemas de Triagem Automatizados,Equipamento,Concluído,615000.0,100.0,2025,Federal,,Planejamento Setorial,Estatal,MCOM,2026-03-01,PASSO FUNDO
2026-03-01,26441,RS,Santa Maria,Implantação de Sistema de Triagem Automatizado em Santa Maria/RS,Inclusão Digital e Conectividade,Serviços postais,Sistemas de Triagem Automatizados,Equipamento,Concluído,615000.0,100.0,2025,Federal,,Planejamento Setorial,Estatal,MCOM,2026-03-01,SANTA MARIA
2026-03-01,5107,RS,Alvorada,Retomada - CEU das Artes,Infraestrutura Social e Inclusiva,Cultura,Retomada e conclusão de obras - CEU das Artes,Obra,Concluído,133414.0,100.0,2023,Municipal,,Planejamento Setorial,OGU,MinC,2026-03-01,ALVORADA
2026-03-01,5109,RS,Bagé,Retomada - CEU das Artes,Infraestrutura Social e Inclusiva,Cultura,Retomada e conclusão de obras - CEU das Artes,Obra,Em ação preparatória,383051.0,47.15,2026,Municipal,,Planejamento Setorial,OGU,MinC,2026-03-01,BAGÉ
2026-03-01,5111,RS,Cachoeirinha,Retomada - CEU das Artes,Infraestrutura Social e Inclusiva,Cultura,Retomada e conclusão de obras - CEU das Artes,Obra,Concluído,280228.0,100.0,2024,Municipal,,Planejamento Setorial,OGU,MinC,2026-03-01,CACHOEIRINHA
2026-03-01,6115,RS,Jaguarão,Requalificação da Praça Dr. Alcides Marques e Largo Bandeiras,Infraestrutura Social e Inclusiva,Cultura,"Retomada, conclusão e novas obras do Patrimônio Histórico",Obra,Em licitação / Leilão,15731891.0,0.0,2027,Municipal,,Planejamento Setorial,OGU,MinC,2026-03-01,JAGUARÃO
2026-03-01,6111,RS,Jaguarão,Restauração da Antiga Enfermaria Militar - Centro de Interpretação do Pampa - Unipampa,Infraestrutura Social e Inclusiva,Cultura,"Retomada, conclusão e novas obras do Patrimônio Histórico",Obra,Em ação preparatória,11537800.0,0.0,2027,Federal,,Planejamento Setorial,OGU,MinC,2026-03-01,JAGUARÃO
2026-03-01,5600,RS,Jaguarão,Restauração da Antiga Inspetoria Veterinária,Infraestrutura Social e Inclusiva,Cultura,"Retomada, conclusão e novas obras do Patrimônio Histórico",Obra,Em licitação / Leilão,2947083.0,0.0,2027,Municipal,,Planejamento Setorial,OGU,MinC,2026-03-01,JAGUARÃO
2026-03-01,5007,RS,Pelotas,Etapa final da obra do Antigo Grande Hotel,Infraestrutura Social e Inclusiva,Cultura,"Retomada, conclusão e novas obras do Patrimônio Histórico",Obra,Em ação preparatória,0.0,40.0,2027,Federal,,Planejamento Setorial,OGU,MinC,2026-03-01,PELOTAS
2026-03-01,5113,RS,Pelotas,Retomada - CEU das Artes,Infraestrutura Social e Inclusiva,Cultura,Retomada e conclusão de obras - CEU das Artes,Obra,Concluído,99902.0,100.0,2024,Municipal,,Planejamento Setorial,OGU,MinC,2026-03-01,PELOTAS
2026-03-01,5029,RS,Porto Alegre,Restauração da antiga sede dos Correios,Infraestrutura Social e Inclusiva,Cultura,"Retomada, conclusão e novas obras do Patrimônio Histórico",Obra,Em execução,8111923.0,52.0,2027,Municipal,,Planejamento Setorial,OGU,MinC,2026-03-01,PORTO ALEGRE
2026-03-01,4969,RS,Porto Alegre,Restauração do Mercado Público Etapa 03,Infraestrutura Social e Inclusiva,Cultura,"Retomada, conclusão e novas obras do Patrimônio Histórico",Obra,Em licitação / Leilão,16055054.44,0.0,2027,Municipal,,Planejamento Setorial,OGU,MinC,2026-03-01,PORTO ALEGRE
2026-03-01,6121,RS,Porto Alegre,Restauração do Museu de Comunicação Social Hipólito José da Costa,Infraestrutura Social e Inclusiva,Cultura,"Retomada, conclusão e novas obras do Patrimônio Histórico",Obra,Em ação preparatória,10736605.0,0.0,2027,Federal,,Planejamento Setorial,OGU,MinC,2026-03-01,PORTO ALEGRE
2026-03-01,5115,RS,Rio Grande,Retomada - CEU das Artes,Infraestrutura Social e Inclusiva,Cultura,Retomada e conclusão de obras - CEU das Artes,Obra,Concluído,559490.0,100.0,2024,Municipal,,Planejamento Setorial,OGU,MinC,2026-03-01,RIO GRANDE
2026-03-01,38644,RS,Santa Cruz do Sul,MovCEU,Infraestrutura Social e Inclusiva,Cultura,Aquisição de MovCEUs,Equipamento,Em ação preparatória,609990.0,0.0,2026,Federal,,Planejamento Setorial,OGU,MinC,2026-03-01,SANTA CRUZ DO SUL
2026-03-01,38645,RS,Santa Maria,MovCEU,Infraestrutura Social e Inclusiva,Cultura,Aquisição de MovCEUs,Equipamento,Em ação preparatória,609990.0,0.0,2026,Federal,,Planejamento Setorial,OGU,MinC,2026-03-01,SANTA MARIA
2026-03-01,38646,RS,São Francisco de Paula,MovCEU,Infraestrutura Social e Inclusiva,Cultura,Aquisição de MovCEUs,Equipamento,Em ação preparatória,609990.0,0.0,2026,Federal,,Planejamento Setorial,OGU,MinC,2026-03-01,SÃO FRANCISCO DE PAULA
2026-03-01,4985,RS,São Miguel das Missões,Requalificação urbanística do entorno do Sítio Arqueológico de São Miguel Arcanjo,Infraestrutura Social e Inclusiva,Cultura,"Retomada, conclusão e novas obras do Patrimônio Histórico",Obra,Concluído,2625645.16,100.0,2023,Municipal,,Planejamento Setorial,OGU,MinC,2026-03-01,SÃO MIGUEL DAS MISSÕES
2026-03-01,4230,RS,Novo Hamburgo,Centro de Iniciação ao Esporte - CIE,Infraestrutura Social e Inclusiva,Esportes,Retomada e conclusão de obras - Centros Esportivos,Obra,Concluído,966558.0,100.0,2024,Municipal,,Planejamento Setorial,OGU,MESP,2026-03-01,NOVO HAMBURGO
2026-03-01,4253,RS,Rio Grande,Centro de Iniciação ao Esporte - CIE,Infraestrutura Social e Inclusiva,Esportes,Retomada e conclusão de obras - Centros Esportivos,Obra,Concluído,91259.93,100.0,2024,Municipal,,Planejamento Setorial,OGU,MESP,2026-03-01,RIO GRANDE
2026-03-01,33370,RS,Aceguá,Renovação de Frota - Ambulância SAMU 192,Saúde,Atenção Especializada,Renovação de Frota Ambulância do SAMU 192,Equipamento,Concluído,289000.0,100.0,2025,Federal,,Planejamento Setorial,OGU,MS,2026-03-01,ACEGUÁ
2026-03-01,35386,RS,Agudo,Renovação de Frota - SAMU 192 - Agudo/RS,Saúde,Atenção Especializada,Renovação de Frota Ambulância do SAMU 192,Equipamento,Concluído,289000.0,100.0,2025,Federal,,Planejamento Setorial,OGU,MS,2026-03-01,AGUDO
2026-03-01,33372,RS,Alvorada,Renovação de Frota - Ambulância SAMU 192,Saúde,Atenção Especializada,Renovação de Frota Ambulância do SAMU 192,Equipamento,Concluído,289000.0,100.0,2025,Federal,,Planejamento Setorial,OGU,MS,2026-03-01,ALVORADA
2026-03-01,33374,RS,Alvorada,Renovação de Frota - Ambulância SAMU 192,Saúde,Atenção Especializada,Renovação de Frota Ambulância do SAMU 192,Equipamento,Concluído,289000.0,100.0,2024,Federal,,Planejamento Setorial,OGU,MS,2026-03-01,ALVORADA
2026-03-01,35396,RS,Antônio Prado,Renovação de Frota - SAMU 192 - Antônio Prado/RS,Saúde,Atenção Especializada,Renovação de Frota Ambulância do SAMU 192,Equipamento,Concluído,289000.0,100.0,2025,Federal,,Planejamento Setorial,OGU,MS,2026-03-01,ANTÔNIO PRADO
2026-03-01,33375,RS,Arroio do Sal,Renovação de Frota - Ambulância SAMU 192,Saúde,Atenção Especializada,Renovação de Frota Ambulância do SAMU 192,Equipamento,Concluído,289000.0,100.0,2024,Federal,,Planejamento Setorial,OGU,MS,2026-03-01,ARROIO DO SAL
2026-03-01,33377,RS,Arroio do Tigre,Renovação de Frota - Ambulância SAMU 192,Saúde,Atenção Especializada,Renovação de Frota Ambulância do SAMU 192,Equipamento,Concluído,289000.0,100.0,2024,Federal,,Planejamento Setorial,OGU,MS,2026-03-01,ARROIO DO TIGRE
2026-03-01,33379,RS,Arroio Grande,Renovação de Frota - Ambulância SAMU 192,Saúde,Atenção Especializada,Renovação de Frota Ambulância do SAMU 192,Equipamento,Concluído,289000.0,100.0,2024,Federal,,Planejamento Setorial,OGU,MS,2026-03-01,ARROIO GRANDE
2026-03-01,35402,RS,Arvorezinha,Renovação de Frota - SAMU 192 - Arvorezinha/RS,Saúde,Atenção Especializada,Renovação de Frota Ambulância do SAMU 192,Equipamento,Concluído,289000.0,100.0,2025,Federal,,Planejamento Setorial,OGU,MS,2026-03-01,ARVOREZINHA
2026-03-01,33380,RS,Bagé,Renovação de Frota - Ambulância SAMU 192,Saúde,Atenção Especializada,Renovação de Frota Ambulância do SAMU 192,Equipamento,Concluído,289000.0,100.0,2024,Federal,,Planejamento Setorial,OGU,MS,2026-03-01,BAGÉ
2026-03-01,33382,RS,Bagé,Renovação de Frota - Ambulância SAMU 192,Saúde,Atenção Especializada,Renovação de Frota Ambulância do SAMU 192,Equipamento,Concluído,289000.0,100.0,2024,Federal,,Planejamento Setorial,OGU,MS,2026-03-01,BAGÉ
2026-03-01,35754,RS,Bagé,Renovação de frota do SAMU 192 - 1 Veículo,Saúde,Atenção Especializada,Seleção 2025 - Renovação de Frota - Ambulâncias SAMU,Equipamento,Em execução,407221.0,0.0,2027,Federal,,Seleção,OGU,MS,2026-03-01,BAGÉ
2026-03-01,33384,RS,Balneário Pinhal,Renovação de Frota - Ambulância SAMU 192,Saúde,Atenção Especializada,Renovação de Frota Ambulância do SAMU 192,Equipamento,Em execução,289000.0,0.0,2024,Federal,,Planejamento Setorial,OGU,MS,2026-03-01,BALNEÁRIO PINHAL
2026-03-01,35756,RS,Balneário Pinhal,Renovação de frota do SAMU 192 - 1 Veículo,Saúde,Atenção Especializada,Seleção 2025 - Renovação de Frota - Ambulâncias SAMU,Equipamento,Em execução,407221.0,0.0,2027,Federal,,Seleção,OGU,MS,2026-03-01,BALNEÁRIO PINHAL
2026-03-01,31038,RS,Barão do Triunfo,Nova Ambulância - SAMU,Saúde,Atenção Especializada,Seleção 2023 - Aquisição de ambulâncias SAMU 192,Equipamento,Em execução,324000.0,0.0,2026,Federal,,Seleção,OGU,MS,2026-03-01,BARÃO DO TRIUNFO
2026-03-01,33386,RS,Barros Cassal,Renovação de Frota - Ambulância SAMU 192,Saúde,Atenção Especializada,Renovação de Frota Ambulância do SAMU 192,Equipamento,Concluído,289000.0,100.0,2024,Federal,,Planejamento Setorial,OGU,MS,2026-03-01,BARROS CASSAL
2026-03-01,26938,RS,Bento Gonçalves,Nova Ambulância - SAMU,Saúde,Atenção Especializada,Seleção 2023 - Aquisição de ambulâncias SAMU 192,Equipamento,Concluído,324000.0,100.0,2025,Federal,,Seleção,OGU,MS,2026-03-01,BENTO GONÇALVES
2026-03-01,35411,RS,Bento Gonçalves,Renovação de Frota - SAMU 192 - Bento Gonçalves/RS,Saúde,Atenção Especializada,Renovação de Frota Ambulância do SAMU 192,Equipamento,Concluído,289000.0,100.0,2025,Federal,,Planejamento Setorial,OGU,MS,2026-03-01,BENTO GONÇALVES
2026-03-01,33388,RS,Boa Vista do Buricá,Renovação de Frota - Ambulância SAMU 192,Saúde,Atenção Especializada,Renovação de Frota Ambulância do SAMU 192,Equipamento,Concluído,289000.0,100.0,2024,Federal,,Planejamento Setorial,OGU,MS,2026-03-01,BOA VISTA DO BURICÁ
2026-03-01,35416,RS,Bom Jesus,Renovação de Frota - SAMU 192 - Bom Jesus/RS,Saúde,Atenção Especializada,Renovação de Frota Ambulância do SAMU 192,Equipamento,Concluído,289000.0,100.0,2025,Federal,,Planejamento Setorial,OGU,MS,2026-03-01,BOM JESUS
2026-03-01,35769,RS,Bom Princípio,Renovação de frota do SAMU 192 - 1 Veículo,Saúde,Atenção Especializada,Seleção 2025 - Renovação de Frota - Ambulâncias SAMU,Equipamento,Em execução,407221.0,0.0,2027,Federal,,Seleção,OGU,MS,2026-03-01,BOM PRINCÍPIO
2026-03-01,35426,RS,Butiá,Renovação de Frota - SAMU 192 - Butiá/RS,Saúde,Atenção Especializada,Renovação de Frota Ambulância do SAMU 192,Equipamento,Concluído,289000.0,100.0,2025,Federal,,Planejamento Setorial,OGU,MS,2026-03-01,BUTIÁ
2026-03-01,35429,RS,Caçapava do Sul,Renovação de Frota - SAMU 192 - Caçapava do Sul/RS,Saúde,Atenção Especializada,Renovação de Frota Ambulância do SAMU 192,Equipamento,Concluído,289000.0,100.0,2025,Federal,,Planejamento Setorial,OGU,MS,2026-03-01,CAÇAPAVA DO SUL
2026-03-01,33390,RS,Cacequi,Renovação de Frota - Ambulância SAMU 192,Saúde,Atenção Especializada,Renovação de Frota Ambulância do SAMU 192,Equipamento,Concluído,289000.0,100.0,2024,Federal,,Planejamento Setorial,OGU,MS,2026-03-01,CACEQUI
2026-03-01,33392,RS,Cachoeira do Sul,Renovação de Frota - Ambulância SAMU 192,Saúde,Atenção Especializada,Renovação de Frota Ambulância do SAMU 192,Equipamento,Concluído,289000.0,100.0,2024,Federal,,Planejamento Setorial,OGU,MS,2026-03-01,CACHOEIRA DO SUL
2026-03-01,33394,RS,Cachoeirinha,Renovação de Frota - Ambulância SAMU 192,Saúde,Atenção Especializada,Renovação de Frota Ambulância do SAMU 192,Equipamento,Concluído,289000.0,100.0,2025,Federal,,Planejamento Setorial,OGU,MS,2026-03-01,CACHOEIRINHA
2026-03-01,33395,RS,Caibaté,Renovação de Frota - Ambulância SAMU 192,Saúde,Atenção Especializada,Renovação de Frota Ambulância do SAMU 192,Equipamento,Concluído,289000.0,100.0,2025,Federal,,Planejamento Setorial,OGU,MS,2026-03-01,CAIBATÉ
2026-03-01,2057,RS,Caiçara,Ampliação/expansão do SAMU 192 - 1 Veículo,Saúde,Atenção Especializada,Seleção 2025 - Expansão/Ampliação de Ambulância SAMU,Equipamento,Em execução,555000.0,0.0,2027,Federal,,Seleção,OGU,MS,2026-03-01,CAIÇARA
2026-03-01,35436,RS,Camaquã,Renovação de Frota - SAMU 192 - Camaquã/RS,Saúde,Atenção Especializada,Renovação de Frota Ambulância do SAMU 192,Equipamento,Concluído,289000.0,100.0,2025,Federal,,Planejamento Setorial,OGU,MS,2026-03-01,CAMAQUÃ
2026-03-01,35781,RS,Camaquã,Renovação de frota do SAMU 192 - 1 Veículo,Saúde,Atenção Especializada,Seleção 2025 - Renovação de Frota - Ambulâncias SAMU,Equipamento,Em execução,407221.0,0.0,2027,Federal,,Seleção,OGU,MS,2026-03-01,CAMAQUÃ
2026-03-01,33396,RS,Campinas do Sul,Renovação de Frota - Ambulância SAMU 192,Saúde,Atenção Especializada,Renovação de Frota Ambulância do SAMU 192,Equipamento,Concluído,289000.0,100.0,2025,Federal,,Planejamento Setorial,OGU,MS,2026-03-01,CAMPINAS DO SUL
2026-03-01,33398,RS,Campo Bom,Renovação de Frota - Ambulância SAMU 192,Saúde,Atenção Especializada,Renovação de Frota Ambulância do SAMU 192,Equipamento,Concluído,289000.0,100.0,2025,Federal,,Planejamento Setorial,OGU,MS,2026-03-01,CAMPO BOM
2026-03-01,2065,RS,Campos Borges,Ampliação/expansão do SAMU 192 - 1 Veículo,Saúde,Atenção Especializada,Seleção 2025 - Expansão/Ampliação de Ambulância SAMU,Equipamento,Em execução,555000.0,0.0,2027,Federal,,Seleção,OGU,MS,2026-03-01,CAMPOS BORGES
2026-03-01,35443,RS,Candelária,Renovação de Frota - SAMU 192 - Candelária/RS,Saúde,Atenção Especializada,Renovação de Frota Ambulância do SAMU 192,Equipamento,Concluído,289000.0,100.0,2025,Federal,,Planejamento Setorial,OGU,MS,2026-03-01,CANDELÁRIA
2026-03-01,35783,RS,Cândido Godói,Renovação de frota do SAMU 192 - 1 Veículo,Saúde,Atenção Especializada,Seleção 2025 - Renovação de Frota - Ambulâncias SAMU,Equipamento,Em execução,407221.0,0.0,2027,Federal,,Seleção,OGU,MS,2026-03-01,CÂNDIDO GODÓI
2026-03-01,35444,RS,Candiota,Renovação de Frota - SAMU 192 - Candiota/RS,Saúde,Atenção Especializada,Renovação de Frota Ambulância do SAMU 192,Equipamento,Concluído,289000.0,100.0,2025,Federal,,Planejamento Setorial,OGU,MS,2026-03-01,CANDIOTA
2026-03-01,35445,RS,Canela,Renovação de Frota - SAMU 192 - Canela/RS,Saúde,Atenção Especializada,Renovação de Frota Ambulância do SAMU 192,Equipamento,Concluído,289000.0,100.0,2025,Federal,,Planejamento Setorial,OGU,MS,2026-03-01,CANELA
2026-03-01,35784,RS,Canguçu,Renovação de frota do SAMU 192 - 1 Veículo,Saúde,Atenção Especializada,Seleção 2025 - Renovação de Frota - Ambulâncias SAMU,Equipamento,Em execução,407221.0,0.0,2027,Federal,,Seleção,OGU,MS,2026-03-01,CANGUÇU
2026-03-01,2771,RS,Canoas,Aquisição de combo de equipamentos Cirurgia Geral - Canoas/RS,Saúde,Atenção Especializada,Combo de Cirurgia Geral e Oftalmológica,Equipamento,Concluído,1492111.0,100.0,2028,Federal,,Planejamento Setorial,OGU,MS,2026-03-01,CANOAS
2026-03-01,2941,RS,Canoas,Aquisição de combo de equipamentos Cirurgia Oftalmológica - Canoas/RS,Saúde,Atenção Especializada,Combo de Cirurgia Geral e Oftalmológica,Equipamento,Em execução,1621186.0,65.16,2026,Federal,,Planejamento Setorial,OGU,MS,2026-03-01,CANOAS
2026-03-01,35446,RS,Canoas,Renovação de Frota - SAMU 192 - Canoas/RS,Saúde,Atenção Especializada,Renovação de Frota Ambulância do SAMU 192,Equipamento,Concluído,578000.0,100.0,2025,Federal,,Planejamento Setorial,OGU,MS,2026-03-01,CANOAS
2026-03-01,36035,RS,Canoas,Renovação de frota do SAMU 192 - 4 Veículos,Saúde,Atenção Especializada,Seleção 2025 - Renovação de Frota - Ambulâncias SAMU,Equipamento,Em execução,1628884.0,0.0,2027,Federal,,Seleção,OGU,MS,2026-03-01,CANOAS
2026-03-01,33400,RS,Capão da Canoa,Renovação de Frota - Ambulância SAMU 192,Saúde,Atenção Especializada,Renovação de Frota Ambulância do SAMU 192,Equipamento,Concluído,289000.0,100.0,2025,Federal,,Planejamento Setorial,OGU,MS,2026-03-01,CAPÃO DA CANOA
2026-03-01,33402,RS,Capão da Canoa,Renovação de Frota - Ambulância SAMU 192,Saúde,Atenção Especializada,Renovação de Frota Ambulância do SAMU 192,Equipamento,Concluído,289000.0,100.0,2025,Federal,,Planejamento Setorial,OGU,MS,2026-03-01,CAPÃO DA CANOA
2026-03-01,33404,RS,Carazinho,Renovação de Frota - Ambulância SAMU 192,Saúde,Atenção Especializada,Renovação de Frota Ambulância do SAMU 192,Equipamento,Concluído,289000.0,100.0,2024,Federal,,Planejamento Setorial,OGU,MS,2026-03-01,CARAZINHO
2026-03-01,733,RS,Casca,Ambulância - SAMU 192 - Casca/RS,Saúde,Atenção Especializada,Seleção 2023 - Aquisição de ambulâncias SAMU 192,Equipamento,Concluído,324000.0,100.0,2025,Federal,,Seleção,OGU,MS,2026-03-01,CASCA
2026-03-01,2080,RS,Caseiros,Ampliação/expansão do SAMU 192 - 1 Veículo,Saúde,Atenção Especializada,Seleção 2025 - Expansão/Ampliação de Ambulância SAMU,Equipamento,Em execução,555000.0,0.0,2027,Federal,,Seleção,OGU,MS,2026-03-01,CASEIROS
2026-03-01,739,RS,Caxias do Sul,Ambulância - SAMU 192 - Caxias do Sul/RS,Saúde,Atenção Especializada,Seleção 2023 - Aquisição de ambulâncias SAMU 192,Equipamento,Concluído,469898.0,100.0,2025,Federal,,Seleção,OGU,MS,2026-03-01,CAXIAS DO SUL
2026-03-01,36039,RS,Caxias do Sul,Renovação de frota do SAMU 192 - 5 Veículos,Saúde,Atenção Especializada,Seleção 2025 - Renovação de Frota - Ambulâncias SAMU,Equipamento,Em execução,2036105.0,0.0,2027,Federal,,Seleção,OGU,MS,2026-03-01,CAXIAS DO SUL
2026-03-01,2085,RS,Cerrito,Ampliação/expansão do SAMU 192 - 1 Veículo,Saúde,Atenção Especializada,Seleção 2025 - Expansão/Ampliação de Ambulância SAMU,Equipamento,Em execução,555000.0,0.0,2027,Federal,,Seleção,OGU,MS,2026-03-01,CERRITO
2026-03-01,35463,RS,Cerro Largo,Renovação de Frota - SAMU 192 - Cerro Largo/RS,Saúde,Atenção Especializada,Renovação de Frota Ambulância do SAMU 192,Equipamento,Concluído,289000.0,100.0,2025,Federal,,Planejamento Setorial,OGU,MS,2026-03-01,CERRO LARGO
2026-03-01,35465,RS,Chapada,Renovação de Frota - SAMU 192 - Chapada/RS,Saúde,Atenção Especializada,Renovação de Frota Ambulância do SAMU 192,Equipamento,Concluído,289000.0,100.0,2025,Federal,,Planejamento Setorial,OGU,MS,2026-03-01,CHAPADA
2026-03-01,35467,RS,Charqueadas,Renovação de Frota - SAMU 192 - Charqueadas/RS,Saúde,Atenção Especializada,Renovação de Frota Ambulância do SAMU 192,Equipamento,Concluído,289000.0,100.0,2025,Federal,,Planejamento Setorial,OGU,MS,2026-03-01,CHARQUEADAS
2026-03-01,27142,RS,Constantina,Nova Ambulância - SAMU,Saúde,Atenção Especializada,Seleção 2023 - Aquisição de ambulâncias SAMU 192,Equipamento,Em execução,324000.0,0.0,2026,Federal,,Seleção,OGU,MS,2026-03-01,CONSTANTINA
2026-03-01,35476,RS,Constantina,Renovação de Frota - SAMU 192 - Constantina/RS,Saúde,Atenção Especializada,Renovação de Frota Ambulância do SAMU 192,Equipamento,Concluído,289000.0,100.0,2025,Federal,,Planejamento Setorial,OGU,MS,2026-03-01,CONSTANTINA
2026-03-01,2110,RS,Coqueiros do Sul,Ampliação/expansão do SAMU 192 - 1 Veículo,Saúde,Atenção Especializada,Seleção 2025 - Expansão/Ampliação de Ambulância SAMU,Equipamento,Em execução,555000.0,0.0,2027,Federal,,Seleção,OGU,MS,2026-03-01,COQUEIROS DO SUL
2026-03-01,33406,RS,Cristal,Renovação de Frota - Ambulância SAMU 192,Saúde,Atenção Especializada,Renovação de Frota Ambulância do SAMU 192,Equipamento,Concluído,289000.0,100.0,2025,Federal,,Planejamento Setorial,OGU,MS,2026-03-01,CRISTAL
2026-03-01,753,RS,Cruz Alta,Ambulância - SAMU 192 - Cruz Alta/RS,Saúde,Atenção Especializada,Seleção 2023 - Aquisição de ambulâncias SAMU 192,Equipamento,Concluído,469898.0,100.0,2025,Federal,,Seleção,OGU,MS,2026-03-01,CRUZ ALTA
2026-03-01,33408,RS,Cruz Alta,Renovação de Frota - Ambulância SAMU 192,Saúde,Atenção Especializada,Renovação de Frota Ambulância do SAMU 192,Equipamento,Concluído,289000.0,100.0,2025,Federal,,Planejamento Setorial,OGU,MS,2026-03-01,CRUZ ALTA
2026-03-01,33410,RS,David Canabarro,Renovação de Frota - Ambulância SAMU 192,Saúde,Atenção Especializada,Renovação de Frota Ambulância do SAMU 192,Equipamento,Concluído,289000.0,100.0,2025,Federal,,Planejamento Setorial,OGU,MS,2026-03-01,DAVID CANABARRO
2026-03-01,33412,RS,Dois Irmãos,Renovação de Frota - Ambulância SAMU 192,Saúde,Atenção Especializada,Renovação de Frota Ambulância do SAMU 192,Equipamento,Concluído,289000.0,100.0,2025,Federal,,Planejamento Setorial,OGU,MS,2026-03-01,DOIS IRMÃOS
2026-03-01,35489,RS,Dom Feliciano,Renovação de Frota - SAMU 192 - Dom Feliciano/RS,Saúde,Atenção Especializada,Renovação de Frota Ambulância do SAMU 192,Equipamento,Concluído,289000.0,100.0,2025,Federal,,Planejamento Setorial,OGU,MS,2026-03-01,DOM FELICIANO
2026-03-01,35490,RS,Dom Pedrito,Renovação de Frota - SAMU 192 - Dom Pedrito/RS,Saúde,Atenção Especializada,Renovação de Frota Ambulância do SAMU 192,Equipamento,Concluído,289000.0,100.0,2025,Federal,,Planejamento Setorial,OGU,MS,2026-03-01,DOM PEDRITO
2026-03-01,33413,RS,Dona Francisca,Renovação de Frota - Ambulância SAMU 192,Saúde,Atenção Especializada,Renovação de Frota Ambulância do SAMU 192,Equipamento,Concluído,289000.0,100.0,2025,Federal,,Planejamento Setorial,OGU,MS,2026-03-01,DONA FRANCISCA
2026-03-01,35493,RS,Encantado,Renovação de Frota - SAMU 192 - Encantado/RS,Saúde,Atenção Especializada,Renovação de Frota Ambulância do SAMU 192,Equipamento,Concluído,289000.0,100.0,2025,Federal,,Planejamento Setorial,OGU,MS,2026-03-01,ENCANTADO
2026-03-01,35494,RS,Encruzilhada do Sul,Renovação de Frota - SAMU 192 - Encruzilhada do Sul/RS,Saúde,Atenção Especializada,Renovação de Frota Ambulância do SAMU 192,Equipamento,Concluído,289000.0,100.0,2025,Federal,,Planejamento Setorial,OGU,MS,2026-03-01,ENCRUZILHADA DO SUL
2026-03-01,33414,RS,Entre-Ijuís,Renovação de Frota - Ambulância SAMU 192,Saúde,Atenção Especializada,Renovação de Frota Ambulância do SAMU 192,Equipamento,Concluído,289000.0,100.0,2025,Federal,,Planejamento Setorial,OGU,MS,2026-03-01,ENTRE-IJUÍS
2026-03-01,35495,RS,Erechim,Renovação de Frota - SAMU 192 - Erechim/RS,Saúde,Atenção Especializada,Renovação de Frota Ambulância do SAMU 192,Equipamento,Concluído,289000.0,100.0,2025,Federal,,Planejamento Setorial,OGU,MS,2026-03-01,ERECHIM
2026-03-01,2136,RS,Ernestina,Ampliação/expansão do SAMU 192 - 1 Veículo,Saúde,Atenção Especializada,Seleção 2025 - Expansão/Ampliação de Ambulância SAMU,Equipamento,Em execução,555000.0,0.0,2027,Federal,,Seleção,OGU,MS,2026-03-01,ERNESTINA
2026-03-01,35496,RS,Erval Grande,Renovação de Frota - SAMU 192 - Erval Grande/RS,Saúde,Atenção Especializada,Renovação de Frota Ambulância do SAMU 192,Equipamento,Concluído,289000.0,100.0,2025,Federal,,Planejamento Setorial,OGU,MS,2026-03-01,ERVAL GRANDE
2026-03-01,771,RS,Espumoso,Ambulância - SAMU 192 - Espumoso/RS,Saúde,Atenção Especializada,Seleção 2023 - Aquisição de ambulâncias SAMU 192,Equipamento,Concluído,469898.0,100.0,2025,Federal,,Seleção,OGU,MS,2026-03-01,ESPUMOSO
2026-03-01,35500,RS,Espumoso,Renovação de Frota - SAMU 192 - Espumoso/RS,Saúde,Atenção Especializada,Renovação de Frota Ambulância do SAMU 192,Equipamento,Concluído,289000.0,100.0,2025,Federal,,Planejamento Setorial,OGU,MS,2026-03-01,ESPUMOSO
2026-03-01,2140,RS,Esteio,Ampliação/expansão do SAMU 192 - 1 Veículo,Saúde,Atenção Especializada,Seleção 2025 - Expansão/Ampliação de Ambulância SAMU,Equipamento,Em execução,555000.0,0.0,2027,Federal,,Seleção,OGU,MS,2026-03-01,ESTEIO
2026-03-01,35501,RS,Esteio,Renovação de Frota - SAMU 192 - Esteio/RS,Saúde,Atenção Especializada,Renovação de Frota Ambulância do SAMU 192,Equipamento,Concluído,289000.0,100.0,2025,Federal,,Planejamento Setorial,OGU,MS,2026-03-01,ESTEIO
2026-03-01,35503,RS,Estrela,Renovação de Frota - SAMU 192 - Estrela/RS,Saúde,Atenção Especializada,Renovação de Frota Ambulância do SAMU 192,Equipamento,Concluído,289000.0,100.0,2025,Federal,,Planejamento Setorial,OGU,MS,2026-03-01,ESTRELA
2026-03-01,27008,RS,Farroupilha,Nova Ambulância - SAMU,Saúde,Atenção Especializada,Seleção 2023 - Aquisição de ambulâncias SAMU 192,Equipamento,Em execução,470000.0,0.0,2026,Federal,,Seleção,OGU,MS,2026-03-01,FARROUPILHA
2026-03-01,27184,RS,Farroupilha,Nova Ambulância - SAMU,Saúde,Atenção Especializada,Seleção 2023 - Aquisição de ambulâncias SAMU 192,Equipamento,Em execução,324000.0,0.0,2026,Federal,,Seleção,OGU,MS,2026-03-01,FARROUPILHA
2026-03-01,35504,RS,Farroupilha,Renovação de Frota - SAMU 192 - Farroupilha/RS,Saúde,Atenção Especializada,Renovação de Frota Ambulância do SAMU 192,Equipamento,Concluído,289000.0,100.0,2025,Federal,,Planejamento Setorial,OGU,MS,2026-03-01,FARROUPILHA
2026-03-01,33416,RS,Faxinal do Soturno,Renovação de Frota - Ambulância SAMU 192,Saúde,Atenção Especializada,Renovação de Frota Ambulância do SAMU 192,Equipamento,Concluído,289000.0,100.0,2024,Federal,,Planejamento Setorial,OGU,MS,2026-03-01,FAXINAL DO SOTURNO
2026-03-01,35507,RS,Feliz,Renovação de Frota - SAMU 192 - Feliz/RS,Saúde,Atenção Especializada,Renovação de Frota Ambulância do SAMU 192,Equipamento,Concluído,289000.0,100.0,2025,Federal,,Planejamento Setorial,OGU,MS,2026-03-01,FELIZ
2026-03-01,35510,RS,Flores da Cunha,Renovação de Frota - SAMU 192 - Flores da Cunha/RS,Saúde,Atenção Especializada,Renovação de Frota Ambulância do SAMU 192,Equipamento,Concluído,289000.0,100.0,2025,Federal,,Planejamento Setorial,OGU,MS,2026-03-01,FLORES DA CUNHA
2026-03-01,26978,RS,Frederico Westphalen,Nova Ambulância - SAMU,Saúde,Atenção Especializada,Seleção 2023 - Aquisição de ambulâncias SAMU 192,Equipamento,Concluído,470000.0,100.0,2025,Federal,,Seleção,OGU,MS,2026-03-01,FREDERICO WESTPHALEN
2026-03-01,35809,RS,Frederico Westphalen,Renovação de frota do SAMU 192 - 1 Veículo,Saúde,Atenção Especializada,Seleção 2025 - Renovação de Frota - Ambulâncias SAMU,Equipamento,Em execução,407221.0,0.0,2027,Federal,,Seleção,OGU,MS,2026-03-01,FREDERICO WESTPHALEN
2026-03-01,35513,RS,Garibaldi,Renovação de Frota - SAMU 192 - Garibaldi/RS,Saúde,Atenção Especializada,Renovação de Frota Ambulância do SAMU 192,Equipamento,Concluído,289000.0,100.0,2025,Federal,,Planejamento Setorial,OGU,MS,2026-03-01,GARIBALDI
2026-03-01,35810,RS,Giruá,Renovação de frota do SAMU 192 - 1 Veículo,Saúde,Atenção Especializada,Seleção 2025 - Renovação de Frota - Ambulâncias SAMU,Equipamento,Em execução,407221.0,0.0,2027,Federal,,Seleção,OGU,MS,2026-03-01,GIRUÁ
2026-03-01,26956,RS,Gramado,Nova Ambulância - SAMU,Saúde,Atenção Especializada,Seleção 2023 - Aquisição de ambulâncias SAMU 192,Equipamento,Em execução,324000.0,0.0,2026,Federal,,Seleção,OGU,MS,2026-03-01,GRAMADO
2026-03-01,35518,RS,Gramado,Renovação de Frota - SAMU 192 - Gramado/RS,Saúde,Atenção Especializada,Renovação de Frota Ambulância do SAMU 192,Equipamento,Concluído,289000.0,100.0,2025,Federal,,Planejamento Setorial,OGU,MS,2026-03-01,GRAMADO
2026-03-01,35519,RS,Gravataí,Renovação de Frota - SAMU 192 - Gravataí/RS,Saúde,Atenção Especializada,Renovação de Frota Ambulância do SAMU 192,Equipamento,Concluído,578000.0,100.0,2025,Federal,,Planejamento Setorial,OGU,MS,2026-03-01,GRAVATAÍ
2026-03-01,35816,RS,Gravataí,Renovação de frota do SAMU 192 - 1 Veículo,Saúde,Atenção Especializada,Seleção 2025 - Renovação de Frota - Ambulâncias SAMU,Equipamento,Em execução,407221.0,0.0,2027,Federal,,Seleção,OGU,MS,2026-03-01,GRAVATAÍ
2026-03-01,35994,RS,Guaíba,Renovação de frota do SAMU 192 - 2 Veículos,Saúde,Atenção Especializada,Seleção 2025 - Renovação de Frota - Ambulâncias SAMU,Equipamento,Em execução,814442.0,0.0,2027,Federal,,Seleção,OGU,MS,2026-03-01,GUAÍBA
2026-03-01,33418,RS,Guaporé,Renovação de Frota - Ambulância SAMU 192,Saúde,Atenção Especializada,Renovação de Frota Ambulância do SAMU 192,Equipamento,Concluído,289000.0,100.0,2024,Federal,,Planejamento Setorial,OGU,MS,2026-03-01,GUAPORÉ
2026-03-01,35522,RS,Guarani das Missões,Renovação de Frota - SAMU 192 - Guarani das Missões/RS,Saúde,Atenção Especializada,Renovação de Frota Ambulância do SAMU 192,Equipamento,Concluído,289000.0,100.0,2025,Federal,,Planejamento Setorial,OGU,MS,2026-03-01,GUARANI DAS MISSÕES
2026-03-01,31044,RS,Harmonia,Nova Ambulância - SAMU,Saúde,Atenção Especializada,Seleção 2023 - Aquisição de ambulâncias SAMU 192,Equipamento,Em execução,324000.0,0.0,2026,Federal,,Seleção,OGU,MS,2026-03-01,HARMONIA
2026-03-01,35819,RS,Herval,Renovação de frota do SAMU 192 - 1 Veículo,Saúde,Atenção Especializada,Seleção 2025 - Renovação de Frota - Ambulâncias SAMU,Equipamento,Em execução,407221.0,0.0,2027,Federal,,Seleção,OGU,MS,2026-03-01,HERVAL
2026-03-01,16852,RS,Ijuí,Expansão da Radioterapia no SUS,Saúde,Atenção Especializada,Radioterapia - Expansão da Radioterapia no SUS,Equipamento,Em execução,10000000.0,80.0,2026,Federal,,Planejamento Setorial,OGU,MS,2026-03-01,IJUÍ
2026-03-01,35995,RS,Ijuí,Renovação de frota do SAMU 192 - 2 Veículos,Saúde,Atenção Especializada,Seleção 2025 - Renovação de Frota - Ambulâncias SAMU,Equipamento,Em execução,814442.0,0.0,2027,Federal,,Seleção,OGU,MS,2026-03-01,IJUÍ
2026-03-01,35549,RS,Itaqui,Renovação de Frota - SAMU 192 - Itaqui/RS,Saúde,Atenção Especializada,Renovação de Frota Ambulância do SAMU 192,Equipamento,Concluído,289000.0,100.0,2025,Federal,,Planejamento Setorial,OGU,MS,2026-03-01,ITAQUI
2026-03-01,33420,RS,Jaguarão,Renovação de Frota - Ambulância SAMU 192,Saúde,Atenção Especializada,Renovação de Frota Ambulância do SAMU 192,Equipamento,Concluído,289000.0,100.0,2024,Federal,,Planejamento Setorial,OGU,MS,2026-03-01,JAGUARÃO
2026-03-01,35553,RS,Jaguari,Renovação de Frota - SAMU 192 - Jaguari/RS,Saúde,Atenção Especializada,Renovação de Frota Ambulância do SAMU 192,Equipamento,Concluído,289000.0,100.0,2025,Federal,,Planejamento Setorial,OGU,MS,2026-03-01,JAGUARI
2026-03-01,27082,RS,Lagoa Vermelha,Nova Ambulância - SAMU,Saúde,Atenção Especializada,Seleção 2023 - Aquisição de ambulâncias SAMU 192,Equipamento,Em execução,324000.0,0.0,2026,Federal,,Seleção,OGU,MS,2026-03-01,LAGOA VERMELHA
2026-03-01,35571,RS,Lagoa Vermelha,Renovação de Frota - SAMU 192 - Lagoa Vermelha/RS,Saúde,Atenção Especializada,Renovação de Frota Ambulância do SAMU 192,Equipamento,Concluído,289000.0,100.0,2025,Federal,,Planejamento Setorial,OGU,MS,2026-03-01,LAGOA VERMELHA
2026-03-01,16867,RS,Lajeado,Expansão da Radioterapia no SUS,Saúde,Atenção Especializada,Radioterapia - Expansão da Radioterapia no SUS,Equipamento,Em execução,8822643.0,80.0,2026,Federal,,Planejamento Setorial,OGU,MS,2026-03-01,LAJEADO
2026-03-01,33422,RS,Lajeado,Renovação de Frota - Ambulância SAMU 192,Saúde,Atenção Especializada,Renovação de Frota Ambulância do SAMU 192,Equipamento,Concluído,289000.0,100.0,2024,Federal,,Planejamento Setorial,OGU,MS,2026-03-01,LAJEADO
2026-03-01,33423,RS,Lavras do Sul,Renovação de Frota - Ambulância SAMU 192,Saúde,Atenção Especializada,Renovação de Frota Ambulância do SAMU 192,Equipamento,Concluído,289000.0,100.0,2024,Federal,,Planejamento Setorial,OGU,MS,2026-03-01,LAVRAS DO SUL
2026-03-01,35582,RS,Marau,Renovação de Frota - SAMU 192 - Marau/RS,Saúde,Atenção Especializada,Renovação de Frota Ambulância do SAMU 192,Equipamento,Concluído,289000.0,100.0,2025,Federal,,Planejamento Setorial,OGU,MS,2026-03-01,MARAU
2026-03-01,33425,RS,Marcelino Ramos,Renovação de Frota - Ambulância SAMU 192,Saúde,Atenção Especializada,Renovação de Frota Ambulância do SAMU 192,Equipamento,Concluído,289000.0,100.0,2024,Federal,,Planejamento Setorial,OGU,MS,2026-03-01,MARCELINO RAMOS
2026-03-01,2282,RS,Maximiliano de Almeida,Ampliação/expansão do SAMU 192 - 1 Veículo,Saúde,Atenção Especializada,Seleção 2025 - Expansão/Ampliação de Ambulância SAMU,Equipamento,Em execução,555000.0,0.0,2027,Federal,,Seleção,OGU,MS,2026-03-01,MAXIMILIANO DE ALMEIDA
2026-03-01,33427,RS,Montenegro,Renovação de Frota - Ambulância SAMU 192,Saúde,Atenção Especializada,Renovação de Frota Ambulância do SAMU 192,Equipamento,Concluído,289000.0,100.0,2024,Federal,,Planejamento Setorial,OGU,MS,2026-03-01,MONTENEGRO
2026-03-01,33428,RS,Montenegro,Renovação de Frota - Ambulância SAMU 192,Saúde,Atenção Especializada,Renovação de Frota Ambulância do SAMU 192,Equipamento,Concluído,289000.0,100.0,2024,Federal,,Planejamento Setorial,OGU,MS,2026-03-01,MONTENEGRO
2026-03-01,2316,RS,Morro Redondo,Ampliação/expansão do SAMU 192 - 1 Veículo,Saúde,Atenção Especializada,Seleção 2025 - Expansão/Ampliação de Ambulância SAMU,Equipamento,Em execução,555000.0,0.0,2027,Federal,,Seleção,OGU,MS,2026-03-01,MORRO REDONDO
2026-03-01,26928,RS,Não-Me-Toque,Nova Ambulância - SAMU,Saúde,Atenção Especializada,Seleção 2023 - Aquisição de ambulâncias SAMU 192,Equipamento,Concluído,324000.0,100.0,2025,Federal,,Seleção,OGU,MS,2026-03-01,NÃO-ME-TOQUE
2026-03-01,33429,RS,Nonoai,Renovação de Frota - Ambulância SAMU 192,Saúde,Atenção Especializada,Renovação de Frota Ambulância do SAMU 192,Equipamento,Concluído,289000.0,100.0,2024,Federal,,Planejamento Setorial,OGU,MS,2026-03-01,NONOAI
2026-03-01,31042,RS,Nova Esperança do Sul,Nova Ambulância - SAMU,Saúde,Atenção Especializada,Seleção 2023 - Aquisição de ambulâncias SAMU 192,Equipamento,Em execução,324000.0,0.0,2026,Federal,,Seleção,OGU,MS,2026-03-01,NOVA ESPERANÇA DO SUL
2026-03-01,35606,RS,Nova Petrópolis,Renovação de Frota - SAMU 192 - Nova Petrópolis/RS,Saúde,Atenção Especializada,Renovação de Frota Ambulância do SAMU 192,Equipamento,Concluído,289000.0,100.0,2025,Federal,,Planejamento Setorial,OGU,MS,2026-03-01,NOVA PETRÓPOLIS
2026-03-01,35608,RS,Nova Prata,Renovação de Frota - SAMU 192 - Nova Prata/RS,Saúde,Atenção Especializada,Renovação de Frota Ambulância do SAMU 192,Equipamento,Concluído,289000.0,100.0,2025,Federal,,Planejamento Setorial,OGU,MS,2026-03-01,NOVA PRATA
2026-03-01,33430,RS,Novo Hamburgo,Renovação de Frota - Ambulância SAMU 192,Saúde,Atenção Especializada,Renovação de Frota Ambulância do SAMU 192,Equipamento,Concluído,289000.0,100.0,2024,Federal,,Planejamento Setorial,OGU,MS,2026-03-01,NOVO HAMBURGO
2026-03-01,35861,RS,Novo Hamburgo,Renovação de frota do SAMU 192 - 1 Veículo,Saúde,Atenção Especializada,Seleção 2025 - Renovação de Frota - Ambulâncias SAMU,Equipamento,Em execução,407221.0,0.0,2027,Federal,,Seleção,OGU,MS,2026-03-01,NOVO HAMBURGO
2026-03-01,33432,RS,Osório,Renovação de Frota - Ambulância SAMU 192,Saúde,Atenção Especializada,Renovação de Frota Ambulância do SAMU 192,Equipamento,Concluído,289000.0,100.0,2024,Federal,,Planejamento Setorial,OGU,MS,2026-03-01,OSÓRIO
2026-03-01,33433,RS,Osório,Renovação de Frota - Ambulância SAMU 192,Saúde,Atenção Especializada,Renovação de Frota Ambulância do SAMU 192,Equipamento,Concluído,289000.0,100.0,2025,Federal,,Planejamento Setorial,OGU,MS,2026-03-01,OSÓRIO
2026-03-01,35867,RS,Palmares do Sul,Renovação de frota do SAMU 192 - 1 Veículo,Saúde,Atenção Especializada,Seleção 2025 - Renovação de Frota - Ambulâncias SAMU,Equipamento,Em execução,407221.0,0.0,2027,Federal,,Seleção,OGU,MS,2026-03-01,PALMARES DO SUL
2026-03-01,33435,RS,Palmeira das Missões,Renovação de Frota - Ambulância SAMU 192,Saúde,Atenção Especializada,Renovação de Frota Ambulância do SAMU 192,Equipamento,Concluído,289000.0,100.0,2025,Federal,,Planejamento Setorial,OGU,MS,2026-03-01,PALMEIRA DAS MISSÕES
2026-03-01,35617,RS,Palmitinho,Renovação de Frota - SAMU 192 - Palmitinho/RS,Saúde,Atenção Especializada,Renovação de Frota Ambulância do SAMU 192,Equipamento,Concluído,289000.0,100.0,2025,Federal,,Planejamento Setorial,OGU,MS,2026-03-01,PALMITINHO
2026-03-01,35871,RS,Panambi,Renovação de frota do SAMU 192 - 1 Veículo,Saúde,Atenção Especializada,Seleção 2025 - Renovação de Frota - Ambulâncias SAMU,Equipamento,Em execução,407221.0,0.0,2027,Federal,,Seleção,OGU,MS,2026-03-01,PANAMBI
2026-03-01,2366,RS,Paraí,Ampliação/expansão do SAMU 192 - 1 Veículo,Saúde,Atenção Especializada,Seleção 2025 - Expansão/Ampliação de Ambulância SAMU,Equipamento,Em execução,555000.0,0.0,2027,Federal,,Seleção,OGU,MS,2026-03-01,PARAÍ
2026-03-01,16853,RS,Passo Fundo,Expansão da Radioterapia no SUS,Saúde,Atenção Especializada,Radioterapia - Expansão da Radioterapia no SUS,Equipamento,Concluído,8826551.0,100.0,2026,Federal,,Planejamento Setorial,OGU,MS,2026-03-01,PASSO FUNDO
2026-03-01,27202,RS,Passo Fundo,Nova Ambulância - SAMU,Saúde,Atenção Especializada,Seleção 2023 - Aquisição de ambulâncias SAMU 192,Equipamento,Concluído,470000.0,100.0,2025,Federal,,Seleção,OGU,MS,2026-03-01,PASSO FUNDO
2026-03-01,2841,RS,Pelotas,Aquisição de combo de equipamentos Cirurgia Geral - Pelotas/RS,Saúde,Atenção Especializada,Combo de Cirurgia Geral e Oftalmológica,Equipamento,Em execução,1492111.0,13.74,2028,Federal,,Planejamento Setorial,OGU,MS,2026-03-01,PELOTAS
2026-03-01,33436,RS,Pelotas,Renovação de Frota - Ambulância SAMU 192,Saúde,Atenção Especializada,Renovação de Frota Ambulância do SAMU 192,Equipamento,Concluído,289000.0,100.0,2025,Federal,,Planejamento Setorial,OGU,MS,2026-03-01,PELOTAS
2026-03-01,36027,RS,Pelotas,Renovação de frota do SAMU 192 - 3 Veículos,Saúde,Atenção Especializada,Seleção 2025 - Renovação de Frota - Ambulâncias SAMU,Equipamento,Em execução,1221663.0,0.0,2027,Federal,,Seleção,OGU,MS,2026-03-01,PELOTAS
2026-03-01,31040,RS,Picada Café,Nova Ambulância - SAMU,Saúde,Atenção Especializada,Seleção 2023 - Aquisição de ambulâncias SAMU 192,Equipamento,Em execução,324000.0,0.0,2026,Federal,,Seleção,OGU,MS,2026-03-01,PICADA CAFÉ
2026-03-01,33438,RS,Pinheiro Machado,Renovação de Frota - Ambulância SAMU 192,Saúde,Atenção Especializada,Renovação de Frota Ambulância do SAMU 192,Equipamento,Concluído,289000.0,100.0,2025,Federal,,Planejamento Setorial,OGU,MS,2026-03-01,PINHEIRO MACHADO
2026-03-01,33440,RS,Piratini,Renovação de Frota - Ambulância SAMU 192,Saúde,Atenção Especializada,Renovação de Frota Ambulância do SAMU 192,Equipamento,Concluído,289000.0,100.0,2025,Federal,,Planejamento Setorial,OGU,MS,2026-03-01,PIRATINI
2026-03-01,33442,RS,Planalto,Renovação de Frota - Ambulância SAMU 192,Saúde,Atenção Especializada,Renovação de Frota Ambulância do SAMU 192,Equipamento,Concluído,289000.0,100.0,2025,Federal,,Planejamento Setorial,OGU,MS,2026-03-01,PLANALTO
2026-03-01,913,RS,Porto Alegre,Ambulância - SAMU 192 - Porto Alegre/RS,Saúde,Atenção Especializada,Seleção 2023 - Aquisição de ambulâncias SAMU 192,Equipamento,Concluído,324000.0,100.0,2025,Federal,,Seleção,OGU,MS,2026-03-01,PORTO ALEGRE
2026-03-01,2849,RS,Porto Alegre,Aquisição de combo de equipamentos Cirurgia Geral - Porto Alegre/RS,Saúde,Atenção Especializada,Combo de Cirurgia Geral e Oftalmológica,Equipamento,Em execução,1492111.0,74.06,2028,Federal,,Planejamento Setorial,OGU,MS,2026-03-01,PORTO ALEGRE
2026-03-01,2987,RS,Porto Alegre,Aquisição de combo de equipamentos Cirurgia Oftalmológica - Porto Alegre/RS,Saúde,Atenção Especializada,Combo de Cirurgia Geral e Oftalmológica,Equipamento,Em execução,1621186.0,65.16,2026,Federal,,Planejamento Setorial,OGU,MS,2026-03-01,PORTO ALEGRE
2026-03-01,5910,RS,Porto Alegre,Construção do Centro de Apoio Diagnóstico - Grupo Hospitalar Conceição,Saúde,Atenção Especializada,Construção e Ampliação de Hospitais Regionais e de Instituições Federais,Obra,Em execução,162000000.0,5.0,2026,Federal,,Planejamento Setorial,OGU,MS,2026-03-01,PORTO ALEGRE
2026-03-01,6368,RS,Porto Alegre,Construção do Centro de Atendimento ao Paciente Crítico e Cirúrgico - Grupo Hospitalar Conceição,Saúde,Atenção Especializada,Construção e Ampliação de Hospitais Regionais e de Instituições Federais,Obra,Em execução,71000000.0,21.33,2026,Federal,,Planejamento Setorial,OGU,MS,2026-03-01,PORTO ALEGRE
2026-03-01,16746,RS,Porto Alegre,PER SUS - Hospital Grupo Hospitalar Conceição - Porto Alegre/RS,Saúde,Atenção Especializada,Radioterapia - Soluções de Radioterapia - PERSUS I,Obra,Concluído,5459603.19,100.0,2025,Federal,,Planejamento Setorial,OGU,MS,2026-03-01,PORTO ALEGRE
2026-03-01,33444,RS,Porto Alegre,Renovação de Frota - Ambulância SAMU 192,Saúde,Atenção Especializada,Renovação de Frota Ambulância do SAMU 192,Equipamento,Concluído,289000.0,100.0,2024,Federal,,Planejamento Setorial,OGU,MS,2026-03-01,PORTO ALEGRE
2026-03-01,36038,RS,Porto Alegre,Renovação de frota do SAMU 192 - 4 Veículos,Saúde,Atenção Especializada,Seleção 2025 - Renovação de Frota - Ambulâncias SAMU,Equipamento,Em execução,1628884.0,0.0,2027,Federal,,Seleção,OGU,MS,2026-03-01,PORTO ALEGRE
2026-03-01,35640,RS,Porto Xavier,Renovação de Frota - SAMU 192 - Porto Xavier/RS,Saúde,Atenção Especializada,Renovação de Frota Ambulância do SAMU 192,Equipamento,Concluído,289000.0,100.0,2025,Federal,,Planejamento Setorial,OGU,MS,2026-03-01,PORTO XAVIER
2026-03-01,35894,RS,Quaraí,Renovação de frota do SAMU 192 - 1 Veículo,Saúde,Atenção Especializada,Seleção 2025 - Renovação de Frota - Ambulâncias SAMU,Equipamento,Em execução,407221.0,0.0,2027,Federal,,Seleção,OGU,MS,2026-03-01,QUARAÍ
2026-03-01,35646,RS,Redentora,Renovação de Frota - SAMU 192 - Redentora/RS,Saúde,Atenção Especializada,Renovação de Frota Ambulância do SAMU 192,Equipamento,Concluído,289000.0,100.0,2025,Federal,,Planejamento Setorial,OGU,MS,2026-03-01,REDENTORA
2026-03-01,923,RS,Rio Grande,Ambulância - SAMU 192 - Rio Grande/RS,Saúde,Atenção Especializada,Seleção 2023 - Aquisição de ambulâncias SAMU 192,Equipamento,Concluído,324000.0,100.0,2025,Federal,,Seleção,OGU,MS,2026-03-01,RIO GRANDE
2026-03-01,2873,RS,Rio Grande,Aquisição de combo de equipamentos Cirurgia Geral - Rio Grande/RS,Saúde,Atenção Especializada,Combo de Cirurgia Geral e Oftalmológica,Equipamento,Concluído,1492111.0,100.0,2028,Federal,,Planejamento Setorial,OGU,MS,2026-03-01,RIO GRANDE
2026-03-01,33446,RS,Rio Grande,Renovação de Frota - Ambulância SAMU 192,Saúde,Atenção Especializada,Renovação de Frota Ambulância do SAMU 192,Equipamento,Concluído,289000.0,100.0,2024,Federal,,Planejamento Setorial,OGU,MS,2026-03-01,RIO GRANDE
2026-03-01,33448,RS,Rio Grande,Renovação de Frota - Ambulância SAMU 192,Saúde,Atenção Especializada,Renovação de Frota Ambulância do SAMU 192,Equipamento,Concluído,289000.0,100.0,2024,Federal,,Planejamento Setorial,OGU,MS,2026-03-01,RIO GRANDE
2026-03-01,35654,RS,Rio Pardo,Renovação de Frota - SAMU 192 - Rio Pardo/RS,Saúde,Atenção Especializada,Renovação de Frota Ambulância do SAMU 192,Equipamento,Concluído,289000.0,100.0,2025,Federal,,Planejamento Setorial,OGU,MS,2026-03-01,RIO PARDO
2026-03-01,35907,RS,Rio Pardo,Renovação de frota do SAMU 192 - 1 Veículo,Saúde,Atenção Especializada,Seleção 2025 - Renovação de Frota - Ambulâncias SAMU,Equipamento,Em execução,407221.0,0.0,2027,Federal,,Seleção,OGU,MS,2026-03-01,RIO PARDO
2026-03-01,2438,RS,Riozinho,Ampliação/expansão do SAMU 192 - 1 Veículo,Saúde,Atenção Especializada,Seleção 2025 - Expansão/Ampliação de Ambulância SAMU,Equipamento,Em execução,555000.0,0.0,2027,Federal,,Seleção,OGU,MS,2026-03-01,RIOZINHO
2026-03-01,33449,RS,Rodeio Bonito,Renovação de Frota - Ambulância SAMU 192,Saúde,Atenção Especializada,Renovação de Frota Ambulância do SAMU 192,Equipamento,Concluído,289000.0,100.0,2024,Federal,,Planejamento Setorial,OGU,MS,2026-03-01,RODEIO BONITO
2026-03-01,925,RS,Ronda Alta,Ambulância - SAMU 192 - Ronda Alta/RS,Saúde,Atenção Especializada,Seleção 2023 - Aquisição de ambulâncias SAMU 192,Equipamento,Concluído,469898.0,100.0,2025,Federal,,Seleção,OGU,MS,2026-03-01,RONDA ALTA
2026-03-01,35655,RS,Ronda Alta,Renovação de Frota - SAMU 192 - Ronda Alta/RS,Saúde,Atenção Especializada,Renovação de Frota Ambulância do SAMU 192,Equipamento,Concluído,289000.0,100.0,2025,Federal,,Planejamento Setorial,OGU,MS,2026-03-01,RONDA ALTA
2026-03-01,33451,RS,Rosário do Sul,Renovação de Frota - Ambulância SAMU 192,Saúde,Atenção Especializada,Renovação de Frota Ambulância do SAMU 192,Equipamento,Concluído,289000.0,100.0,2024,Federal,,Planejamento Setorial,OGU,MS,2026-03-01,ROSÁRIO DO SUL
2026-03-01,33453,RS,Salto do Jacuí,Renovação de Frota - Ambulância SAMU 192,Saúde,Atenção Especializada,Renovação de Frota Ambulância do SAMU 192,Equipamento,Concluído,289000.0,100.0,2024,Federal,,Planejamento Setorial,OGU,MS,2026-03-01,SALTO DO JACUÍ
2026-03-01,35657,RS,Sananduva,Renovação de Frota - SAMU 192 - Sananduva/RS,Saúde,Atenção Especializada,Renovação de Frota Ambulância do SAMU 192,Equipamento,Concluído,289000.0,100.0,2025,Federal,,Planejamento Setorial,OGU,MS,2026-03-01,SANANDUVA
2026-03-01,941,RS,Santa Cruz do Sul,Ambulância - SAMU 192 - Santa Cruz do Sul/RS,Saúde,Atenção Especializada,Seleção 2023 - Aquisição de ambulâncias SAMU 192,Equipamento,Concluído,324000.0,100.0,2025,Federal,,Seleção,OGU,MS,2026-03-01,SANTA CRUZ DO SUL
2026-03-01,33455,RS,Santa Cruz do Sul,Renovação de Frota - Ambulância SAMU 192,Saúde,Atenção Especializada,Renovação de Frota Ambulância do SAMU 192,Equipamento,Concluído,289000.0,100.0,2024,Federal,,Planejamento Setorial,OGU,MS,2026-03-01,SANTA CRUZ DO SUL
2026-03-01,33456,RS,Santa Cruz do Sul,Renovação de Frota - Ambulância SAMU 192,Saúde,Atenção Especializada,Renovação de Frota Ambulância do SAMU 192,Equipamento,Concluído,289000.0,100.0,2024,Federal,,Planejamento Setorial,OGU,MS,2026-03-01,SANTA CRUZ DO SUL
2026-03-01,2879,RS,Santa Maria,Aquisição de combo de equipamentos Cirurgia Geral - Santa Maria/RS,Saúde,Atenção Especializada,Combo de Cirurgia Geral e Oftalmológica,Equipamento,Em execução,1492111.0,13.74,2028,Federal,,Planejamento Setorial,OGU,MS,2026-03-01,SANTA MARIA
2026-03-01,27140,RS,Santa Maria,Nova Ambulância - SAMU,Saúde,Atenção Especializada,Seleção 2023 - Aquisição de ambulâncias SAMU 192,Equipamento,Concluído,470000.0,100.0,2025,Federal,,Seleção,OGU,MS,2026-03-01,SANTA MARIA
2026-03-01,16888,RS,Santa Maria,PER SUS - Hospital Universitário de Santa Maria/RS,Saúde,Atenção Especializada,Radioterapia - Soluções de Radioterapia - PERSUS I,Obra,Concluído,6967367.86,100.0,2024,Federal,,Planejamento Setorial,OGU,MS,2026-03-01,SANTA MARIA
2026-03-01,35661,RS,Santa Maria,Renovação de Frota - SAMU 192 - Santa Maria/RS,Saúde,Atenção Especializada,Renovação de Frota Ambulância do SAMU 192,Equipamento,Concluído,578000.0,100.0,2025,Federal,,Planejamento Setorial,OGU,MS,2026-03-01,SANTA MARIA
2026-03-01,36010,RS,Santa Maria,Renovação de frota do SAMU 192 - 2 Veículos,Saúde,Atenção Especializada,Seleção 2025 - Renovação de Frota - Ambulâncias SAMU,Equipamento,Em execução,814442.0,0.0,2027,Federal,,Seleção,OGU,MS,2026-03-01,SANTA MARIA
2026-03-01,33458,RS,Santa Rosa,Renovação de Frota - Ambulância SAMU 192,Saúde,Atenção Especializada,Renovação de Frota Ambulância do SAMU 192,Equipamento,Concluído,289000.0,100.0,2024,Federal,,Planejamento Setorial,OGU,MS,2026-03-01,SANTA ROSA
2026-03-01,33460,RS,Santa Rosa,Renovação de Frota - Ambulância SAMU 192,Saúde,Atenção Especializada,Renovação de Frota Ambulância do SAMU 192,Equipamento,Concluído,289000.0,100.0,2024,Federal,,Planejamento Setorial,OGU,MS,2026-03-01,SANTA ROSA
2026-03-01,35922,RS,Santa Vitória do Palmar,Renovação de frota do SAMU 192 - 1 Veículo,Saúde,Atenção Especializada,Seleção 2025 - Renovação de Frota - Ambulâncias SAMU,Equipamento,Em execução,407221.0,0.0,2027,Federal,,Seleção,OGU,MS,2026-03-01,SANTA VITÓRIA DO PALMAR
2026-03-01,949,RS,Sant'Ana do Livramento,Ambulância - SAMU 192 - Sant'Ana do Livramento/RS,Saúde,Atenção Especializada,Seleção 2023 - Aquisição de ambulâncias SAMU 192,Equipamento,Concluído,469898.0,100.0,2025,Federal,,Seleção,OGU,MS,2026-03-01,SANT'ANA DO LIVRAMENTO
2026-03-01,35925,RS,Sant'Ana do Livramento,Renovação de frota do SAMU 192 - 1 Veículo,Saúde,Atenção Especializada,Seleção 2025 - Renovação de Frota - Ambulâncias SAMU,Equipamento,Em execução,407221.0,0.0,2027,Federal,,Seleção,OGU,MS,2026-03-01,SANT'ANA DO LIVRAMENTO
2026-03-01,35665,RS,Santiago,Renovação de Frota - SAMU 192 - Santiago/RS,Saúde,Atenção Especializada,Renovação de Frota Ambulância do SAMU 192,Equipamento,Concluído,289000.0,100.0,2025,Federal,,Planejamento Setorial,OGU,MS,2026-03-01,SANTIAGO
2026-03-01,33462,RS,Santo Ângelo,Renovação de Frota - Ambulância SAMU 192,Saúde,Atenção Especializada,Renovação de Frota Ambulância do SAMU 192,Equipamento,Concluído,289000.0,100.0,2024,Federal,,Planejamento Setorial,OGU,MS,2026-03-01,SANTO ÂNGELO
2026-03-01,33464,RS,Santo Ângelo,Renovação de Frota - Ambulância SAMU 192,Saúde,Atenção Especializada,Renovação de Frota Ambulância do SAMU 192,Equipamento,Concluído,289000.0,100.0,2025,Federal,,Planejamento Setorial,OGU,MS,2026-03-01,SANTO ÂNGELO
2026-03-01,35667,RS,Santo Antônio das Missões,Renovação de Frota - SAMU 192 - Santo Antônio das Missões/RS,Saúde,Atenção Especializada,Renovação de Frota Ambulância do SAMU 192,Equipamento,Concluído,289000.0,100.0,2025,Federal,,Planejamento Setorial,OGU,MS,2026-03-01,SANTO ANTÔNIO DAS MISSÕES
2026-03-01,35929,RS,Santo Cristo,Renovação de frota do SAMU 192 - 1 Veículo,Saúde,Atenção Especializada,Seleção 2025 - Renovação de Frota - Ambulâncias SAMU,Equipamento,Em execução,407221.0,0.0,2027,Federal,,Seleção,OGU,MS,2026-03-01,SANTO CRISTO
2026-03-01,33466,RS,São Borja,Renovação de Frota - Ambulância SAMU 192,Saúde,Atenção Especializada,Renovação de Frota Ambulância do SAMU 192,Equipamento,Concluído,289000.0,100.0,2025,Federal,,Planejamento Setorial,OGU,MS,2026-03-01,SÃO BORJA
2026-03-01,33468,RS,São Borja,Renovação de Frota - Ambulância SAMU 192,Saúde,Atenção Especializada,Renovação de Frota Ambulância do SAMU 192,Equipamento,Concluído,289000.0,100.0,2024,Federal,,Planejamento Setorial,OGU,MS,2026-03-01,SÃO BORJA
2026-03-01,35673,RS,São Francisco de Assis,Renovação de Frota - SAMU 192 - São Francisco de Assis/RS,Saúde,Atenção Especializada,Renovação de Frota Ambulância do SAMU 192,Equipamento,Concluído,289000.0,100.0,2025,Federal,,Planejamento Setorial,OGU,MS,2026-03-01,SÃO FRANCISCO DE ASSIS
2026-03-01,33470,RS,São Francisco de Paula,Renovação de Frota - Ambulância SAMU 192,Saúde,Atenção Especializada,Renovação de Frota Ambulância do SAMU 192,Equipamento,Concluído,289000.0,100.0,2024,Federal,,Planejamento Setorial,OGU,MS,2026-03-01,SÃO FRANCISCO DE PAULA
2026-03-01,35675,RS,São Gabriel,Renovação de Frota - SAMU 192 - São Gabriel/RS,Saúde,Atenção Especializada,Renovação de Frota Ambulância do SAMU 192,Equipamento,Concluído,289000.0,100.0,2025,Federal,,Planejamento Setorial,OGU,MS,2026-03-01,SÃO GABRIEL
2026-03-01,33472,RS,São José do Norte,Renovação de Frota - Ambulância SAMU 192,Saúde,Atenção Especializada,Renovação de Frota Ambulância do SAMU 192,Equipamento,Concluído,289000.0,100.0,2024,Federal,,Planejamento Setorial,OGU,MS,2026-03-01,SÃO JOSÉ DO NORTE
2026-03-01,31141,RS,São Leopoldo,Nova Ambulância - SAMU,Saúde,Atenção Especializada,Seleção 2023 - Aquisição de ambulâncias SAMU 192,Equipamento,Concluído,469898.0,100.0,2025,Federal,,Seleção,OGU,MS,2026-03-01,SÃO LEOPOLDO
2026-03-01,35939,RS,São Leopoldo,Renovação de frota do SAMU 192 - 1 Veículo,Saúde,Atenção Especializada,Seleção 2025 - Renovação de Frota - Ambulâncias SAMU,Equipamento,Em execução,407221.0,0.0,2027,Federal,,Seleção,OGU,MS,2026-03-01,SÃO LEOPOLDO
2026-03-01,35680,RS,São Lourenço do Sul,Renovação de Frota - SAMU 192 - São Lourenço do Sul/RS,Saúde,Atenção Especializada,Renovação de Frota Ambulância do SAMU 192,Equipamento,Concluído,289000.0,100.0,2025,Federal,,Planejamento Setorial,OGU,MS,2026-03-01,SÃO LOURENÇO DO SUL
2026-03-01,35683,RS,São Luiz Gonzaga,Renovação de Frota - SAMU 192 - São Luiz Gonzaga/RS,Saúde,Atenção Especializada,Renovação de Frota Ambulância do SAMU 192,Equipamento,Concluído,289000.0,100.0,2025,Federal,,Planejamento Setorial,OGU,MS,2026-03-01,SÃO LUIZ GONZAGA
2026-03-01,35940,RS,São Marcos,Renovação de frota do SAMU 192 - 1 Veículo,Saúde,Atenção Especializada,Seleção 2025 - Renovação de Frota - Ambulâncias SAMU,Equipamento,Em execução,407221.0,0.0,2027,Federal,,Seleção,OGU,MS,2026-03-01,SÃO MARCOS
2026-03-01,2501,RS,São Martinho da Serra,Ampliação/expansão do SAMU 192 - 1 Veículo,Saúde,Atenção Especializada,Seleção 2025 - Expansão/Ampliação de Ambulância SAMU,Equipamento,Em execução,555000.0,0.0,2027,Federal,,Seleção,OGU,MS,2026-03-01,SÃO MARTINHO DA SERRA
2026-03-01,33474,RS,São Nicolau,Renovação de Frota - Ambulância SAMU 192,Saúde,Atenção Especializada,Renovação de Frota Ambulância do SAMU 192,Equipamento,Concluído,289000.0,100.0,2024,Federal,,Planejamento Setorial,OGU,MS,2026-03-01,SÃO NICOLAU
2026-03-01,35688,RS,São Pedro do Sul,Renovação de Frota - SAMU 192 - São Pedro do Sul/RS,Saúde,Atenção Especializada,Renovação de Frota Ambulância do SAMU 192,Equipamento,Concluído,289000.0,100.0,2025,Federal,,Planejamento Setorial,OGU,MS,2026-03-01,SÃO PEDRO DO SUL
2026-03-01,35689,RS,São Sebastião do Caí,Renovação de Frota - SAMU 192 - São Sebastião do Caí/RS,Saúde,Atenção Especializada,Renovação de Frota Ambulância do SAMU 192,Equipamento,Concluído,289000.0,100.0,2025,Federal,,Planejamento Setorial,OGU,MS,2026-03-01,SÃO SEBASTIÃO DO CAÍ
2026-03-01,35691,RS,São Sepé,Renovação de Frota - SAMU 192 - São Sepé/RS,Saúde,Atenção Especializada,Renovação de Frota Ambulância do SAMU 192,Equipamento,Concluído,289000.0,100.0,2025,Federal,,Planejamento Setorial,OGU,MS,2026-03-01,SÃO SEPÉ
2026-03-01,2513,RS,São Vicente do Sul,Ampliação/expansão do SAMU 192 - 1 Veículo,Saúde,Atenção Especializada,Seleção 2025 - Expansão/Ampliação de Ambulância SAMU,Equipamento,Em execução,555000.0,0.0,2027,Federal,,Seleção,OGU,MS,2026-03-01,SÃO VICENTE DO SUL
2026-03-01,26984,RS,São Vicente do Sul,Nova Ambulância - SAMU,Saúde,Atenção Especializada,Seleção 2023 - Aquisição de ambulâncias SAMU 192,Equipamento,Em execução,324000.0,0.0,2026,Federal,,Seleção,OGU,MS,2026-03-01,SÃO VICENTE DO SUL
2026-03-01,35946,RS,Sapiranga,Renovação de frota do SAMU 192 - 1 Veículo,Saúde,Atenção Especializada,Seleção 2025 - Renovação de Frota - Ambulâncias SAMU,Equipamento,Em execução,407221.0,0.0,2027,Federal,,Seleção,OGU,MS,2026-03-01,SAPIRANGA
2026-03-01,35947,RS,Sapucaia do Sul,Renovação de frota do SAMU 192 - 1 Veículo,Saúde,Atenção Especializada,Seleção 2025 - Renovação de Frota - Ambulâncias SAMU,Equipamento,Em execução,407221.0,0.0,2027,Federal,,Seleção,OGU,MS,2026-03-01,SAPUCAIA DO SUL
2026-03-01,27076,RS,Sarandi,Nova Ambulância - SAMU,Saúde,Atenção Especializada,Seleção 2023 - Aquisição de ambulâncias SAMU 192,Equipamento,Em execução,324000.0,0.0,2026,Federal,,Seleção,OGU,MS,2026-03-01,SARANDI
2026-03-01,35692,RS,Sarandi,Renovação de Frota - SAMU 192 - Sarandi/RS,Saúde,Atenção Especializada,Renovação de Frota Ambulância do SAMU 192,Equipamento,Concluído,289000.0,100.0,2025,Federal,,Planejamento Setorial,OGU,MS,2026-03-01,SARANDI
2026-03-01,35694,RS,Seberi,Renovação de Frota - SAMU 192 - Seberi/RS,Saúde,Atenção Especializada,Renovação de Frota Ambulância do SAMU 192,Equipamento,Concluído,289000.0,100.0,2025,Federal,,Planejamento Setorial,OGU,MS,2026-03-01,SEBERI
2026-03-01,35948,RS,Seberi,Renovação de frota do SAMU 192 - 1 Veículo,Saúde,Atenção Especializada,Seleção 2025 - Renovação de Frota - Ambulâncias SAMU,Equipamento,Em execução,407221.0,0.0,2027,Federal,,Seleção,OGU,MS,2026-03-01,SEBERI
2026-03-01,2519,RS,Segredo,Ampliação/expansão do SAMU 192 - 1 Veículo,Saúde,Atenção Especializada,Seleção 2025 - Expansão/Ampliação de Ambulância SAMU,Equipamento,Em execução,555000.0,0.0,2027,Federal,,Seleção,OGU,MS,2026-03-01,SEGREDO
2026-03-01,35697,RS,Serafina Corrêa,Renovação de Frota - SAMU 192 - Serafina Corrêa/RS,Saúde,Atenção Especializada,Renovação de Frota Ambulância do SAMU 192,Equipamento,Concluído,289000.0,100.0,2025,Federal,,Planejamento Setorial,OGU,MS,2026-03-01,SERAFINA CORRÊA
2026-03-01,2529,RS,Sertão,Ampliação/expansão do SAMU 192 - 1 Veículo,Saúde,Atenção Especializada,Seleção 2025 - Expansão/Ampliação de Ambulância SAMU,Equipamento,Em execução,555000.0,0.0,2027,Federal,,Seleção,OGU,MS,2026-03-01,SERTÃO
2026-03-01,35705,RS,Sinimbu,Renovação de Frota - SAMU 192 - Sinimbu/RS,Saúde,Atenção Especializada,Renovação de Frota Ambulância do SAMU 192,Equipamento,Concluído,289000.0,100.0,2025,Federal,,Planejamento Setorial,OGU,MS,2026-03-01,SINIMBU
2026-03-01,31036,RS,Sobradinho,Nova Ambulância - SAMU,Saúde,Atenção Especializada,Seleção 2023 - Aquisição de ambulâncias SAMU 192,Equipamento,Em execução,324000.0,0.0,2026,Federal,,Seleção,OGU,MS,2026-03-01,SOBRADINHO
2026-03-01,35708,RS,Soledade,Renovação de Frota - SAMU 192 - Soledade/RS,Saúde,Atenção Especializada,Renovação de Frota Ambulância do SAMU 192,Equipamento,Concluído,289000.0,100.0,2025,Federal,,Planejamento Setorial,OGU,MS,2026-03-01,SOLEDADE
2026-03-01,33476,RS,Tapejara,Renovação de Frota - Ambulância SAMU 192,Saúde,Atenção Especializada,Renovação de Frota Ambulância do SAMU 192,Equipamento,Concluído,289000.0,100.0,2024,Federal,,Planejamento Setorial,OGU,MS,2026-03-01,TAPEJARA
2026-03-01,2553,RS,Tapera,Ampliação/expansão do SAMU 192 - 1 Veículo,Saúde,Atenção Especializada,Seleção 2025 - Expansão/Ampliação de Ambulância SAMU,Equipamento,Em execução,555000.0,0.0,2027,Federal,,Seleção,OGU,MS,2026-03-01,TAPERA
2026-03-01,33477,RS,Tapes,Renovação de Frota - Ambulância SAMU 192,Saúde,Atenção Especializada,Renovação de Frota Ambulância do SAMU 192,Equipamento,Concluído,289000.0,100.0,2024,Federal,,Planejamento Setorial,OGU,MS,2026-03-01,TAPES
2026-03-01,35711,RS,Taquara,Renovação de Frota - SAMU 192 - Taquara/RS,Saúde,Atenção Especializada,Renovação de Frota Ambulância do SAMU 192,Equipamento,Concluído,289000.0,100.0,2025,Federal,,Planejamento Setorial,OGU,MS,2026-03-01,TAQUARA
2026-03-01,35712,RS,Taquari,Renovação de Frota - SAMU 192 - Taquari/RS,Saúde,Atenção Especializada,Renovação de Frota Ambulância do SAMU 192,Equipamento,Concluído,289000.0,100.0,2025,Federal,,Planejamento Setorial,OGU,MS,2026-03-01,TAQUARI
2026-03-01,33479,RS,Tavares,Renovação de Frota - Ambulância SAMU 192,Saúde,Atenção Especializada,Renovação de Frota Ambulância do SAMU 192,Equipamento,Concluído,289000.0,100.0,2024,Federal,,Planejamento Setorial,OGU,MS,2026-03-01,TAVARES
2026-03-01,35955,RS,Tenente Portela,Renovação de frota do SAMU 192 - 1 Veículo,Saúde,Atenção Especializada,Seleção 2025 - Renovação de Frota - Ambulâncias SAMU,Equipamento,Em execução,407221.0,0.0,2027,Federal,,Seleção,OGU,MS,2026-03-01,TENENTE PORTELA
2026-03-01,33481,RS,Terra de Areia,Renovação de Frota - Ambulância SAMU 192,Saúde,Atenção Especializada,Renovação de Frota Ambulância do SAMU 192,Equipamento,Concluído,289000.0,100.0,2024,Federal,,Planejamento Setorial,OGU,MS,2026-03-01,TERRA DE AREIA
2026-03-01,35714,RS,Teutônia,Renovação de Frota - SAMU 192 - Teutônia/RS,Saúde,Atenção Especializada,Renovação de Frota Ambulância do SAMU 192,Equipamento,Concluído,289000.0,100.0,2025,Federal,,Planejamento Setorial,OGU,MS,2026-03-01,TEUTÔNIA
2026-03-01,2567,RS,Tio Hugo,Ampliação/expansão do SAMU 192 - 1 Veículo,Saúde,Atenção Especializada,Seleção 2025 - Expansão/Ampliação de Ambulância SAMU,Equipamento,Em execução,555000.0,0.0,2027,Federal,,Seleção,OGU,MS,2026-03-01,TIO HUGO
2026-03-01,33483,RS,Torres,Renovação de Frota - Ambulância SAMU 192,Saúde,Atenção Especializada,Renovação de Frota Ambulância do SAMU 192,Equipamento,Concluído,289000.0,100.0,2024,Federal,,Planejamento Setorial,OGU,MS,2026-03-01,TORRES
2026-03-01,35958,RS,Torres,Renovação de frota do SAMU 192 - 1 Veículo,Saúde,Atenção Especializada,Seleção 2025 - Renovação de Frota - Ambulâncias SAMU,Equipamento,Em execução,407221.0,0.0,2027,Federal,,Seleção,OGU,MS,2026-03-01,TORRES
2026-03-01,35960,RS,Tramandaí,Renovação de frota do SAMU 192 - 1 Veículo,Saúde,Atenção Especializada,Seleção 2025 - Renovação de Frota - Ambulâncias SAMU,Equipamento,Em execução,407221.0,0.0,2027,Federal,,Seleção,OGU,MS,2026-03-01,TRAMANDAÍ
2026-03-01,35961,RS,Três de Maio,Renovação de frota do SAMU 192 - 1 Veículo,Saúde,Atenção Especializada,Seleção 2025 - Renovação de Frota - Ambulâncias SAMU,Equipamento,Em execução,407221.0,0.0,2027,Federal,,Seleção,OGU,MS,2026-03-01,TRÊS DE MAIO
2026-03-01,33485,RS,Três Passos,Renovação de Frota - Ambulância SAMU 192,Saúde,Atenção Especializada,Renovação de Frota Ambulância do SAMU 192,Equipamento,Concluído,289000.0,100.0,2024,Federal,,Planejamento Setorial,OGU,MS,2026-03-01,TRÊS PASSOS
2026-03-01,33487,RS,Trindade do Sul,Renovação de Frota - Ambulância SAMU 192,Saúde,Atenção Especializada,Renovação de Frota Ambulância do SAMU 192,Equipamento,Concluído,289000.0,100.0,2024,Federal,,Planejamento Setorial,OGU,MS,2026-03-01,TRINDADE DO SUL
2026-03-01,35720,RS,Triunfo,Renovação de Frota - SAMU 192 - Triunfo/RS,Saúde,Atenção Especializada,Renovação de Frota Ambulância do SAMU 192,Equipamento,Concluído,289000.0,100.0,2025,Federal,,Planejamento Setorial,OGU,MS,2026-03-01,TRIUNFO
2026-03-01,35722,RS,Tupanciretã,Renovação de Frota - SAMU 192 - Tupanciretã/RS,Saúde,Atenção Especializada,Renovação de Frota Ambulância do SAMU 192,Equipamento,Concluído,289000.0,100.0,2025,Federal,,Planejamento Setorial,OGU,MS,2026-03-01,TUPANCIRETÃ
2026-03-01,35963,RS,Tuparendi,Renovação de frota do SAMU 192 - 1 Veículo,Saúde,Atenção Especializada,Seleção 2025 - Renovação de Frota - Ambulâncias SAMU,Equipamento,Em execução,407221.0,0.0,2027,Federal,,Seleção,OGU,MS,2026-03-01,TUPARENDI
2026-03-01,35967,RS,Uruguaiana,Renovação de frota do SAMU 192 - 1 Veículo,Saúde,Atenção Especializada,Seleção 2025 - Renovação de Frota - Ambulâncias SAMU,Equipamento,Em execução,407221.0,0.0,2027,Federal,,Seleção,OGU,MS,2026-03-01,URUGUAIANA
2026-03-01,33488,RS,Venâncio Aires,Renovação de Frota - Ambulância SAMU 192,Saúde,Atenção Especializada,Renovação de Frota Ambulância do SAMU 192,Equipamento,Concluído,289000.0,100.0,2025,Federal,,Planejamento Setorial,OGU,MS,2026-03-01,VENÂNCIO AIRES
2026-03-01,35969,RS,Venâncio Aires,Renovação de frota do SAMU 192 - 1 Veículo,Saúde,Atenção Especializada,Seleção 2025 - Renovação de Frota - Ambulâncias SAMU,Equipamento,Em execução,407221.0,0.0,2027,Federal,,Seleção,OGU,MS,2026-03-01,VENÂNCIO AIRES
2026-03-01,1013,RS,Viamão,Ambulância - SAMU 192 - Viamão/RS,Saúde,Atenção Especializada,Seleção 2023 - Aquisição de ambulâncias SAMU 192,Equipamento,Concluído,469898.0,100.0,2025,Federal,,Seleção,OGU,MS,2026-03-01,VIAMÃO
2026-03-01,35730,RS,Viamão,Renovação de Frota - SAMU 192 - Viamão/RS,Saúde,Atenção Especializada,Renovação de Frota Ambulância do SAMU 192,Equipamento,Concluído,578000.0,100.0,2025,Federal,,Planejamento Setorial,OGU,MS,2026-03-01,VIAMÃO
2026-03-01,35971,RS,Vila Nova do Sul,Renovação de frota do SAMU 192 - 1 Veículo,Saúde,Atenção Especializada,Seleção 2025 - Renovação de Frota - Ambulâncias SAMU,Equipamento,Em execução,407221.0,0.0,2027,Federal,,Seleção,OGU,MS,2026-03-01,VILA NOVA DO SUL
2026-03-01,35975,RS,Xangri-lá,Renovação de frota do SAMU 192 - 1 Veículo,Saúde,Atenção Especializada,Seleção 2025 - Renovação de Frota - Ambulâncias SAMU,Equipamento,Em execução,407221.0,0.0,2027,Federal,,Seleção,OGU,MS,2026-03-01,XANGRI-LÁ
2026-03-01,4845,RS,Aceguá,Combo de Unidade Básica de Saúde (UBS) - 1 Equipamento,Saúde,Atenção Primária,Seleção 2025 - Combo de Equipamentos para UBS,Equipamento,Em execução,158000.0,0.0,2026,Federal,,Seleção,OGU,MS,2026-03-01,ACEGUÁ
2026-03-01,4880,RS,Água Santa,Combo de Unidade Básica de Saúde (UBS) - 1 Equipamento,Saúde,Atenção Primária,Seleção 2025 - Combo de Equipamentos para UBS,Equipamento,Em execução,158000.0,0.0,2026,Federal,,Seleção,OGU,MS,2026-03-01,ÁGUA SANTA
2026-03-01,4893,RS,Agudo,Combo de Unidade Básica de Saúde (UBS) - 1 Equipamento,Saúde,Atenção Primária,Seleção 2025 - Combo de Equipamentos para UBS,Equipamento,Em execução,158000.0,0.0,2026,Federal,,Seleção,OGU,MS,2026-03-01,AGUDO
2026-03-01,4908,RS,Ajuricaba,Combo de Unidade Básica de Saúde (UBS) - 1 Equipamento,Saúde,Atenção Primária,Seleção 2025 - Combo de Equipamentos para UBS,Equipamento,Em execução,158000.0,17.65,2026,Federal,,Seleção,OGU,MS,2026-03-01,AJURICABA
2026-03-01,4920,RS,Alecrim,Combo de Unidade Básica de Saúde (UBS) - 1 Equipamento,Saúde,Atenção Primária,Seleção 2025 - Combo de Equipamentos para UBS,Equipamento,Em execução,158000.0,0.0,2026,Federal,,Seleção,OGU,MS,2026-03-01,ALECRIM
2026-03-01,4958,RS,Alto Alegre,Combo de Unidade Básica de Saúde (UBS) - 1 Equipamento,Saúde,Atenção Primária,Seleção 2025 - Combo de Equipamentos para UBS,Equipamento,Em execução,158000.0,0.0,2026,Federal,,Seleção,OGU,MS,2026-03-01,ALTO ALEGRE
2026-03-01,4966,RS,Alto Feliz,Combo de Unidade Básica de Saúde (UBS) - 1 Equipamento,Saúde,Atenção Primária,Seleção 2025 - Combo de Equipamentos para UBS,Equipamento,Em execução,158000.0,17.65,2026,Federal,,Seleção,OGU,MS,2026-03-01,ALTO FELIZ
2026-03-01,14628,RS,Alvorada,Combo de Unidade Básica de Saúde (UBS) - 9 Equipamentos,Saúde,Atenção Primária,Seleção 2025 - Combo de Equipamentos para UBS,Equipamento,Em execução,1422000.0,29.42,2026,Federal,,Seleção,OGU,MS,2026-03-01,ALVORADA
2026-03-01,5014,RS,Amaral Ferrador,Combo de Unidade Básica de Saúde (UBS) - 1 Equipamento,Saúde,Atenção Primária,Seleção 2025 - Combo de Equipamentos para UBS,Equipamento,Em execução,158000.0,0.0,2026,Federal,,Seleção,OGU,MS,2026-03-01,AMARAL FERRADOR
2026-03-01,5026,RS,Ametista do Sul,Combo de Unidade Básica de Saúde (UBS) - 1 Equipamento,Saúde,Atenção Primária,Seleção 2025 - Combo de Equipamentos para UBS,Equipamento,Em execução,158000.0,17.65,2026,Federal,,Seleção,OGU,MS,2026-03-01,AMETISTA DO SUL
2026-03-01,5059,RS,André da Rocha,Combo de Unidade Básica de Saúde (UBS) - 1 Equipamento,Saúde,Atenção Primária,Seleção 2025 - Combo de Equipamentos para UBS,Equipamento,Em execução,158000.0,0.0,2026,Federal,,Seleção,OGU,MS,2026-03-01,ANDRÉ DA ROCHA
2026-03-01,5085,RS,Anta Gorda,Combo de Unidade Básica de Saúde (UBS) - 1 Equipamento,Saúde,Atenção Primária,Seleção 2025 - Combo de Equipamentos para UBS,Equipamento,Em execução,158000.0,0.0,2026,Federal,,Seleção,OGU,MS,2026-03-01,ANTA GORDA
2026-03-01,5103,RS,Antônio Prado,Combo de Unidade Básica de Saúde (UBS) - 1 Equipamento,Saúde,Atenção Primária,Seleção 2025 - Combo de Equipamentos para UBS,Equipamento,Em execução,158000.0,0.0,2026,Federal,,Seleção,OGU,MS,2026-03-01,ANTÔNIO PRADO
2026-03-01,5159,RS,Arambaré,Combo de Unidade Básica de Saúde (UBS) - 1 Equipamento,Saúde,Atenção Primária,Seleção 2025 - Combo de Equipamentos para UBS,Equipamento,Em execução,158000.0,0.0,2026,Federal,,Seleção,OGU,MS,2026-03-01,ARAMBARÉ
2026-03-01,5181,RS,Araricá,Combo de Unidade Básica de Saúde (UBS) - 1 Equipamento,Saúde,Atenção Primária,Seleção 2025 - Combo de Equipamentos para UBS,Equipamento,Em execução,158000.0,0.0,2026,Federal,,Seleção,OGU,MS,2026-03-01,ARARICÁ
2026-03-01,5184,RS,Aratiba,Combo de Unidade Básica de Saúde (UBS) - 1 Equipamento,Saúde,Atenção Primária,Seleção 2025 - Combo de Equipamentos para UBS,Equipamento,Em execução,158000.0,0.0,2026,Federal,,Seleção,OGU,MS,2026-03-01,ARATIBA
2026-03-01,5225,RS,Arroio do Meio,Combo de Unidade Básica de Saúde (UBS) - 1 Equipamento,Saúde,Atenção Primária,Seleção 2025 - Combo de Equipamentos para UBS,Equipamento,Em execução,158000.0,5.89,2026,Federal,,Seleção,OGU,MS,2026-03-01,ARROIO DO MEIO
2026-03-01,5226,RS,Arroio do Padre,Combo de Unidade Básica de Saúde (UBS) - 1 Equipamento,Saúde,Atenção Primária,Seleção 2025 - Combo de Equipamentos para UBS,Equipamento,Em execução,158000.0,0.0,2026,Federal,,Seleção,OGU,MS,2026-03-01,ARROIO DO PADRE
2026-03-01,5227,RS,Arroio do Sal,Combo de Unidade Básica de Saúde (UBS) - 1 Equipamento,Saúde,Atenção Primária,Seleção 2025 - Combo de Equipamentos para UBS,Equipamento,Em execução,158000.0,0.0,2026,Federal,,Seleção,OGU,MS,2026-03-01,ARROIO DO SAL
2026-03-01,5229,RS,Arroio do Tigre,Combo de Unidade Básica de Saúde (UBS) - 1 Equipamento,Saúde,Atenção Primária,Seleção 2025 - Combo de Equipamentos para UBS,Equipamento,Em execução,158000.0,0.0,2026,Federal,,Seleção,OGU,MS,2026-03-01,ARROIO DO TIGRE
2026-03-01,5230,RS,Arroio dos Ratos,Combo de Unidade Básica de Saúde (UBS) - 1 Equipamento,Saúde,Atenção Primária,Seleção 2025 - Combo de Equipamentos para UBS,Equipamento,Em execução,158000.0,17.65,2026,Federal,,Seleção,OGU,MS,2026-03-01,ARROIO DOS RATOS
2026-03-01,5231,RS,Arroio Grande,Combo de Unidade Básica de Saúde (UBS) - 1 Equipamento,Saúde,Atenção Primária,Seleção 2025 - Combo de Equipamentos para UBS,Equipamento,Em execução,158000.0,0.0,2026,Federal,,Seleção,OGU,MS,2026-03-01,ARROIO GRANDE
2026-03-01,5235,RS,Arvorezinha,Combo de Unidade Básica de Saúde (UBS) - 1 Equipamento,Saúde,Atenção Primária,Seleção 2025 - Combo de Equipamentos para UBS,Equipamento,Em execução,158000.0,0.0,2026,Federal,,Seleção,OGU,MS,2026-03-01,ARVOREZINHA
2026-03-01,5257,RS,Áurea,Combo de Unidade Básica de Saúde (UBS) - 1 Equipamento,Saúde,Atenção Primária,Seleção 2025 - Combo de Equipamentos para UBS,Equipamento,Em execução,158000.0,0.0,2026,Federal,,Seleção,OGU,MS,2026-03-01,ÁUREA
2026-03-01,14328,RS,Bagé,Combo de Unidade Básica de Saúde (UBS) - 6 Equipamentos,Saúde,Atenção Primária,Seleção 2025 - Combo de Equipamentos para UBS,Equipamento,Em execução,948000.0,29.42,2026,Federal,,Seleção,OGU,MS,2026-03-01,BAGÉ
2026-03-01,26097,RS,Bagé,Unidade Odontológica Móvel - UOM,Saúde,Atenção Primária,Seleção 2023 - Unidades Odontológicas Móveis - UOMs,Equipamento,Concluído,379890.0,100.0,2026,Federal,,Seleção,OGU,MS,2026-03-01,BAGÉ
2026-03-01,5282,RS,Balneário Pinhal,Combo de Unidade Básica de Saúde (UBS) - 1 Equipamento,Saúde,Atenção Primária,Seleção 2025 - Combo de Equipamentos para UBS,Equipamento,Em execução,158000.0,0.0,2026,Federal,,Seleção,OGU,MS,2026-03-01,BALNEÁRIO PINHAL
2026-03-01,5294,RS,Barão,Combo de Unidade Básica de Saúde (UBS) - 1 Equipamento,Saúde,Atenção Primária,Seleção 2025 - Combo de Equipamentos para UBS,Equipamento,Em execução,158000.0,17.65,2026,Federal,,Seleção,OGU,MS,2026-03-01,BARÃO
2026-03-01,5296,RS,Barão de Cotegipe,Combo de Unidade Básica de Saúde (UBS) - 1 Equipamento,Saúde,Atenção Primária,Seleção 2025 - Combo de Equipamentos para UBS,Equipamento,Em execução,158000.0,0.0,2026,Federal,,Seleção,OGU,MS,2026-03-01,BARÃO DE COTEGIPE
2026-03-01,5300,RS,Barão do Triunfo,Combo de Unidade Básica de Saúde (UBS) - 1 Equipamento,Saúde,Atenção Primária,Seleção 2025 - Combo de Equipamentos para UBS,Equipamento,Em execução,158000.0,0.0,2026,Federal,,Seleção,OGU,MS,2026-03-01,BARÃO DO TRIUNFO
2026-03-01,5315,RS,Barra do Guarita,Combo de Unidade Básica de Saúde (UBS) - 1 Equipamento,Saúde,Atenção Primária,Seleção 2025 - Combo de Equipamentos para UBS,Equipamento,Em execução,158000.0,0.0,2026,Federal,,Seleção,OGU,MS,2026-03-01,BARRA DO GUARITA
2026-03-01,37115,RS,Barra do Guarita,Unidade Odontológica Móvel (UOM) - 1 Veículo,Saúde,Atenção Primária,Seleção 2025 - Unidade Odontológica Móvel - UOM,Equipamento,Em execução,379890.0,0.0,2027,Federal,,Seleção,OGU,MS,2026-03-01,BARRA DO GUARITA
2026-03-01,5318,RS,Barra do Quaraí,Combo de Unidade Básica de Saúde (UBS) - 1 Equipamento,Saúde,Atenção Primária,Seleção 2025 - Combo de Equipamentos para UBS,Equipamento,Em execução,158000.0,0.0,2026,Federal,,Seleção,OGU,MS,2026-03-01,BARRA DO QUARAÍ
2026-03-01,5319,RS,Barra do Ribeiro,Combo de Unidade Básica de Saúde (UBS) - 1 Equipamento,Saúde,Atenção Primária,Seleção 2025 - Combo de Equipamentos para UBS,Equipamento,Em execução,158000.0,0.0,2026,Federal,,Seleção,OGU,MS,2026-03-01,BARRA DO RIBEIRO
2026-03-01,5320,RS,Barra do Rio Azul,Combo de Unidade Básica de Saúde (UBS) - 1 Equipamento,Saúde,Atenção Primária,Seleção 2025 - Combo de Equipamentos para UBS,Equipamento,Em execução,158000.0,0.0,2026,Federal,,Seleção,OGU,MS,2026-03-01,BARRA DO RIO AZUL
2026-03-01,5322,RS,Barra Funda,Combo de Unidade Básica de Saúde (UBS) - 1 Equipamento,Saúde,Atenção Primária,Seleção 2025 - Combo de Equipamentos para UBS,Equipamento,Em execução,158000.0,17.65,2026,Federal,,Seleção,OGU,MS,2026-03-01,BARRA FUNDA
2026-03-01,5325,RS,Barracão,Combo de Unidade Básica de Saúde (UBS) - 1 Equipamento,Saúde,Atenção Primária,Seleção 2025 - Combo de Equipamentos para UBS,Equipamento,Em execução,158000.0,0.0,2026,Federal,,Seleção,OGU,MS,2026-03-01,BARRACÃO
2026-03-01,5335,RS,Barros Cassal,Combo de Unidade Básica de Saúde (UBS) - 1 Equipamento,Saúde,Atenção Primária,Seleção 2025 - Combo de Equipamentos para UBS,Equipamento,Em execução,158000.0,0.0,2026,Federal,,Seleção,OGU,MS,2026-03-01,BARROS CASSAL
2026-03-01,5365,RS,Benjamin Constant do Sul,Combo de Unidade Básica de Saúde (UBS) - 1 Equipamento,Saúde,Atenção Primária,Seleção 2025 - Combo de Equipamentos para UBS,Equipamento,Em execução,158000.0,0.0,2026,Federal,,Seleção,OGU,MS,2026-03-01,BENJAMIN CONSTANT DO SUL
2026-03-01,5369,RS,Bento Gonçalves,Combo de Unidade Básica de Saúde (UBS) - 1 Equipamento,Saúde,Atenção Primária,Seleção 2025 - Combo de Equipamentos para UBS,Equipamento,Em execução,158000.0,11.77,2026,Federal,,Seleção,OGU,MS,2026-03-01,BENTO GONÇALVES
2026-03-01,5407,RS,Boa Vista das Missões,Combo de Unidade Básica de Saúde (UBS) - 1 Equipamento,Saúde,Atenção Primária,Seleção 2025 - Combo de Equipamentos para UBS,Equipamento,Em execução,158000.0,0.0,2026,Federal,,Seleção,OGU,MS,2026-03-01,BOA VISTA DAS MISSÕES
2026-03-01,5409,RS,Boa Vista do Incra,Combo de Unidade Básica de Saúde (UBS) - 1 Equipamento,Saúde,Atenção Primária,Seleção 2025 - Combo de Equipamentos para UBS,Equipamento,Em execução,158000.0,0.0,2026,Federal,,Seleção,OGU,MS,2026-03-01,BOA VISTA DO INCRA
2026-03-01,5411,RS,Boa Vista do Sul,Combo de Unidade Básica de Saúde (UBS) - 1 Equipamento,Saúde,Atenção Primária,Seleção 2025 - Combo de Equipamentos para UBS,Equipamento,Em execução,158000.0,0.0,2026,Federal,,Seleção,OGU,MS,2026-03-01,BOA VISTA DO SUL
2026-03-01,5427,RS,Bom Jesus,Combo de Unidade Básica de Saúde (UBS) - 1 Equipamento,Saúde,Atenção Primária,Seleção 2025 - Combo de Equipamentos para UBS,Equipamento,Em execução,158000.0,0.0,2026,Federal,,Seleção,OGU,MS,2026-03-01,BOM JESUS
2026-03-01,5439,RS,Bom Princípio,Combo de Unidade Básica de Saúde (UBS) - 1 Equipamento,Saúde,Atenção Primária,Seleção 2025 - Combo de Equipamentos para UBS,Equipamento,Em execução,158000.0,0.0,2026,Federal,,Seleção,OGU,MS,2026-03-01,BOM PRINCÍPIO
2026-03-01,5442,RS,Bom Progresso,Combo de Unidade Básica de Saúde (UBS) - 1 Equipamento,Saúde,Atenção Primária,Seleção 2025 - Combo de Equipamentos para UBS,Equipamento,Em execução,158000.0,0.0,2026,Federal,,Seleção,OGU,MS,2026-03-01,BOM PROGRESSO
2026-03-01,5462,RS,Boqueirão do Leão,Combo de Unidade Básica de Saúde (UBS) - 1 Equipamento,Saúde,Atenção Primária,Seleção 2025 - Combo de Equipamentos para UBS,Equipamento,Em execução,158000.0,0.0,2026,Federal,,Seleção,OGU,MS,2026-03-01,BOQUEIRÃO DO LEÃO
2026-03-01,37124,RS,Boqueirão do Leão,Unidade Odontológica Móvel (UOM) - 1 Veículo,Saúde,Atenção Primária,Seleção 2025 - Unidade Odontológica Móvel - UOM,Equipamento,Em execução,379890.0,0.0,2027,Federal,,Seleção,OGU,MS,2026-03-01,BOQUEIRÃO DO LEÃO
2026-03-01,5474,RS,Bossoroca,Combo de Unidade Básica de Saúde (UBS) - 1 Equipamento,Saúde,Atenção Primária,Seleção 2025 - Combo de Equipamentos para UBS,Equipamento,Em execução,158000.0,0.0,2026,Federal,,Seleção,OGU,MS,2026-03-01,BOSSOROCA
2026-03-01,5484,RS,Braga,Combo de Unidade Básica de Saúde (UBS) - 1 Equipamento,Saúde,Atenção Primária,Seleção 2025 - Combo de Equipamentos para UBS,Equipamento,Em execução,158000.0,0.0,2026,Federal,,Seleção,OGU,MS,2026-03-01,BRAGA
2026-03-01,5519,RS,Brochier,Combo de Unidade Básica de Saúde (UBS) - 1 Equipamento,Saúde,Atenção Primária,Seleção 2025 - Combo de Equipamentos para UBS,Equipamento,Em execução,158000.0,0.0,2026,Federal,,Seleção,OGU,MS,2026-03-01,BROCHIER
2026-03-01,26467,RS,Butiá,Unidade Odontológica Móvel - UOM,Saúde,Atenção Primária,Seleção 2023 - Unidades Odontológicas Móveis - UOMs,Equipamento,Concluído,379890.0,100.0,2026,Federal,,Seleção,OGU,MS,2026-03-01,BUTIÁ
2026-03-01,5557,RS,Caçapava do Sul,Combo de Unidade Básica de Saúde (UBS) - 1 Equipamento,Saúde,Atenção Primária,Seleção 2025 - Combo de Equipamentos para UBS,Equipamento,Em execução,158000.0,23.53,2026,Federal,,Seleção,OGU,MS,2026-03-01,CAÇAPAVA DO SUL
2026-03-01,11533,RS,Cacequi,Combo de Unidade Básica de Saúde (UBS) - 2 Equipamentos,Saúde,Atenção Primária,Seleção 2025 - Combo de Equipamentos para UBS,Equipamento,Em execução,316000.0,0.0,2026,Federal,,Seleção,OGU,MS,2026-03-01,CACEQUI
2026-03-01,23408,RS,Cacequi,Retomada - Construção de Unidade Básica de Saúde - UBS,Saúde,Atenção Primária,Retomada de Obras - Saúde,Obra,Concluído,0.0,100.0,2025,Municipal,,Planejamento Setorial,OGU,MS,2026-03-01,CACEQUI
2026-03-01,37138,RS,Cacequi,Unidade Odontológica Móvel (UOM) - 1 Veículo,Saúde,Atenção Primária,Seleção 2025 - Unidade Odontológica Móvel - UOM,Equipamento,Em execução,379890.0,0.0,2027,Federal,,Seleção,OGU,MS,2026-03-01,CACEQUI
2026-03-01,5565,RS,Cachoeira do Sul,Combo de Unidade Básica de Saúde (UBS) - 1 Equipamento,Saúde,Atenção Primária,Seleção 2025 - Combo de Equipamentos para UBS,Equipamento,Em execução,158000.0,11.77,2026,Federal,,Seleção,OGU,MS,2026-03-01,CACHOEIRA DO SUL
2026-03-01,5579,RS,Cachoeirinha,Combo de Unidade Básica de Saúde (UBS) - 1 Equipamento,Saúde,Atenção Primária,Seleção 2025 - Combo de Equipamentos para UBS,Equipamento,Em execução,158000.0,35.3,2026,Federal,,Seleção,OGU,MS,2026-03-01,CACHOEIRINHA
2026-03-01,5587,RS,Cacique Doble,Combo de Unidade Básica de Saúde (UBS) - 1 Equipamento,Saúde,Atenção Primária,Seleção 2025 - Combo de Equipamentos para UBS,Equipamento,Em execução,158000.0,0.0,2026,Federal,,Seleção,OGU,MS,2026-03-01,CACIQUE DOBLE
2026-03-01,5611,RS,Caibaté,Combo de Unidade Básica de Saúde (UBS) - 1 Equipamento,Saúde,Atenção Primária,Seleção 2025 - Combo de Equipamentos para UBS,Equipamento,Em execução,158000.0,17.65,2026,Federal,,Seleção,OGU,MS,2026-03-01,CAIBATÉ
2026-03-01,5615,RS,Caiçara,Combo de Unidade Básica de Saúde (UBS) - 1 Equipamento,Saúde,Atenção Primária,Seleção 2025 - Combo de Equipamentos para UBS,Equipamento,Em execução,158000.0,0.0,2026,Federal,,Seleção,OGU,MS,2026-03-01,CAIÇARA
2026-03-01,5652,RS,Camaquã,Combo de Unidade Básica de Saúde (UBS) - 1 Equipamento,Saúde,Atenção Primária,Seleção 2025 - Combo de Equipamentos para UBS,Equipamento,Em execução,158000.0,41.18,2026,Federal,,Seleção,OGU,MS,2026-03-01,CAMAQUÃ
2026-03-01,5653,RS,Camargo,Combo de Unidade Básica de Saúde (UBS) - 1 Equipamento,Saúde,Atenção Primária,Seleção 2025 - Combo de Equipamentos para UBS,Equipamento,Em execução,158000.0,0.0,2026,Federal,,Seleção,OGU,MS,2026-03-01,CAMARGO
2026-03-01,5654,RS,Cambará do Sul,Combo de Unidade Básica de Saúde (UBS) - 1 Equipamento,Saúde,Atenção Primária,Seleção 2025 - Combo de Equipamentos para UBS,Equipamento,Em execução,158000.0,0.0,2026,Federal,,Seleção,OGU,MS,2026-03-01,CAMBARÁ DO SUL
2026-03-01,5661,RS,Campestre da Serra,Combo de Unidade Básica de Saúde (UBS) - 1 Equipamento,Saúde,Atenção Primária,Seleção 2025 - Combo de Equipamentos para UBS,Equipamento,Em execução,158000.0,0.0,2026,Federal,,Seleção,OGU,MS,2026-03-01,CAMPESTRE DA SERRA
2026-03-01,5663,RS,Campina das Missões,Combo de Unidade Básica de Saúde (UBS) - 1 Equipamento,Saúde,Atenção Primária,Seleção 2025 - Combo de Equipamentos para UBS,Equipamento,Em execução,158000.0,0.0,2026,Federal,,Seleção,OGU,MS,2026-03-01,CAMPINA DAS MISSÕES
2026-03-01,5688,RS,Campo Bom,Combo de Unidade Básica de Saúde (UBS) - 1 Equipamento,Saúde,Atenção Primária,Seleção 2025 - Combo de Equipamentos para UBS,Equipamento,Em execução,158000.0,41.18,2026,Federal,,Seleção,OGU,MS,2026-03-01,CAMPO BOM
2026-03-01,5711,RS,Campo Novo,Combo de Unidade Básica de Saúde (UBS) - 1 Equipamento,Saúde,Atenção Primária,Seleção 2025 - Combo de Equipamentos para UBS,Equipamento,Em execução,158000.0,0.0,2026,Federal,,Seleção,OGU,MS,2026-03-01,CAMPO NOVO
2026-03-01,5719,RS,Campos Borges,Combo de Unidade Básica de Saúde (UBS) - 1 Equipamento,Saúde,Atenção Primária,Seleção 2025 - Combo de Equipamentos para UBS,Equipamento,Em execução,158000.0,0.0,2026,Federal,,Seleção,OGU,MS,2026-03-01,CAMPOS BORGES
2026-03-01,5748,RS,Candelária,Combo de Unidade Básica de Saúde (UBS) - 1 Equipamento,Saúde,Atenção Primária,Seleção 2025 - Combo de Equipamentos para UBS,Equipamento,Em execução,158000.0,0.0,2026,Federal,,Seleção,OGU,MS,2026-03-01,CANDELÁRIA
2026-03-01,23399,RS,Candelária,Retomada - Construção de Unidade Básica de Saúde - UBS,Saúde,Atenção Primária,Retomada de Obras - Saúde,Obra,Concluído,0.0,100.0,2025,Municipal,,Planejamento Setorial,OGU,MS,2026-03-01,CANDELÁRIA
2026-03-01,5752,RS,Candiota,Combo de Unidade Básica de Saúde (UBS) - 1 Equipamento,Saúde,Atenção Primária,Seleção 2025 - Combo de Equipamentos para UBS,Equipamento,Em execução,158000.0,0.0,2026,Federal,,Seleção,OGU,MS,2026-03-01,CANDIOTA
2026-03-01,23407,RS,Candiota,Retomada - Construção de Unidade Básica de Saúde - UBS,Saúde,Atenção Primária,Retomada de Obras - Saúde,Obra,Concluído,81600.0,100.0,2023,Municipal,,Planejamento Setorial,OGU,MS,2026-03-01,CANDIOTA
2026-03-01,5756,RS,Canguçu,Combo de Unidade Básica de Saúde (UBS) - 1 Equipamento,Saúde,Atenção Primária,Seleção 2025 - Combo de Equipamentos para UBS,Equipamento,Em execução,158000.0,11.77,2026,Federal,,Seleção,OGU,MS,2026-03-01,CANGUÇU
2026-03-01,26469,RS,Canguçu,Unidade Odontológica Móvel - UOM,Saúde,Atenção Primária,Seleção 2023 - Unidades Odontológicas Móveis - UOMs,Equipamento,Concluído,379890.0,100.0,2026,Federal,,Seleção,OGU,MS,2026-03-01,CANGUÇU
2026-03-01,5761,RS,Canoas,Combo de Unidade Básica de Saúde (UBS) - 1 Equipamento,Saúde,Atenção Primária,Seleção 2025 - Combo de Equipamentos para UBS,Equipamento,Em execução,158000.0,11.12,2026,Federal,,Seleção,OGU,MS,2026-03-01,CANOAS
2026-03-01,5767,RS,Canudos do Vale,Combo de Unidade Básica de Saúde (UBS) - 1 Equipamento,Saúde,Atenção Primária,Seleção 2025 - Combo de Equipamentos para UBS,Equipamento,Em execução,158000.0,0.0,2026,Federal,,Seleção,OGU,MS,2026-03-01,CANUDOS DO VALE
2026-03-01,5770,RS,Capão Bonito do Sul,Combo de Unidade Básica de Saúde (UBS) - 1 Equipamento,Saúde,Atenção Primária,Seleção 2025 - Combo de Equipamentos para UBS,Equipamento,Em execução,158000.0,0.0,2026,Federal,,Seleção,OGU,MS,2026-03-01,CAPÃO BONITO DO SUL
2026-03-01,5771,RS,Capão da Canoa,Combo de Unidade Básica de Saúde (UBS) - 1 Equipamento,Saúde,Atenção Primária,Seleção 2025 - Combo de Equipamentos para UBS,Equipamento,Em execução,158000.0,17.65,2026,Federal,,Seleção,OGU,MS,2026-03-01,CAPÃO DA CANOA
2026-03-01,23397,RS,Capão do Cipó,Retomada - Construção de Unidade Básica de Saúde - UBS,Saúde,Atenção Primária,Retomada de Obras - Saúde,Obra,Concluído,0.0,100.0,2025,Municipal,,Planejamento Setorial,OGU,MS,2026-03-01,CAPÃO DO CIPÓ
2026-03-01,5772,RS,Capão do Leão,Combo de Unidade Básica de Saúde (UBS) - 1 Equipamento,Saúde,Atenção Primária,Seleção 2025 - Combo de Equipamentos para UBS,Equipamento,Em execução,158000.0,0.0,2026,Federal,,Seleção,OGU,MS,2026-03-01,CAPÃO DO LEÃO
2026-03-01,5774,RS,Capela de Santana,Combo de Unidade Básica de Saúde (UBS) - 1 Equipamento,Saúde,Atenção Primária,Seleção 2025 - Combo de Equipamentos para UBS,Equipamento,Em execução,158000.0,0.0,2026,Federal,,Seleção,OGU,MS,2026-03-01,CAPELA DE SANTANA
2026-03-01,5780,RS,Capitão,Combo de Unidade Básica de Saúde (UBS) - 1 Equipamento,Saúde,Atenção Primária,Seleção 2025 - Combo de Equipamentos para UBS,Equipamento,Em execução,158000.0,0.0,2026,Federal,,Seleção,OGU,MS,2026-03-01,CAPITÃO
2026-03-01,5791,RS,Caraá,Combo de Unidade Básica de Saúde (UBS) - 1 Equipamento,Saúde,Atenção Primária,Seleção 2025 - Combo de Equipamentos para UBS,Equipamento,Em execução,158000.0,0.0,2026,Federal,,Seleção,OGU,MS,2026-03-01,CARAÁ
2026-03-01,5808,RS,Carazinho,Combo de Unidade Básica de Saúde (UBS) - 1 Equipamento,Saúde,Atenção Primária,Seleção 2025 - Combo de Equipamentos para UBS,Equipamento,Em execução,158000.0,17.65,2026,Federal,,Seleção,OGU,MS,2026-03-01,CARAZINHO
2026-03-01,5826,RS,Carlos Gomes,Combo de Unidade Básica de Saúde (UBS) - 1 Equipamento,Saúde,Atenção Primária,Seleção 2025 - Combo de Equipamentos para UBS,Equipamento,Em execução,158000.0,0.0,2026,Federal,,Seleção,OGU,MS,2026-03-01,CARLOS GOMES
2026-03-01,5864,RS,Casca,Combo de Unidade Básica de Saúde (UBS) - 1 Equipamento,Saúde,Atenção Primária,Seleção 2025 - Combo de Equipamentos para UBS,Equipamento,Em execução,158000.0,0.0,2026,Federal,,Seleção,OGU,MS,2026-03-01,CASCA
2026-03-01,5869,RS,Caseiros,Combo de Unidade Básica de Saúde (UBS) - 1 Equipamento,Saúde,Atenção Primária,Seleção 2025 - Combo de Equipamentos para UBS,Equipamento,Em execução,158000.0,0.0,2026,Federal,,Seleção,OGU,MS,2026-03-01,CASEIROS
2026-03-01,5909,RS,Caxias do Sul,Combo de Unidade Básica de Saúde (UBS) - 1 Equipamento,Saúde,Atenção Primária,Seleção 2025 - Combo de Equipamentos para UBS,Equipamento,Em execução,158000.0,41.18,2026,Federal,,Seleção,OGU,MS,2026-03-01,CAXIAS DO SUL
2026-03-01,38581,RS,Caxias do Sul,Unidades Odontológicas Móveis - UOM - Caxias do Sul/RS,Saúde,Atenção Primária,Seleção 2025 - Unidade Odontológica Móvel - UOM,Equipamento,Em execução,379890.0,0.0,2026,Federal,,Seleção,OGU,MS,2026-03-01,CAXIAS DO SUL
2026-03-01,5919,RS,Centenário,Combo de Unidade Básica de Saúde (UBS) - 1 Equipamento,Saúde,Atenção Primária,Seleção 2025 - Combo de Equipamentos para UBS,Equipamento,Em execução,158000.0,0.0,2026,Federal,,Seleção,OGU,MS,2026-03-01,CENTENÁRIO
2026-03-01,5933,RS,Cerrito,Combo de Unidade Básica de Saúde (UBS) - 1 Equipamento,Saúde,Atenção Primária,Seleção 2025 - Combo de Equipamentos para UBS,Equipamento,Em execução,158000.0,0.0,2026,Federal,,Seleção,OGU,MS,2026-03-01,CERRITO
2026-03-01,5935,RS,Cerro Branco,Combo de Unidade Básica de Saúde (UBS) - 1 Equipamento,Saúde,Atenção Primária,Seleção 2025 - Combo de Equipamentos para UBS,Equipamento,Em execução,158000.0,0.0,2026,Federal,,Seleção,OGU,MS,2026-03-01,CERRO BRANCO
2026-03-01,5937,RS,Cerro Grande,Combo de Unidade Básica de Saúde (UBS) - 1 Equipamento,Saúde,Atenção Primária,Seleção 2025 - Combo de Equipamentos para UBS,Equipamento,Em execução,158000.0,0.0,2026,Federal,,Seleção,OGU,MS,2026-03-01,CERRO GRANDE
2026-03-01,5939,RS,Cerro Grande do Sul,Combo de Unidade Básica de Saúde (UBS) - 1 Equipamento,Saúde,Atenção Primária,Seleção 2025 - Combo de Equipamentos para UBS,Equipamento,Em execução,158000.0,0.0,2026,Federal,,Seleção,OGU,MS,2026-03-01,CERRO GRANDE DO SUL
2026-03-01,5941,RS,Cerro Largo,Combo de Unidade Básica de Saúde (UBS) - 1 Equipamento,Saúde,Atenção Primária,Seleção 2025 - Combo de Equipamentos para UBS,Equipamento,Em execução,158000.0,0.0,2026,Federal,,Seleção,OGU,MS,2026-03-01,CERRO LARGO
2026-03-01,5955,RS,Chapada,Combo de Unidade Básica de Saúde (UBS) - 1 Equipamento,Saúde,Atenção Primária,Seleção 2025 - Combo de Equipamentos para UBS,Equipamento,Em execução,158000.0,17.65,2026,Federal,,Seleção,OGU,MS,2026-03-01,CHAPADA
2026-03-01,5971,RS,Charqueadas,Combo de Unidade Básica de Saúde (UBS) - 1 Equipamento,Saúde,Atenção Primária,Seleção 2025 - Combo de Equipamentos para UBS,Equipamento,Em execução,158000.0,5.89,2026,Federal,,Seleção,OGU,MS,2026-03-01,CHARQUEADAS
2026-03-01,5973,RS,Charrua,Combo de Unidade Básica de Saúde (UBS) - 1 Equipamento,Saúde,Atenção Primária,Seleção 2025 - Combo de Equipamentos para UBS,Equipamento,Em execução,158000.0,0.0,2026,Federal,,Seleção,OGU,MS,2026-03-01,CHARRUA
2026-03-01,5981,RS,Chiapetta,Combo de Unidade Básica de Saúde (UBS) - 1 Equipamento,Saúde,Atenção Primária,Seleção 2025 - Combo de Equipamentos para UBS,Equipamento,Em execução,158000.0,0.0,2026,Federal,,Seleção,OGU,MS,2026-03-01,CHIAPETTA
2026-03-01,5989,RS,Chuvisca,Combo de Unidade Básica de Saúde (UBS) - 1 Equipamento,Saúde,Atenção Primária,Seleção 2025 - Combo de Equipamentos para UBS,Equipamento,Em execução,158000.0,0.0,2026,Federal,,Seleção,OGU,MS,2026-03-01,CHUVISCA
2026-03-01,5995,RS,Cidreira,Combo de Unidade Básica de Saúde (UBS) - 1 Equipamento,Saúde,Atenção Primária,Seleção 2025 - Combo de Equipamentos para UBS,Equipamento,Em execução,158000.0,0.0,2026,Federal,,Seleção,OGU,MS,2026-03-01,CIDREIRA
2026-03-01,5999,RS,Ciríaco,Combo de Unidade Básica de Saúde (UBS) - 1 Equipamento,Saúde,Atenção Primária,Seleção 2025 - Combo de Equipamentos para UBS,Equipamento,Em execução,158000.0,0.0,2026,Federal,,Seleção,OGU,MS,2026-03-01,CIRÍACO
2026-03-01,6022,RS,Colinas,Combo de Unidade Básica de Saúde (UBS) - 1 Equipamento,Saúde,Atenção Primária,Seleção 2025 - Combo de Equipamentos para UBS,Equipamento,Em execução,158000.0,17.65,2026,Federal,,Seleção,OGU,MS,2026-03-01,COLINAS
2026-03-01,6036,RS,Colorado,Combo de Unidade Básica de Saúde (UBS) - 1 Equipamento,Saúde,Atenção Primária,Seleção 2025 - Combo de Equipamentos para UBS,Equipamento,Em execução,158000.0,0.0,2026,Federal,,Seleção,OGU,MS,2026-03-01,COLORADO
2026-03-01,6078,RS,Condor,Combo de Unidade Básica de Saúde (UBS) - 1 Equipamento,Saúde,Atenção Primária,Seleção 2025 - Combo de Equipamentos para UBS,Equipamento,Em execução,158000.0,17.65,2026,Federal,,Seleção,OGU,MS,2026-03-01,CONDOR
2026-03-01,6100,RS,Constantina,Combo de Unidade Básica de Saúde (UBS) - 1 Equipamento,Saúde,Atenção Primária,Seleção 2025 - Combo de Equipamentos para UBS,Equipamento,Em execução,158000.0,0.0,2026,Federal,,Seleção,OGU,MS,2026-03-01,CONSTANTINA
2026-03-01,6126,RS,Coronel Bicaco,Combo de Unidade Básica de Saúde (UBS) - 1 Equipamento,Saúde,Atenção Primária,Seleção 2025 - Combo de Equipamentos para UBS,Equipamento,Em execução,158000.0,0.0,2026,Federal,,Seleção,OGU,MS,2026-03-01,CORONEL BICACO
2026-03-01,6144,RS,Coronel Pilar,Combo de Unidade Básica de Saúde (UBS) - 1 Equipamento,Saúde,Atenção Primária,Seleção 2025 - Combo de Equipamentos para UBS,Equipamento,Em execução,158000.0,0.0,2026,Federal,,Seleção,OGU,MS,2026-03-01,CORONEL PILAR
2026-03-01,6181,RS,Coxilha,Combo de Unidade Básica de Saúde (UBS) - 1 Equipamento,Saúde,Atenção Primária,Seleção 2025 - Combo de Equipamentos para UBS,Equipamento,Em execução,158000.0,17.65,2026,Federal,,Seleção,OGU,MS,2026-03-01,COXILHA
2026-03-01,6192,RS,Crissiumal,Combo de Unidade Básica de Saúde (UBS) - 1 Equipamento,Saúde,Atenção Primária,Seleção 2025 - Combo de Equipamentos para UBS,Equipamento,Em execução,158000.0,0.0,2026,Federal,,Seleção,OGU,MS,2026-03-01,CRISSIUMAL
2026-03-01,6197,RS,Cristal,Combo de Unidade Básica de Saúde (UBS) - 1 Equipamento,Saúde,Atenção Primária,Seleção 2025 - Combo de Equipamentos para UBS,Equipamento,Em execução,158000.0,0.0,2026,Federal,,Seleção,OGU,MS,2026-03-01,CRISTAL
2026-03-01,6209,RS,Cruz Alta,Combo de Unidade Básica de Saúde (UBS) - 1 Equipamento,Saúde,Atenção Primária,Seleção 2025 - Combo de Equipamentos para UBS,Equipamento,Em execução,158000.0,29.42,2026,Federal,,Seleção,OGU,MS,2026-03-01,CRUZ ALTA
2026-03-01,6212,RS,Cruzaltense,Combo de Unidade Básica de Saúde (UBS) - 1 Equipamento,Saúde,Atenção Primária,Seleção 2025 - Combo de Equipamentos para UBS,Equipamento,Em execução,158000.0,0.0,2026,Federal,,Seleção,OGU,MS,2026-03-01,CRUZALTENSE
2026-03-01,6220,RS,Cruzeiro do Sul,Combo de Unidade Básica de Saúde (UBS) - 1 Equipamento,Saúde,Atenção Primária,Seleção 2025 - Combo de Equipamentos para UBS,Equipamento,Em execução,158000.0,0.0,2026,Federal,,Seleção,OGU,MS,2026-03-01,CRUZEIRO DO SUL
2026-03-01,6268,RS,David Canabarro,Combo de Unidade Básica de Saúde (UBS) - 1 Equipamento,Saúde,Atenção Primária,Seleção 2025 - Combo de Equipamentos para UBS,Equipamento,Em execução,158000.0,0.0,2026,Federal,,Seleção,OGU,MS,2026-03-01,DAVID CANABARRO
2026-03-01,6276,RS,Derrubadas,Combo de Unidade Básica de Saúde (UBS) - 1 Equipamento,Saúde,Atenção Primária,Seleção 2025 - Combo de Equipamentos para UBS,Equipamento,Em execução,158000.0,0.0,2026,Federal,,Seleção,OGU,MS,2026-03-01,DERRUBADAS
2026-03-01,6284,RS,Dezesseis de Novembro,Combo de Unidade Básica de Saúde (UBS) - 1 Equipamento,Saúde,Atenção Primária,Seleção 2025 - Combo de Equipamentos para UBS,Equipamento,Em execução,158000.0,0.0,2026,Federal,,Seleção,OGU,MS,2026-03-01,DEZESSEIS DE NOVEMBRO
2026-03-01,6293,RS,Dilermando de Aguiar,Combo de Unidade Básica de Saúde (UBS) - 1 Equipamento,Saúde,Atenção Primária,Seleção 2025 - Combo de Equipamentos para UBS,Equipamento,Em execução,158000.0,0.0,2026,Federal,,Seleção,OGU,MS,2026-03-01,DILERMANDO DE AGUIAR
2026-03-01,37173,RS,Dilermando de Aguiar,Unidade Odontológica Móvel (UOM) - 1 Veículo,Saúde,Atenção Primária,Seleção 2025 - Unidade Odontológica Móvel - UOM,Equipamento,Em execução,379890.0,0.0,2027,Federal,,Seleção,OGU,MS,2026-03-01,DILERMANDO DE AGUIAR
2026-03-01,6325,RS,Dois Irmãos,Combo de Unidade Básica de Saúde (UBS) - 1 Equipamento,Saúde,Atenção Primária,Seleção 2025 - Combo de Equipamentos para UBS,Equipamento,Em execução,158000.0,17.65,2026,Federal,,Seleção,OGU,MS,2026-03-01,DOIS IRMÃOS
2026-03-01,6327,RS,Dois Irmãos das Missões,Combo de Unidade Básica de Saúde (UBS) - 1 Equipamento,Saúde,Atenção Primária,Seleção 2025 - Combo de Equipamentos para UBS,Equipamento,Em execução,158000.0,0.0,2026,Federal,,Seleção,OGU,MS,2026-03-01,DOIS IRMÃOS DAS MISSÕES
2026-03-01,6332,RS,Dois Lajeados,Combo de Unidade Básica de Saúde (UBS) - 1 Equipamento,Saúde,Atenção Primária,Seleção 2025 - Combo de Equipamentos para UBS,Equipamento,Em execução,158000.0,0.0,2026,Federal,,Seleção,OGU,MS,2026-03-01,DOIS LAJEADOS
2026-03-01,6345,RS,Dom Feliciano,Combo de Unidade Básica de Saúde (UBS) - 1 Equipamento,Saúde,Atenção Primária,Seleção 2025 - Combo de Equipamentos para UBS,Equipamento,Em execução,158000.0,0.0,2026,Federal,,Seleção,OGU,MS,2026-03-01,DOM FELICIANO
2026-03-01,26038,RS,Dom Pedrito,Unidade Odontológica Móvel - UOM,Saúde,Atenção Primária,Seleção 2023 - Unidades Odontológicas Móveis - UOMs,Equipamento,Concluído,379890.0,100.0,2026,Federal,,Seleção,OGU,MS,2026-03-01,DOM PEDRITO
2026-03-01,6363,RS,Dona Francisca,Combo de Unidade Básica de Saúde (UBS) - 1 Equipamento,Saúde,Atenção Primária,Seleção 2025 - Combo de Equipamentos para UBS,Equipamento,Em execução,158000.0,0.0,2026,Federal,,Seleção,OGU,MS,2026-03-01,DONA FRANCISCA
2026-03-01,6411,RS,Eldorado do Sul,Combo de Unidade Básica de Saúde (UBS) - 1 Equipamento,Saúde,Atenção Primária,Seleção 2025 - Combo de Equipamentos para UBS,Equipamento,Em execução,158000.0,5.89,2026,Federal,,Seleção,OGU,MS,2026-03-01,ELDORADO DO SUL
2026-03-01,6427,RS,Encantado,Combo de Unidade Básica de Saúde (UBS) - 1 Equipamento,Saúde,Atenção Primária,Seleção 2025 - Combo de Equipamentos para UBS,Equipamento,Em execução,158000.0,5.89,2026,Federal,,Seleção,OGU,MS,2026-03-01,ENCANTADO
2026-03-01,11817,RS,Encruzilhada do Sul,Combo de Unidade Básica de Saúde (UBS) - 2 Equipamentos,Saúde,Atenção Primária,Seleção 2025 - Combo de Equipamentos para UBS,Equipamento,Em execução,316000.0,0.0,2026,Federal,,Seleção,OGU,MS,2026-03-01,ENCRUZILHADA DO SUL
2026-03-01,26219,RS,Encruzilhada do Sul,Unidade Odontológica Móvel - UOM,Saúde,Atenção Primária,Seleção 2023 - Unidades Odontológicas Móveis - UOMs,Equipamento,Concluído,379890.0,100.0,2026,Federal,,Seleção,OGU,MS,2026-03-01,ENCRUZILHADA DO SUL
2026-03-01,6441,RS,Engenho Velho,Combo de Unidade Básica de Saúde (UBS) - 1 Equipamento,Saúde,Atenção Primária,Seleção 2025 - Combo de Equipamentos para UBS,Equipamento,Em execução,158000.0,0.0,2026,Federal,,Seleção,OGU,MS,2026-03-01,ENGENHO VELHO
2026-03-01,6447,RS,Entre Rios do Sul,Combo de Unidade Básica de Saúde (UBS) - 1 Equipamento,Saúde,Atenção Primária,Seleção 2025 - Combo de Equipamentos para UBS,Equipamento,Em execução,158000.0,0.0,2026,Federal,,Seleção,OGU,MS,2026-03-01,ENTRE RIOS DO SUL
2026-03-01,6449,RS,Entre-Ijuís,Combo de Unidade Básica de Saúde (UBS) - 1 Equipamento,Saúde,Atenção Primária,Seleção 2025 - Combo de Equipamentos para UBS,Equipamento,Em execução,158000.0,0.0,2026,Federal,,Seleção,OGU,MS,2026-03-01,ENTRE-IJUÍS
2026-03-01,6451,RS,Erebango,Combo de Unidade Básica de Saúde (UBS) - 1 Equipamento,Saúde,Atenção Primária,Seleção 2025 - Combo de Equipamentos para UBS,Equipamento,Em execução,158000.0,0.0,2026,Federal,,Seleção,OGU,MS,2026-03-01,EREBANGO
2026-03-01,6453,RS,Erechim,Combo de Unidade Básica de Saúde (UBS) - 1 Equipamento,Saúde,Atenção Primária,Seleção 2025 - Combo de Equipamentos para UBS,Equipamento,Em execução,158000.0,35.3,2026,Federal,,Seleção,OGU,MS,2026-03-01,ERECHIM
2026-03-01,6459,RS,Ernestina,Combo de Unidade Básica de Saúde (UBS) - 1 Equipamento,Saúde,Atenção Primária,Seleção 2025 - Combo de Equipamentos para UBS,Equipamento,Em execução,158000.0,0.0,2026,Federal,,Seleção,OGU,MS,2026-03-01,ERNESTINA
2026-03-01,6461,RS,Erval Grande,Combo de Unidade Básica de Saúde (UBS) - 1 Equipamento,Saúde,Atenção Primária,Seleção 2025 - Combo de Equipamentos para UBS,Equipamento,Em execução,158000.0,0.0,2026,Federal,,Seleção,OGU,MS,2026-03-01,ERVAL GRANDE
2026-03-01,6463,RS,Erval Seco,Combo de Unidade Básica de Saúde (UBS) - 1 Equipamento,Saúde,Atenção Primária,Seleção 2025 - Combo de Equipamentos para UBS,Equipamento,Em execução,158000.0,0.0,2026,Federal,,Seleção,OGU,MS,2026-03-01,ERVAL SECO
2026-03-01,6467,RS,Esperança do Sul,Combo de Unidade Básica de Saúde (UBS) - 1 Equipamento,Saúde,Atenção Primária,Seleção 2025 - Combo de Equipamentos para UBS,Equipamento,Em execução,158000.0,0.0,2026,Federal,,Seleção,OGU,MS,2026-03-01,ESPERANÇA DO SUL
2026-03-01,6479,RS,Espumoso,Combo de Unidade Básica de Saúde (UBS) - 1 Equipamento,Saúde,Atenção Primária,Seleção 2025 - Combo de Equipamentos para UBS,Equipamento,Em execução,158000.0,0.0,2026,Federal,,Seleção,OGU,MS,2026-03-01,ESPUMOSO
2026-03-01,6481,RS,Estação,Combo de Unidade Básica de Saúde (UBS) - 1 Equipamento,Saúde,Atenção Primária,Seleção 2025 - Combo de Equipamentos para UBS,Equipamento,Em execução,158000.0,0.0,2026,Federal,,Seleção,OGU,MS,2026-03-01,ESTAÇÃO
2026-03-01,6483,RS,Estância Velha,Combo de Unidade Básica de Saúde (UBS) - 1 Equipamento,Saúde,Atenção Primária,Seleção 2025 - Combo de Equipamentos para UBS,Equipamento,Em execução,158000.0,0.0,2026,Federal,,Seleção,OGU,MS,2026-03-01,ESTÂNCIA VELHA
2026-03-01,6487,RS,Estrela,Combo de Unidade Básica de Saúde (UBS) - 1 Equipamento,Saúde,Atenção Primária,Seleção 2025 - Combo de Equipamentos para UBS,Equipamento,Em execução,158000.0,0.0,2026,Federal,,Seleção,OGU,MS,2026-03-01,ESTRELA
2026-03-01,6499,RS,Estrela Velha,Combo de Unidade Básica de Saúde (UBS) - 1 Equipamento,Saúde,Atenção Primária,Seleção 2025 - Combo de Equipamentos para UBS,Equipamento,Em execução,158000.0,0.0,2026,Federal,,Seleção,OGU,MS,2026-03-01,ESTRELA VELHA
2026-03-01,6503,RS,Eugênio de Castro,Combo de Unidade Básica de Saúde (UBS) - 1 Equipamento,Saúde,Atenção Primária,Seleção 2025 - Combo de Equipamentos para UBS,Equipamento,Em execução,158000.0,17.65,2026,Federal,,Seleção,OGU,MS,2026-03-01,EUGÊNIO DE CASTRO
2026-03-01,6521,RS,Farroupilha,Combo de Unidade Básica de Saúde (UBS) - 1 Equipamento,Saúde,Atenção Primária,Seleção 2025 - Combo de Equipamentos para UBS,Equipamento,Em execução,158000.0,27.78,2026,Federal,,Seleção,OGU,MS,2026-03-01,FARROUPILHA
2026-03-01,6533,RS,Faxinal do Soturno,Combo de Unidade Básica de Saúde (UBS) - 1 Equipamento,Saúde,Atenção Primária,Seleção 2025 - Combo de Equipamentos para UBS,Equipamento,Em execução,158000.0,0.0,2026,Federal,,Seleção,OGU,MS,2026-03-01,FAXINAL DO SOTURNO
2026-03-01,6537,RS,Faxinalzinho,Combo de Unidade Básica de Saúde (UBS) - 1 Equipamento,Saúde,Atenção Primária,Seleção 2025 - Combo de Equipamentos para UBS,Equipamento,Em execução,158000.0,0.0,2026,Federal,,Seleção,OGU,MS,2026-03-01,FAXINALZINHO
2026-03-01,6541,RS,Fazenda Vilanova,Combo de Unidade Básica de Saúde (UBS) - 1 Equipamento,Saúde,Atenção Primária,Seleção 2025 - Combo de Equipamentos para UBS,Equipamento,Em execução,158000.0,0.0,2026,Federal,,Seleção,OGU,MS,2026-03-01,FAZENDA VILANOVA
2026-03-01,6555,RS,Feliz,Combo de Unidade Básica de Saúde (UBS) - 1 Equipamento,Saúde,Atenção Primária,Seleção 2025 - Combo de Equipamentos para UBS,Equipamento,Em execução,158000.0,17.65,2026,Federal,,Seleção,OGU,MS,2026-03-01,FELIZ
2026-03-01,6617,RS,Formigueiro,Combo de Unidade Básica de Saúde (UBS) - 1 Equipamento,Saúde,Atenção Primária,Seleção 2025 - Combo de Equipamentos para UBS,Equipamento,Em execução,158000.0,0.0,2026,Federal,,Seleção,OGU,MS,2026-03-01,FORMIGUEIRO
2026-03-01,6631,RS,Forquetinha,Combo de Unidade Básica de Saúde (UBS) - 1 Equipamento,Saúde,Atenção Primária,Seleção 2025 - Combo de Equipamentos para UBS,Equipamento,Em execução,158000.0,0.0,2026,Federal,,Seleção,OGU,MS,2026-03-01,FORQUETINHA
2026-03-01,6659,RS,Frederico Westphalen,Combo de Unidade Básica de Saúde (UBS) - 1 Equipamento,Saúde,Atenção Primária,Seleção 2025 - Combo de Equipamentos para UBS,Equipamento,Em execução,158000.0,5.89,2026,Federal,,Seleção,OGU,MS,2026-03-01,FREDERICO WESTPHALEN
2026-03-01,6697,RS,Garibaldi,Combo de Unidade Básica de Saúde (UBS) - 1 Equipamento,Saúde,Atenção Primária,Seleção 2025 - Combo de Equipamentos para UBS,Equipamento,Em execução,158000.0,17.65,2026,Federal,,Seleção,OGU,MS,2026-03-01,GARIBALDI
2026-03-01,6701,RS,Garruchos,Combo de Unidade Básica de Saúde (UBS) - 1 Equipamento,Saúde,Atenção Primária,Seleção 2025 - Combo de Equipamentos para UBS,Equipamento,Em execução,158000.0,0.0,2026,Federal,,Seleção,OGU,MS,2026-03-01,GARRUCHOS
2026-03-01,6711,RS,Gaurama,Combo de Unidade Básica de Saúde (UBS) - 1 Equipamento,Saúde,Atenção Primária,Seleção 2025 - Combo de Equipamentos para UBS,Equipamento,Em execução,158000.0,0.0,2026,Federal,,Seleção,OGU,MS,2026-03-01,GAURAMA
2026-03-01,6727,RS,Gentil,Combo de Unidade Básica de Saúde (UBS) - 1 Equipamento,Saúde,Atenção Primária,Seleção 2025 - Combo de Equipamentos para UBS,Equipamento,Em execução,158000.0,0.0,2026,Federal,,Seleção,OGU,MS,2026-03-01,GENTIL
2026-03-01,6731,RS,Getúlio Vargas,Combo de Unidade Básica de Saúde (UBS) - 1 Equipamento,Saúde,Atenção Primária,Seleção 2025 - Combo de Equipamentos para UBS,Equipamento,Em execução,158000.0,0.0,2026,Federal,,Seleção,OGU,MS,2026-03-01,GETÚLIO VARGAS
2026-03-01,6735,RS,Giruá,Combo de Unidade Básica de Saúde (UBS) - 1 Equipamento,Saúde,Atenção Primária,Seleção 2025 - Combo de Equipamentos para UBS,Equipamento,Em execução,158000.0,0.0,2026,Federal,,Seleção,OGU,MS,2026-03-01,GIRUÁ
2026-03-01,6743,RS,Glorinha,Combo de Unidade Básica de Saúde (UBS) - 1 Equipamento,Saúde,Atenção Primária,Seleção 2025 - Combo de Equipamentos para UBS,Equipamento,Em execução,158000.0,0.0,2026,Federal,,Seleção,OGU,MS,2026-03-01,GLORINHA
2026-03-01,6779,RS,Gramado,Combo de Unidade Básica de Saúde (UBS) - 1 Equipamento,Saúde,Atenção Primária,Seleção 2025 - Combo de Equipamentos para UBS,Equipamento,Em execução,158000.0,0.0,2026,Federal,,Seleção,OGU,MS,2026-03-01,GRAMADO
2026-03-01,6781,RS,Gramado dos Loureiros,Combo de Unidade Básica de Saúde (UBS) - 1 Equipamento,Saúde,Atenção Primária,Seleção 2025 - Combo de Equipamentos para UBS,Equipamento,Em execução,158000.0,17.65,2026,Federal,,Seleção,OGU,MS,2026-03-01,GRAMADO DOS LOUREIROS
2026-03-01,6783,RS,Gramado Xavier,Combo de Unidade Básica de Saúde (UBS) - 1 Equipamento,Saúde,Atenção Primária,Seleção 2025 - Combo de Equipamentos para UBS,Equipamento,Em execução,158000.0,0.0,2026,Federal,,Seleção,OGU,MS,2026-03-01,GRAMADO XAVIER
2026-03-01,37197,RS,Gramado Xavier,Unidade Odontológica Móvel (UOM) - 1 Veículo,Saúde,Atenção Primária,Seleção 2025 - Unidade Odontológica Móvel - UOM,Equipamento,Em execução,379890.0,0.0,2027,Federal,,Seleção,OGU,MS,2026-03-01,GRAMADO XAVIER
2026-03-01,11037,RS,Gravataí,Combo de Unidade Básica de Saúde (UBS) - 10 Equipamentos,Saúde,Atenção Primária,Seleção 2025 - Combo de Equipamentos para UBS,Equipamento,Em execução,1580000.0,31.12,2026,Federal,,Seleção,OGU,MS,2026-03-01,GRAVATAÍ
2026-03-01,6797,RS,Guabiju,Combo de Unidade Básica de Saúde (UBS) - 1 Equipamento,Saúde,Atenção Primária,Seleção 2025 - Combo de Equipamentos para UBS,Equipamento,Em execução,158000.0,0.0,2026,Federal,,Seleção,OGU,MS,2026-03-01,GUABIJU
2026-03-01,13245,RS,Guaíba,Combo de Unidade Básica de Saúde (UBS) - 3 Equipamentos,Saúde,Atenção Primária,Seleção 2025 - Combo de Equipamentos para UBS,Equipamento,Em execução,474000.0,13.73,2026,Federal,,Seleção,OGU,MS,2026-03-01,GUAÍBA
2026-03-01,6817,RS,Guaporé,Combo de Unidade Básica de Saúde (UBS) - 1 Equipamento,Saúde,Atenção Primária,Seleção 2025 - Combo de Equipamentos para UBS,Equipamento,Em execução,158000.0,5.89,2026,Federal,,Seleção,OGU,MS,2026-03-01,GUAPORÉ
2026-03-01,6845,RS,Guarani das Missões,Combo de Unidade Básica de Saúde (UBS) - 1 Equipamento,Saúde,Atenção Primária,Seleção 2025 - Combo de Equipamentos para UBS,Equipamento,Em execução,158000.0,0.0,2026,Federal,,Seleção,OGU,MS,2026-03-01,GUARANI DAS MISSÕES
2026-03-01,6897,RS,Harmonia,Combo de Unidade Básica de Saúde (UBS) - 1 Equipamento,Saúde,Atenção Primária,Seleção 2025 - Combo de Equipamentos para UBS,Equipamento,Em execução,158000.0,0.0,2026,Federal,,Seleção,OGU,MS,2026-03-01,HARMONIA
2026-03-01,6905,RS,Herval,Combo de Unidade Básica de Saúde (UBS) - 1 Equipamento,Saúde,Atenção Primária,Seleção 2025 - Combo de Equipamentos para UBS,Equipamento,Em execução,158000.0,0.0,2026,Federal,,Seleção,OGU,MS,2026-03-01,HERVAL
2026-03-01,6907,RS,Herveiras,Combo de Unidade Básica de Saúde (UBS) - 1 Equipamento,Saúde,Atenção Primária,Seleção 2025 - Combo de Equipamentos para UBS,Equipamento,Em execução,158000.0,0.0,2026,Federal,,Seleção,OGU,MS,2026-03-01,HERVEIRAS
2026-03-01,6917,RS,Horizontina,Combo de Unidade Básica de Saúde (UBS) - 1 Equipamento,Saúde,Atenção Primária,Seleção 2025 - Combo de Equipamentos para UBS,Equipamento,Em execução,158000.0,17.65,2026,Federal,,Seleção,OGU,MS,2026-03-01,HORIZONTINA
2026-03-01,6921,RS,Hulha Negra,Combo de Unidade Básica de Saúde (UBS) - 1 Equipamento,Saúde,Atenção Primária,Seleção 2025 - Combo de Equipamentos para UBS,Equipamento,Em execução,158000.0,0.0,2026,Federal,,Seleção,OGU,MS,2026-03-01,HULHA NEGRA
2026-03-01,37200,RS,Hulha Negra,Unidade Odontológica Móvel (UOM) - 1 Veículo,Saúde,Atenção Primária,Seleção 2025 - Unidade Odontológica Móvel - UOM,Equipamento,Em execução,379890.0,0.0,2027,Federal,,Seleção,OGU,MS,2026-03-01,HULHA NEGRA
2026-03-01,6923,RS,Humaitá,Combo de Unidade Básica de Saúde (UBS) - 1 Equipamento,Saúde,Atenção Primária,Seleção 2025 - Combo de Equipamentos para UBS,Equipamento,Em execução,158000.0,0.0,2026,Federal,,Seleção,OGU,MS,2026-03-01,HUMAITÁ
2026-03-01,6933,RS,Ibarama,Combo de Unidade Básica de Saúde (UBS) - 1 Equipamento,Saúde,Atenção Primária,Seleção 2025 - Combo de Equipamentos para UBS,Equipamento,Em execução,158000.0,0.0,2026,Federal,,Seleção,OGU,MS,2026-03-01,IBARAMA
2026-03-01,6945,RS,Ibiaçá,Combo de Unidade Básica de Saúde (UBS) - 1 Equipamento,Saúde,Atenção Primária,Seleção 2025 - Combo de Equipamentos para UBS,Equipamento,Em execução,158000.0,17.65,2026,Federal,,Seleção,OGU,MS,2026-03-01,IBIAÇÁ
2026-03-01,6963,RS,Ibiraiaras,Combo de Unidade Básica de Saúde (UBS) - 1 Equipamento,Saúde,Atenção Primária,Seleção 2025 - Combo de Equipamentos para UBS,Equipamento,Em execução,158000.0,0.0,2026,Federal,,Seleção,OGU,MS,2026-03-01,IBIRAIARAS
2026-03-01,6971,RS,Ibirapuitã,Combo de Unidade Básica de Saúde (UBS) - 1 Equipamento,Saúde,Atenção Primária,Seleção 2025 - Combo de Equipamentos para UBS,Equipamento,Em execução,158000.0,0.0,2026,Federal,,Seleção,OGU,MS,2026-03-01,IBIRAPUITÃ
2026-03-01,6975,RS,Ibirubá,Combo de Unidade Básica de Saúde (UBS) - 1 Equipamento,Saúde,Atenção Primária,Seleção 2025 - Combo de Equipamentos para UBS,Equipamento,Em execução,158000.0,0.0,2026,Federal,,Seleção,OGU,MS,2026-03-01,IBIRUBÁ
2026-03-01,6999,RS,Igrejinha,Combo de Unidade Básica de Saúde (UBS) - 1 Equipamento,Saúde,Atenção Primária,Seleção 2025 - Combo de Equipamentos para UBS,Equipamento,Em execução,158000.0,5.89,2026,Federal,,Seleção,OGU,MS,2026-03-01,IGREJINHA
2026-03-01,7013,RS,Ijuí,Combo de Unidade Básica de Saúde (UBS) - 1 Equipamento,Saúde,Atenção Primária,Seleção 2025 - Combo de Equipamentos para UBS,Equipamento,Em execução,158000.0,35.3,2026,Federal,,Seleção,OGU,MS,2026-03-01,IJUÍ
2026-03-01,7023,RS,Ilópolis,Combo de Unidade Básica de Saúde (UBS) - 1 Equipamento,Saúde,Atenção Primária,Seleção 2025 - Combo de Equipamentos para UBS,Equipamento,Em execução,158000.0,0.0,2026,Federal,,Seleção,OGU,MS,2026-03-01,ILÓPOLIS
2026-03-01,7031,RS,Imbé,Combo de Unidade Básica de Saúde (UBS) - 1 Equipamento,Saúde,Atenção Primária,Seleção 2025 - Combo de Equipamentos para UBS,Equipamento,Em execução,158000.0,5.89,2026,Federal,,Seleção,OGU,MS,2026-03-01,IMBÉ
2026-03-01,7041,RS,Imigrante,Combo de Unidade Básica de Saúde (UBS) - 1 Equipamento,Saúde,Atenção Primária,Seleção 2025 - Combo de Equipamentos para UBS,Equipamento,Em execução,158000.0,0.0,2026,Federal,,Seleção,OGU,MS,2026-03-01,IMIGRANTE
2026-03-01,7057,RS,Independência,Combo de Unidade Básica de Saúde (UBS) - 1 Equipamento,Saúde,Atenção Primária,Seleção 2025 - Combo de Equipamentos para UBS,Equipamento,Em execução,158000.0,0.0,2026,Federal,,Seleção,OGU,MS,2026-03-01,INDEPENDÊNCIA
2026-03-01,7070,RS,Inhacorá,Combo de Unidade Básica de Saúde (UBS) - 1 Equipamento,Saúde,Atenção Primária,Seleção 2025 - Combo de Equipamentos para UBS,Equipamento,Em execução,158000.0,0.0,2026,Federal,,Seleção,OGU,MS,2026-03-01,INHACORÁ
2026-03-01,7088,RS,Ipê,Combo de Unidade Básica de Saúde (UBS) - 1 Equipamento,Saúde,Atenção Primária,Seleção 2025 - Combo de Equipamentos para UBS,Equipamento,Em execução,158000.0,0.0,2026,Federal,,Seleção,OGU,MS,2026-03-01,IPÊ
2026-03-01,7108,RS,Ipiranga do Sul,Combo de Unidade Básica de Saúde (UBS) - 1 Equipamento,Saúde,Atenção Primária,Seleção 2025 - Combo de Equipamentos para UBS,Equipamento,Em execução,158000.0,0.0,2026,Federal,,Seleção,OGU,MS,2026-03-01,IPIRANGA DO SUL
2026-03-01,7136,RS,Iraí,Combo de Unidade Básica de Saúde (UBS) - 1 Equipamento,Saúde,Atenção Primária,Seleção 2025 - Combo de Equipamentos para UBS,Equipamento,Em execução,158000.0,0.0,2026,Federal,,Seleção,OGU,MS,2026-03-01,IRAÍ
2026-03-01,37204,RS,Iraí,Unidade Odontológica Móvel (UOM) - 1 Veículo,Saúde,Atenção Primária,Seleção 2025 - Unidade Odontológica Móvel - UOM,Equipamento,Em execução,379890.0,0.0,2027,Federal,,Seleção,OGU,MS,2026-03-01,IRAÍ
2026-03-01,7160,RS,Itaara,Combo de Unidade Básica de Saúde (UBS) - 1 Equipamento,Saúde,Atenção Primária,Seleção 2025 - Combo de Equipamentos para UBS,Equipamento,Em execução,158000.0,0.0,2026,Federal,,Seleção,OGU,MS,2026-03-01,ITAARA
2026-03-01,7182,RS,Itacurubi,Combo de Unidade Básica de Saúde (UBS) - 1 Equipamento,Saúde,Atenção Primária,Seleção 2025 - Combo de Equipamentos para UBS,Equipamento,Em execução,158000.0,0.0,2026,Federal,,Seleção,OGU,MS,2026-03-01,ITACURUBI
2026-03-01,7284,RS,Itaqui,Combo de Unidade Básica de Saúde (UBS) - 1 Equipamento,Saúde,Atenção Primária,Seleção 2025 - Combo de Equipamentos para UBS,Equipamento,Em execução,158000.0,0.0,2026,Federal,,Seleção,OGU,MS,2026-03-01,ITAQUI
2026-03-01,23403,RS,Itaqui,Retomada - Construção de Unidade Básica de Saúde - UBS,Saúde,Atenção Primária,Retomada de Obras - Saúde,Obra,Concluído,0.0,100.0,2023,Municipal,,Planejamento Setorial,OGU,MS,2026-03-01,ITAQUI
2026-03-01,23404,RS,Itaqui,Retomada - Construção de Unidade Básica de Saúde - UBS,Saúde,Atenção Primária,Retomada de Obras - Saúde,Obra,Concluído,0.0,100.0,2023,Municipal,,Planejamento Setorial,OGU,MS,2026-03-01,ITAQUI
2026-03-01,26124,RS,Itaqui,Unidade Odontológica Móvel - UOM,Saúde,Atenção Primária,Seleção 2023 - Unidades Odontológicas Móveis - UOMs,Equipamento,Concluído,379890.0,100.0,2026,Federal,,Seleção,OGU,MS,2026-03-01,ITAQUI
2026-03-01,7290,RS,Itati,Combo de Unidade Básica de Saúde (UBS) - 1 Equipamento,Saúde,Atenção Primária,Seleção 2025 - Combo de Equipamentos para UBS,Equipamento,Em execução,158000.0,0.0,2026,Federal,,Seleção,OGU,MS,2026-03-01,ITATI
2026-03-01,7294,RS,Itatiba do Sul,Combo de Unidade Básica de Saúde (UBS) - 1 Equipamento,Saúde,Atenção Primária,Seleção 2025 - Combo de Equipamentos para UBS,Equipamento,Em execução,158000.0,0.0,2026,Federal,,Seleção,OGU,MS,2026-03-01,ITATIBA DO SUL
2026-03-01,37210,RS,Itatiba do Sul,Unidade Odontológica Móvel (UOM) - 1 Veículo,Saúde,Atenção Primária,Seleção 2025 - Unidade Odontológica Móvel - UOM,Equipamento,Em execução,379890.0,0.0,2027,Federal,,Seleção,OGU,MS,2026-03-01,ITATIBA DO SUL
2026-03-01,7350,RS,Ivorá,Combo de Unidade Básica de Saúde (UBS) - 1 Equipamento,Saúde,Atenção Primária,Seleção 2025 - Combo de Equipamentos para UBS,Equipamento,Em execução,158000.0,0.0,2026,Federal,,Seleção,OGU,MS,2026-03-01,IVORÁ
2026-03-01,7352,RS,Ivoti,Combo de Unidade Básica de Saúde (UBS) - 1 Equipamento,Saúde,Atenção Primária,Seleção 2025 - Combo de Equipamentos para UBS,Equipamento,Em execução,158000.0,17.65,2026,Federal,,Seleção,OGU,MS,2026-03-01,IVOTI
2026-03-01,7362,RS,Jaboticaba,Combo de Unidade Básica de Saúde (UBS) - 1 Equipamento,Saúde,Atenção Primária,Seleção 2025 - Combo de Equipamentos para UBS,Equipamento,Em execução,158000.0,0.0,2026,Federal,,Seleção,OGU,MS,2026-03-01,JABOTICABA
2026-03-01,7380,RS,Jacuizinho,Combo de Unidade Básica de Saúde (UBS) - 1 Equipamento,Saúde,Atenção Primária,Seleção 2025 - Combo de Equipamentos para UBS,Equipamento,Em execução,158000.0,0.0,2026,Federal,,Seleção,OGU,MS,2026-03-01,JACUIZINHO
2026-03-01,7382,RS,Jacutinga,Combo de Unidade Básica de Saúde (UBS) - 1 Equipamento,Saúde,Atenção Primária,Seleção 2025 - Combo de Equipamentos para UBS,Equipamento,Em execução,158000.0,0.0,2026,Federal,,Seleção,OGU,MS,2026-03-01,JACUTINGA
2026-03-01,7390,RS,Jaguarão,Combo de Unidade Básica de Saúde (UBS) - 1 Equipamento,Saúde,Atenção Primária,Seleção 2025 - Combo de Equipamentos para UBS,Equipamento,Em execução,158000.0,0.0,2026,Federal,,Seleção,OGU,MS,2026-03-01,JAGUARÃO
2026-03-01,7394,RS,Jaguari,Combo de Unidade Básica de Saúde (UBS) - 1 Equipamento,Saúde,Atenção Primária,Seleção 2025 - Combo de Equipamentos para UBS,Equipamento,Em execução,158000.0,0.0,2026,Federal,,Seleção,OGU,MS,2026-03-01,JAGUARI
2026-03-01,38464,RS,Jaguari/RS,Unidade Básica de Saúde - UBS - I Jaíba/MG,Saúde,Atenção Primária,Seleção 2025 - Unidade Básica de Saúde - UBS,Obra,Em ação preparatória,1988000.0,0.0,2028,Municipal,,Seleção,OGU,MS,2026-03-01,JAGUARI/RS
2026-03-01,7434,RS,Jaquirana,Combo de Unidade Básica de Saúde (UBS) - 1 Equipamento,Saúde,Atenção Primária,Seleção 2025 - Combo de Equipamentos para UBS,Equipamento,Em execução,158000.0,0.0,2026,Federal,,Seleção,OGU,MS,2026-03-01,JAQUIRANA
2026-03-01,7522,RS,Jóia,Combo de Unidade Básica de Saúde (UBS) - 1 Equipamento,Saúde,Atenção Primária,Seleção 2025 - Combo de Equipamentos para UBS,Equipamento,Em execução,158000.0,0.0,2026,Federal,,Seleção,OGU,MS,2026-03-01,JÓIA
2026-03-01,7552,RS,Júlio de Castilhos,Combo de Unidade Básica de Saúde (UBS) - 1 Equipamento,Saúde,Atenção Primária,Seleção 2025 - Combo de Equipamentos para UBS,Equipamento,Em execução,158000.0,0.0,2026,Federal,,Seleção,OGU,MS,2026-03-01,JÚLIO DE CASTILHOS
2026-03-01,7606,RS,Lagoa Bonita do Sul,Combo de Unidade Básica de Saúde (UBS) - 1 Equipamento,Saúde,Atenção Primária,Seleção 2025 - Combo de Equipamentos para UBS,Equipamento,Em execução,158000.0,0.0,2026,Federal,,Seleção,OGU,MS,2026-03-01,LAGOA BONITA DO SUL
2026-03-01,7628,RS,Lagoa dos Três Cantos,Combo de Unidade Básica de Saúde (UBS) - 1 Equipamento,Saúde,Atenção Primária,Seleção 2025 - Combo de Equipamentos para UBS,Equipamento,Em execução,158000.0,0.0,2026,Federal,,Seleção,OGU,MS,2026-03-01,LAGOA DOS TRÊS CANTOS
2026-03-01,7642,RS,Lagoa Vermelha,Combo de Unidade Básica de Saúde (UBS) - 1 Equipamento,Saúde,Atenção Primária,Seleção 2025 - Combo de Equipamentos para UBS,Equipamento,Em execução,158000.0,0.0,2026,Federal,,Seleção,OGU,MS,2026-03-01,LAGOA VERMELHA
2026-03-01,7644,RS,Lagoão,Combo de Unidade Básica de Saúde (UBS) - 1 Equipamento,Saúde,Atenção Primária,Seleção 2025 - Combo de Equipamentos para UBS,Equipamento,Em execução,158000.0,0.0,2026,Federal,,Seleção,OGU,MS,2026-03-01,LAGOÃO
2026-03-01,7700,RS,Lavras do Sul,Combo de Unidade Básica de Saúde (UBS) - 1 Equipamento,Saúde,Atenção Primária,Seleção 2025 - Combo de Equipamentos para UBS,Equipamento,Em execução,158000.0,0.0,2026,Federal,,Seleção,OGU,MS,2026-03-01,LAVRAS DO SUL
2026-03-01,7734,RS,Lindolfo Collor,Combo de Unidade Básica de Saúde (UBS) - 1 Equipamento,Saúde,Atenção Primária,Seleção 2025 - Combo de Equipamentos para UBS,Equipamento,Em execução,158000.0,0.0,2026,Federal,,Seleção,OGU,MS,2026-03-01,LINDOLFO COLLOR
2026-03-01,7736,RS,Linha Nova,Combo de Unidade Básica de Saúde (UBS) - 1 Equipamento,Saúde,Atenção Primária,Seleção 2025 - Combo de Equipamentos para UBS,Equipamento,Em execução,158000.0,0.0,2026,Federal,,Seleção,OGU,MS,2026-03-01,LINHA NOVA
2026-03-01,7794,RS,Maçambará,Combo de Unidade Básica de Saúde (UBS) - 1 Equipamento,Saúde,Atenção Primária,Seleção 2025 - Combo de Equipamentos para UBS,Equipamento,Em execução,158000.0,0.0,2026,Federal,,Seleção,OGU,MS,2026-03-01,MAÇAMBARÁ
2026-03-01,7806,RS,Machadinho,Combo de Unidade Básica de Saúde (UBS) - 1 Equipamento,Saúde,Atenção Primária,Seleção 2025 - Combo de Equipamentos para UBS,Equipamento,Em execução,158000.0,0.0,2026,Federal,,Seleção,OGU,MS,2026-03-01,MACHADINHO
2026-03-01,7854,RS,Mampituba,Combo de Unidade Básica de Saúde (UBS) - 1 Equipamento,Saúde,Atenção Primária,Seleção 2025 - Combo de Equipamentos para UBS,Equipamento,Em execução,158000.0,0.0,2026,Federal,,Seleção,OGU,MS,2026-03-01,MAMPITUBA
2026-03-01,7876,RS,Maquiné,Combo de Unidade Básica de Saúde (UBS) - 1 Equipamento,Saúde,Atenção Primária,Seleção 2025 - Combo de Equipamentos para UBS,Equipamento,Em execução,158000.0,0.0,2026,Federal,,Seleção,OGU,MS,2026-03-01,MAQUINÉ
2026-03-01,7894,RS,Maratá,Combo de Unidade Básica de Saúde (UBS) - 1 Equipamento,Saúde,Atenção Primária,Seleção 2025 - Combo de Equipamentos para UBS,Equipamento,Em execução,158000.0,0.0,2026,Federal,,Seleção,OGU,MS,2026-03-01,MARATÁ
2026-03-01,7896,RS,Marau,Combo de Unidade Básica de Saúde (UBS) - 1 Equipamento,Saúde,Atenção Primária,Seleção 2025 - Combo de Equipamentos para UBS,Equipamento,Em execução,158000.0,0.0,2026,Federal,,Seleção,OGU,MS,2026-03-01,MARAU
2026-03-01,7906,RS,Marcelino Ramos,Combo de Unidade Básica de Saúde (UBS) - 1 Equipamento,Saúde,Atenção Primária,Seleção 2025 - Combo de Equipamentos para UBS,Equipamento,Em execução,158000.0,0.0,2026,Federal,,Seleção,OGU,MS,2026-03-01,MARCELINO RAMOS
2026-03-01,7926,RS,Mariana Pimentel,Combo de Unidade Básica de Saúde (UBS) - 1 Equipamento,Saúde,Atenção Primária,Seleção 2025 - Combo de Equipamentos para UBS,Equipamento,Em execução,158000.0,0.0,2026,Federal,,Seleção,OGU,MS,2026-03-01,MARIANA PIMENTEL
2026-03-01,7928,RS,Mariano Moro,Combo de Unidade Básica de Saúde (UBS) - 1 Equipamento,Saúde,Atenção Primária,Seleção 2025 - Combo de Equipamentos para UBS,Equipamento,Em execução,158000.0,0.0,2026,Federal,,Seleção,OGU,MS,2026-03-01,MARIANO MORO
2026-03-01,7953,RS,Marques de Souza,Combo de Unidade Básica de Saúde (UBS) - 1 Equipamento,Saúde,Atenção Primária,Seleção 2025 - Combo de Equipamentos para UBS,Equipamento,Em execução,158000.0,0.0,2026,Federal,,Seleção,OGU,MS,2026-03-01,MARQUES DE SOUZA
2026-03-01,7971,RS,Mata,Combo de Unidade Básica de Saúde (UBS) - 1 Equipamento,Saúde,Atenção Primária,Seleção 2025 - Combo de Equipamentos para UBS,Equipamento,Em execução,158000.0,0.0,2026,Federal,,Seleção,OGU,MS,2026-03-01,MATA
2026-03-01,7993,RS,Mato Castelhano,Combo de Unidade Básica de Saúde (UBS) - 1 Equipamento,Saúde,Atenção Primária,Seleção 2025 - Combo de Equipamentos para UBS,Equipamento,Em execução,158000.0,0.0,2026,Federal,,Seleção,OGU,MS,2026-03-01,MATO CASTELHANO
2026-03-01,7995,RS,Mato Leitão,Combo de Unidade Básica de Saúde (UBS) - 1 Equipamento,Saúde,Atenção Primária,Seleção 2025 - Combo de Equipamentos para UBS,Equipamento,Em execução,158000.0,0.0,2026,Federal,,Seleção,OGU,MS,2026-03-01,MATO LEITÃO
2026-03-01,7997,RS,Mato Queimado,Combo de Unidade Básica de Saúde (UBS) - 1 Equipamento,Saúde,Atenção Primária,Seleção 2025 - Combo de Equipamentos para UBS,Equipamento,Em execução,158000.0,0.0,2026,Federal,,Seleção,OGU,MS,2026-03-01,MATO QUEIMADO
2026-03-01,8017,RS,Maximiliano de Almeida,Combo de Unidade Básica de Saúde (UBS) - 1 Equipamento,Saúde,Atenção Primária,Seleção 2025 - Combo de Equipamentos para UBS,Equipamento,Em execução,158000.0,0.0,2026,Federal,,Seleção,OGU,MS,2026-03-01,MAXIMILIANO DE ALMEIDA
2026-03-01,37233,RS,Maximiliano de Almeida,Unidade Odontológica Móvel (UOM) - 1 Veículo,Saúde,Atenção Primária,Seleção 2025 - Unidade Odontológica Móvel - UOM,Equipamento,Em execução,379890.0,0.0,2027,Federal,,Seleção,OGU,MS,2026-03-01,MAXIMILIANO DE ALMEIDA
2026-03-01,8057,RS,Minas do Leão,Combo de Unidade Básica de Saúde (UBS) - 1 Equipamento,Saúde,Atenção Primária,Seleção 2025 - Combo de Equipamentos para UBS,Equipamento,Em execução,158000.0,0.0,2026,Federal,,Seleção,OGU,MS,2026-03-01,MINAS DO LEÃO
2026-03-01,8075,RS,Miraguaí,Combo de Unidade Básica de Saúde (UBS) - 1 Equipamento,Saúde,Atenção Primária,Seleção 2025 - Combo de Equipamentos para UBS,Equipamento,Em execução,158000.0,0.0,2026,Federal,,Seleção,OGU,MS,2026-03-01,MIRAGUAÍ
2026-03-01,8119,RS,Montauri,Combo de Unidade Básica de Saúde (UBS) - 1 Equipamento,Saúde,Atenção Primária,Seleção 2025 - Combo de Equipamentos para UBS,Equipamento,Em execução,158000.0,0.0,2026,Federal,,Seleção,OGU,MS,2026-03-01,MONTAURI
2026-03-01,8125,RS,Monte Alegre dos Campos,Combo de Unidade Básica de Saúde (UBS) - 1 Equipamento,Saúde,Atenção Primária,Seleção 2025 - Combo de Equipamentos para UBS,Equipamento,Em execução,158000.0,0.0,2026,Federal,,Seleção,OGU,MS,2026-03-01,MONTE ALEGRE DOS CAMPOS
2026-03-01,8133,RS,Monte Belo do Sul,Combo de Unidade Básica de Saúde (UBS) - 1 Equipamento,Saúde,Atenção Primária,Seleção 2025 - Combo de Equipamentos para UBS,Equipamento,Em execução,158000.0,0.0,2026,Federal,,Seleção,OGU,MS,2026-03-01,MONTE BELO DO SUL
2026-03-01,8153,RS,Montenegro,Combo de Unidade Básica de Saúde (UBS) - 1 Equipamento,Saúde,Atenção Primária,Seleção 2025 - Combo de Equipamentos para UBS,Equipamento,Em execução,158000.0,41.18,2026,Federal,,Seleção,OGU,MS,2026-03-01,MONTENEGRO
2026-03-01,8167,RS,Mormaço,Combo de Unidade Básica de Saúde (UBS) - 1 Equipamento,Saúde,Atenção Primária,Seleção 2025 - Combo de Equipamentos para UBS,Equipamento,Em execução,158000.0,0.0,2026,Federal,,Seleção,OGU,MS,2026-03-01,MORMAÇO
2026-03-01,8189,RS,Mostardas,Combo de Unidade Básica de Saúde (UBS) - 1 Equipamento,Saúde,Atenção Primária,Seleção 2025 - Combo de Equipamentos para UBS,Equipamento,Em execução,158000.0,0.0,2026,Federal,,Seleção,OGU,MS,2026-03-01,MOSTARDAS
2026-03-01,8197,RS,Muçum,Combo de Unidade Básica de Saúde (UBS) - 1 Equipamento,Saúde,Atenção Primária,Seleção 2025 - Combo de Equipamentos para UBS,Equipamento,Em execução,158000.0,0.0,2026,Federal,,Seleção,OGU,MS,2026-03-01,MUÇUM
2026-03-01,8201,RS,Muitos Capões,Combo de Unidade Básica de Saúde (UBS) - 1 Equipamento,Saúde,Atenção Primária,Seleção 2025 - Combo de Equipamentos para UBS,Equipamento,Em execução,158000.0,0.0,2026,Federal,,Seleção,OGU,MS,2026-03-01,MUITOS CAPÕES
2026-03-01,8203,RS,Muliterno,Combo de Unidade Básica de Saúde (UBS) - 1 Equipamento,Saúde,Atenção Primária,Seleção 2025 - Combo de Equipamentos para UBS,Equipamento,Em execução,158000.0,0.0,2026,Federal,,Seleção,OGU,MS,2026-03-01,MULITERNO
2026-03-01,12327,RS,Não-Me-Toque,Combo de Unidade Básica de Saúde (UBS) - 2 Equipamentos,Saúde,Atenção Primária,Seleção 2025 - Combo de Equipamentos para UBS,Equipamento,Em execução,316000.0,17.65,2026,Federal,,Seleção,OGU,MS,2026-03-01,NÃO-ME-TOQUE
2026-03-01,8279,RS,Nicolau Vergueiro,Combo de Unidade Básica de Saúde (UBS) - 1 Equipamento,Saúde,Atenção Primária,Seleção 2025 - Combo de Equipamentos para UBS,Equipamento,Em execução,158000.0,0.0,2026,Federal,,Seleção,OGU,MS,2026-03-01,NICOLAU VERGUEIRO
2026-03-01,8289,RS,Nonoai,Combo de Unidade Básica de Saúde (UBS) - 1 Equipamento,Saúde,Atenção Primária,Seleção 2025 - Combo de Equipamentos para UBS,Equipamento,Em execução,158000.0,0.0,2026,Federal,,Seleção,OGU,MS,2026-03-01,NONOAI
2026-03-01,8313,RS,Nova Araçá,Combo de Unidade Básica de Saúde (UBS) - 1 Equipamento,Saúde,Atenção Primária,Seleção 2025 - Combo de Equipamentos para UBS,Equipamento,Em execução,158000.0,17.65,2026,Federal,,Seleção,OGU,MS,2026-03-01,NOVA ARAÇÁ
2026-03-01,8321,RS,Nova Boa Vista,Combo de Unidade Básica de Saúde (UBS) - 1 Equipamento,Saúde,Atenção Primária,Seleção 2025 - Combo de Equipamentos para UBS,Equipamento,Em execução,158000.0,0.0,2026,Federal,,Seleção,OGU,MS,2026-03-01,NOVA BOA VISTA
2026-03-01,8323,RS,Nova Bréscia,Combo de Unidade Básica de Saúde (UBS) - 1 Equipamento,Saúde,Atenção Primária,Seleção 2025 - Combo de Equipamentos para UBS,Equipamento,Em execução,158000.0,0.0,2026,Federal,,Seleção,OGU,MS,2026-03-01,NOVA BRÉSCIA
2026-03-01,8329,RS,Nova Candelária,Combo de Unidade Básica de Saúde (UBS) - 1 Equipamento,Saúde,Atenção Primária,Seleção 2025 - Combo de Equipamentos para UBS,Equipamento,Em execução,158000.0,17.65,2026,Federal,,Seleção,OGU,MS,2026-03-01,NOVA CANDELÁRIA
2026-03-01,8347,RS,Nova Esperança do Sul,Combo de Unidade Básica de Saúde (UBS) - 1 Equipamento,Saúde,Atenção Primária,Seleção 2025 - Combo de Equipamentos para UBS,Equipamento,Em execução,158000.0,0.0,2026,Federal,,Seleção,OGU,MS,2026-03-01,NOVA ESPERANÇA DO SUL
2026-03-01,8363,RS,Nova Hartz,Combo de Unidade Básica de Saúde (UBS) - 1 Equipamento,Saúde,Atenção Primária,Seleção 2025 - Combo de Equipamentos para UBS,Equipamento,Em execução,158000.0,0.0,2026,Federal,,Seleção,OGU,MS,2026-03-01,NOVA HARTZ
2026-03-01,8399,RS,Nova Petrópolis,Combo de Unidade Básica de Saúde (UBS) - 1 Equipamento,Saúde,Atenção Primária,Seleção 2025 - Combo de Equipamentos para UBS,Equipamento,Em execução,158000.0,5.56,2026,Federal,,Seleção,OGU,MS,2026-03-01,NOVA PETRÓPOLIS
2026-03-01,8405,RS,Nova Prata,Combo de Unidade Básica de Saúde (UBS) - 1 Equipamento,Saúde,Atenção Primária,Seleção 2025 - Combo de Equipamentos para UBS,Equipamento,Em execução,158000.0,0.0,2026,Federal,,Seleção,OGU,MS,2026-03-01,NOVA PRATA
2026-03-01,8415,RS,Nova Roma do Sul,Combo de Unidade Básica de Saúde (UBS) - 1 Equipamento,Saúde,Atenção Primária,Seleção 2025 - Combo de Equipamentos para UBS,Equipamento,Em execução,158000.0,0.0,2026,Federal,,Seleção,OGU,MS,2026-03-01,NOVA ROMA DO SUL
2026-03-01,12365,RS,Nova Santa Rita,Combo de Unidade Básica de Saúde (UBS) - 2 Equipamentos,Saúde,Atenção Primária,Seleção 2025 - Combo de Equipamentos para UBS,Equipamento,Em execução,316000.0,0.0,2026,Federal,,Seleção,OGU,MS,2026-03-01,NOVA SANTA RITA
2026-03-01,36790,RS,Nova Santa Rita,Unidade Básica de Saúde (UBS),Saúde,Atenção Primária,Seleção 2025 - Unidade Básica de Saúde - UBS,Obra,Em ação preparatória,2056000.0,0.0,2026,Municipal,,Seleção,OGU,MS,2026-03-01,NOVA SANTA RITA
2026-03-01,8451,RS,Novo Barreiro,Combo de Unidade Básica de Saúde (UBS) - 1 Equipamento,Saúde,Atenção Primária,Seleção 2025 - Combo de Equipamentos para UBS,Equipamento,Em execução,158000.0,0.0,2026,Federal,,Seleção,OGU,MS,2026-03-01,NOVO BARREIRO
2026-03-01,8455,RS,Novo Cabrais,Combo de Unidade Básica de Saúde (UBS) - 1 Equipamento,Saúde,Atenção Primária,Seleção 2025 - Combo de Equipamentos para UBS,Equipamento,Em execução,158000.0,0.0,2026,Federal,,Seleção,OGU,MS,2026-03-01,NOVO CABRAIS
2026-03-01,8457,RS,Novo Hamburgo,Combo de Unidade Básica de Saúde (UBS) - 1 Equipamento,Saúde,Atenção Primária,Seleção 2025 - Combo de Equipamentos para UBS,Equipamento,Em execução,158000.0,11.77,2026,Federal,,Seleção,OGU,MS,2026-03-01,NOVO HAMBURGO
2026-03-01,8471,RS,Novo Machado,Combo de Unidade Básica de Saúde (UBS) - 1 Equipamento,Saúde,Atenção Primária,Seleção 2025 - Combo de Equipamentos para UBS,Equipamento,Em execução,158000.0,0.0,2026,Federal,,Seleção,OGU,MS,2026-03-01,NOVO MACHADO
2026-03-01,8487,RS,Novo Tiradentes,Combo de Unidade Básica de Saúde (UBS) - 1 Equipamento,Saúde,Atenção Primária,Seleção 2025 - Combo de Equipamentos para UBS,Equipamento,Em execução,158000.0,0.0,2026,Federal,,Seleção,OGU,MS,2026-03-01,NOVO TIRADENTES
2026-03-01,8489,RS,Novo Xingu,Combo de Unidade Básica de Saúde (UBS) - 1 Equipamento,Saúde,Atenção Primária,Seleção 2025 - Combo de Equipamentos para UBS,Equipamento,Em execução,158000.0,0.0,2026,Federal,,Seleção,OGU,MS,2026-03-01,NOVO XINGU
2026-03-01,8533,RS,Osório,Combo de Unidade Básica de Saúde (UBS) - 1 Equipamento,Saúde,Atenção Primária,Seleção 2025 - Combo de Equipamentos para UBS,Equipamento,Em execução,158000.0,0.0,2026,Federal,,Seleção,OGU,MS,2026-03-01,OSÓRIO
2026-03-01,8577,RS,Paim Filho,Combo de Unidade Básica de Saúde (UBS) - 1 Equipamento,Saúde,Atenção Primária,Seleção 2025 - Combo de Equipamentos para UBS,Equipamento,Em execução,158000.0,0.0,2026,Federal,,Seleção,OGU,MS,2026-03-01,PAIM FILHO
2026-03-01,8605,RS,Palmares do Sul,Combo de Unidade Básica de Saúde (UBS) - 1 Equipamento,Saúde,Atenção Primária,Seleção 2025 - Combo de Equipamentos para UBS,Equipamento,Em execução,158000.0,0.0,2026,Federal,,Seleção,OGU,MS,2026-03-01,PALMARES DO SUL
2026-03-01,13435,RS,Palmeira das Missões,Combo de Unidade Básica de Saúde (UBS) - 3 Equipamentos,Saúde,Atenção Primária,Seleção 2025 - Combo de Equipamentos para UBS,Equipamento,Em execução,474000.0,0.0,2026,Federal,,Seleção,OGU,MS,2026-03-01,PALMEIRA DAS MISSÕES
2026-03-01,8633,RS,Palmitinho,Combo de Unidade Básica de Saúde (UBS) - 1 Equipamento,Saúde,Atenção Primária,Seleção 2025 - Combo de Equipamentos para UBS,Equipamento,Em execução,158000.0,17.65,2026,Federal,,Seleção,OGU,MS,2026-03-01,PALMITINHO
2026-03-01,8641,RS,Panambi,Combo de Unidade Básica de Saúde (UBS) - 1 Equipamento,Saúde,Atenção Primária,Seleção 2025 - Combo de Equipamentos para UBS,Equipamento,Em execução,158000.0,5.89,2026,Federal,,Seleção,OGU,MS,2026-03-01,PANAMBI
2026-03-01,8645,RS,Pantano Grande,Combo de Unidade Básica de Saúde (UBS) - 1 Equipamento,Saúde,Atenção Primária,Seleção 2025 - Combo de Equipamentos para UBS,Equipamento,Em execução,158000.0,0.0,2026,Federal,,Seleção,OGU,MS,2026-03-01,PANTANO GRANDE
2026-03-01,37249,RS,Pantano Grande,Unidade Odontológica Móvel (UOM) - 1 Veículo,Saúde,Atenção Primária,Seleção 2025 - Unidade Odontológica Móvel - UOM,Equipamento,Em execução,379890.0,0.0,2027,Federal,,Seleção,OGU,MS,2026-03-01,PANTANO GRANDE
2026-03-01,8653,RS,Paraí,Combo de Unidade Básica de Saúde (UBS) - 1 Equipamento,Saúde,Atenção Primária,Seleção 2025 - Combo de Equipamentos para UBS,Equipamento,Em execução,158000.0,17.65,2026,Federal,,Seleção,OGU,MS,2026-03-01,PARAÍ
2026-03-01,8663,RS,Paraíso do Sul,Combo de Unidade Básica de Saúde (UBS) - 1 Equipamento,Saúde,Atenção Primária,Seleção 2025 - Combo de Equipamentos para UBS,Equipamento,Em execução,158000.0,0.0,2026,Federal,,Seleção,OGU,MS,2026-03-01,PARAÍSO DO SUL
2026-03-01,8695,RS,Pareci Novo,Combo de Unidade Básica de Saúde (UBS) - 1 Equipamento,Saúde,Atenção Primária,Seleção 2025 - Combo de Equipamentos para UBS,Equipamento,Em execução,158000.0,17.65,2026,Federal,,Seleção,OGU,MS,2026-03-01,PARECI NOVO
2026-03-01,8701,RS,Parobé,Combo de Unidade Básica de Saúde (UBS) - 1 Equipamento,Saúde,Atenção Primária,Seleção 2025 - Combo de Equipamentos para UBS,Equipamento,Em execução,158000.0,11.77,2026,Federal,,Seleção,OGU,MS,2026-03-01,PAROBÉ
2026-03-01,23396,RS,Parobé,Retomada - Construção de Unidade Básica de Saúde - UBS,Saúde,Atenção Primária,Retomada de Obras - Saúde,Obra,Concluído,102400.0,100.0,2025,Municipal,,Planejamento Setorial,OGU,MS,2026-03-01,PAROBÉ
2026-03-01,8705,RS,Passa Sete,Combo de Unidade Básica de Saúde (UBS) - 1 Equipamento,Saúde,Atenção Primária,Seleção 2025 - Combo de Equipamentos para UBS,Equipamento,Em execução,158000.0,0.0,2026,Federal,,Seleção,OGU,MS,2026-03-01,PASSA SETE
2026-03-01,8721,RS,Passo do Sobrado,Combo de Unidade Básica de Saúde (UBS) - 1 Equipamento,Saúde,Atenção Primária,Seleção 2025 - Combo de Equipamentos para UBS,Equipamento,Em execução,158000.0,0.0,2026,Federal,,Seleção,OGU,MS,2026-03-01,PASSO DO SOBRADO
2026-03-01,8761,RS,Paulo Bento,Combo de Unidade Básica de Saúde (UBS) - 1 Equipamento,Saúde,Atenção Primária,Seleção 2025 - Combo de Equipamentos para UBS,Equipamento,Em execução,158000.0,0.0,2026,Federal,,Seleção,OGU,MS,2026-03-01,PAULO BENTO
2026-03-01,8773,RS,Paverama,Combo de Unidade Básica de Saúde (UBS) - 1 Equipamento,Saúde,Atenção Primária,Seleção 2025 - Combo de Equipamentos para UBS,Equipamento,Em execução,158000.0,0.0,2026,Federal,,Seleção,OGU,MS,2026-03-01,PAVERAMA
2026-03-01,8802,RS,Pedras Altas,Combo de Unidade Básica de Saúde (UBS) - 1 Equipamento,Saúde,Atenção Primária,Seleção 2025 - Combo de Equipamentos para UBS,Equipamento,Em execução,158000.0,0.0,2026,Federal,,Seleção,OGU,MS,2026-03-01,PEDRAS ALTAS
2026-03-01,8824,RS,Pedro Osório,Combo de Unidade Básica de Saúde (UBS) - 1 Equipamento,Saúde,Atenção Primária,Seleção 2025 - Combo de Equipamentos para UBS,Equipamento,Em execução,158000.0,0.0,2026,Federal,,Seleção,OGU,MS,2026-03-01,PEDRO OSÓRIO
2026-03-01,8834,RS,Pejuçara,Combo de Unidade Básica de Saúde (UBS) - 1 Equipamento,Saúde,Atenção Primária,Seleção 2025 - Combo de Equipamentos para UBS,Equipamento,Em execução,158000.0,0.0,2026,Federal,,Seleção,OGU,MS,2026-03-01,PEJUÇARA
2026-03-01,11103,RS,Pelotas,Combo de Unidade Básica de Saúde (UBS) - 10 Equipamentos,Saúde,Atenção Primária,Seleção 2025 - Combo de Equipamentos para UBS,Equipamento,Em execução,1580000.0,22.78,2026,Federal,,Seleção,OGU,MS,2026-03-01,PELOTAS
2026-03-01,8916,RS,Pinhal,Combo de Unidade Básica de Saúde (UBS) - 1 Equipamento,Saúde,Atenção Primária,Seleção 2025 - Combo de Equipamentos para UBS,Equipamento,Em execução,158000.0,0.0,2026,Federal,,Seleção,OGU,MS,2026-03-01,PINHAL
2026-03-01,8918,RS,Pinhal da Serra,Combo de Unidade Básica de Saúde (UBS) - 1 Equipamento,Saúde,Atenção Primária,Seleção 2025 - Combo de Equipamentos para UBS,Equipamento,Em execução,158000.0,0.0,2026,Federal,,Seleção,OGU,MS,2026-03-01,PINHAL DA SERRA
2026-03-01,8930,RS,Pinheirinho do Vale,Combo de Unidade Básica de Saúde (UBS) - 1 Equipamento,Saúde,Atenção Primária,Seleção 2025 - Combo de Equipamentos para UBS,Equipamento,Em execução,158000.0,0.0,2026,Federal,,Seleção,OGU,MS,2026-03-01,PINHEIRINHO DO VALE
2026-03-01,12505,RS,Pinheiro Machado,Combo de Unidade Básica de Saúde (UBS) - 2 Equipamentos,Saúde,Atenção Primária,Seleção 2025 - Combo de Equipamentos para UBS,Equipamento,Em execução,316000.0,0.0,2026,Federal,,Seleção,OGU,MS,2026-03-01,PINHEIRO MACHADO
2026-03-01,8962,RS,Pirapó,Combo de Unidade Básica de Saúde (UBS) - 1 Equipamento,Saúde,Atenção Primária,Seleção 2025 - Combo de Equipamentos para UBS,Equipamento,Em execução,158000.0,0.0,2026,Federal,,Seleção,OGU,MS,2026-03-01,PIRAPÓ
2026-03-01,8970,RS,Piratini,Combo de Unidade Básica de Saúde (UBS) - 1 Equipamento,Saúde,Atenção Primária,Seleção 2025 - Combo de Equipamentos para UBS,Equipamento,Em execução,158000.0,0.0,2026,Federal,,Seleção,OGU,MS,2026-03-01,PIRATINI
2026-03-01,9000,RS,Planalto,Combo de Unidade Básica de Saúde (UBS) - 1 Equipamento,Saúde,Atenção Primária,Seleção 2025 - Combo de Equipamentos para UBS,Equipamento,Em execução,158000.0,0.0,2026,Federal,,Seleção,OGU,MS,2026-03-01,PLANALTO
2026-03-01,9014,RS,Poço das Antas,Combo de Unidade Básica de Saúde (UBS) - 1 Equipamento,Saúde,Atenção Primária,Seleção 2025 - Combo de Equipamentos para UBS,Equipamento,Em execução,158000.0,0.0,2026,Federal,,Seleção,OGU,MS,2026-03-01,POÇO DAS ANTAS
2026-03-01,9034,RS,Pontão,Combo de Unidade Básica de Saúde (UBS) - 1 Equipamento,Saúde,Atenção Primária,Seleção 2025 - Combo de Equipamentos para UBS,Equipamento,Em execução,158000.0,0.0,2026,Federal,,Seleção,OGU,MS,2026-03-01,PONTÃO
2026-03-01,9048,RS,Ponte Preta,Combo de Unidade Básica de Saúde (UBS) - 1 Equipamento,Saúde,Atenção Primária,Seleção 2025 - Combo de Equipamentos para UBS,Equipamento,Em execução,158000.0,0.0,2026,Federal,,Seleção,OGU,MS,2026-03-01,PONTE PRETA
2026-03-01,9074,RS,Portão,Combo de Unidade Básica de Saúde (UBS) - 1 Equipamento,Saúde,Atenção Primária,Seleção 2025 - Combo de Equipamentos para UBS,Equipamento,Em execução,158000.0,0.0,2026,Federal,,Seleção,OGU,MS,2026-03-01,PORTÃO
2026-03-01,11213,RS,Porto Alegre,Combo de Unidade Básica de Saúde (UBS) - 18 Equipamentos,Saúde,Atenção Primária,Seleção 2025 - Combo de Equipamentos para UBS,Equipamento,Em execução,2844000.0,38.89,2026,Federal,,Seleção,OGU,MS,2026-03-01,PORTO ALEGRE
2026-03-01,15212,RS,Porto Alegre,Construção de UBS Indígena - Lomba Kaingang,Saúde,Atenção Primária,Unidades Básicas de Saúde Indígena - UBSI,Obra,Em execução,506767.27,42.0,2027,Federal,,Planejamento Setorial,OGU,MS,2026-03-01,PORTO ALEGRE
2026-03-01,9102,RS,Porto Lucena,Combo de Unidade Básica de Saúde (UBS) - 1 Equipamento,Saúde,Atenção Primária,Seleção 2025 - Combo de Equipamentos para UBS,Equipamento,Em execução,158000.0,0.0,2026,Federal,,Seleção,OGU,MS,2026-03-01,PORTO LUCENA
2026-03-01,9104,RS,Porto Mauá,Combo de Unidade Básica de Saúde (UBS) - 1 Equipamento,Saúde,Atenção Primária,Seleção 2025 - Combo de Equipamentos para UBS,Equipamento,Em execução,158000.0,0.0,2026,Federal,,Seleção,OGU,MS,2026-03-01,PORTO MAUÁ
2026-03-01,9116,RS,Porto Vera Cruz,Combo de Unidade Básica de Saúde (UBS) - 1 Equipamento,Saúde,Atenção Primária,Seleção 2025 - Combo de Equipamentos para UBS,Equipamento,Em execução,158000.0,0.0,2026,Federal,,Seleção,OGU,MS,2026-03-01,PORTO VERA CRUZ
2026-03-01,9122,RS,Porto Xavier,Combo de Unidade Básica de Saúde (UBS) - 1 Equipamento,Saúde,Atenção Primária,Seleção 2025 - Combo de Equipamentos para UBS,Equipamento,Em execução,158000.0,0.0,2026,Federal,,Seleção,OGU,MS,2026-03-01,PORTO XAVIER
2026-03-01,9136,RS,Pouso Novo,Combo de Unidade Básica de Saúde (UBS) - 1 Equipamento,Saúde,Atenção Primária,Seleção 2025 - Combo de Equipamentos para UBS,Equipamento,Em execução,158000.0,0.0,2026,Federal,,Seleção,OGU,MS,2026-03-01,POUSO NOVO
2026-03-01,9192,RS,Progresso,Combo de Unidade Básica de Saúde (UBS) - 1 Equipamento,Saúde,Atenção Primária,Seleção 2025 - Combo de Equipamentos para UBS,Equipamento,Em execução,158000.0,0.0,2026,Federal,,Seleção,OGU,MS,2026-03-01,PROGRESSO
2026-03-01,9194,RS,Protásio Alves,Combo de Unidade Básica de Saúde (UBS) - 1 Equipamento,Saúde,Atenção Primária,Seleção 2025 - Combo de Equipamentos para UBS,Equipamento,Em execução,158000.0,0.0,2026,Federal,,Seleção,OGU,MS,2026-03-01,PROTÁSIO ALVES
2026-03-01,9202,RS,Putinga,Combo de Unidade Básica de Saúde (UBS) - 1 Equipamento,Saúde,Atenção Primária,Seleção 2025 - Combo de Equipamentos para UBS,Equipamento,Em execução,158000.0,0.0,2026,Federal,,Seleção,OGU,MS,2026-03-01,PUTINGA
2026-03-01,9206,RS,Quaraí,Combo de Unidade Básica de Saúde (UBS) - 1 Equipamento,Saúde,Atenção Primária,Seleção 2025 - Combo de Equipamentos para UBS,Equipamento,Em execução,158000.0,23.53,2026,Federal,,Seleção,OGU,MS,2026-03-01,QUARAÍ
2026-03-01,26061,RS,Quaraí,Unidade Odontológica Móvel - UOM,Saúde,Atenção Primária,Seleção 2023 - Unidades Odontológicas Móveis - UOMs,Equipamento,Concluído,379890.0,100.0,2026,Federal,,Seleção,OGU,MS,2026-03-01,QUARAÍ
2026-03-01,9218,RS,Quatro Irmãos,Combo de Unidade Básica de Saúde (UBS) - 1 Equipamento,Saúde,Atenção Primária,Seleção 2025 - Combo de Equipamentos para UBS,Equipamento,Em execução,158000.0,0.0,2026,Federal,,Seleção,OGU,MS,2026-03-01,QUATRO IRMÃOS
2026-03-01,9228,RS,Quevedos,Combo de Unidade Básica de Saúde (UBS) - 1 Equipamento,Saúde,Atenção Primária,Seleção 2025 - Combo de Equipamentos para UBS,Equipamento,Em execução,158000.0,0.0,2026,Federal,,Seleção,OGU,MS,2026-03-01,QUEVEDOS
2026-03-01,9236,RS,Quinze de Novembro,Combo de Unidade Básica de Saúde (UBS) - 1 Equipamento,Saúde,Atenção Primária,Seleção 2025 - Combo de Equipamentos para UBS,Equipamento,Em execução,158000.0,0.0,2026,Federal,,Seleção,OGU,MS,2026-03-01,QUINZE DE NOVEMBRO
2026-03-01,9268,RS,Redentora,Combo de Unidade Básica de Saúde (UBS) - 1 Equipamento,Saúde,Atenção Primária,Seleção 2025 - Combo de Equipamentos para UBS,Equipamento,Em execução,158000.0,0.0,2026,Federal,,Seleção,OGU,MS,2026-03-01,REDENTORA
2026-03-01,25963,RS,Redentora,Unidade Odontológica Móvel - UOM,Saúde,Atenção Primária,Seleção 2023 - Unidades Odontológicas Móveis - UOMs,Equipamento,Concluído,379890.0,100.0,2026,Federal,,Seleção,OGU,MS,2026-03-01,REDENTORA
2026-03-01,11115,RS,Rio Grande,Combo de Unidade Básica de Saúde (UBS) - 10 Equipamentos,Saúde,Atenção Primária,Seleção 2025 - Combo de Equipamentos para UBS,Equipamento,Em execução,1580000.0,26.67,2026,Federal,,Seleção,OGU,MS,2026-03-01,RIO GRANDE
2026-03-01,23401,RS,Rio Grande,Retomada - Construção de Unidade Básica de Saúde - UBS,Saúde,Atenção Primária,Retomada de Obras - Saúde,Obra,Concluído,0.0,100.0,2024,Municipal,,Planejamento Setorial,OGU,MS,2026-03-01,RIO GRANDE
2026-03-01,12645,RS,Rio Pardo,Combo de Unidade Básica de Saúde (UBS) - 2 Equipamentos,Saúde,Atenção Primária,Seleção 2025 - Combo de Equipamentos para UBS,Equipamento,Em execução,316000.0,17.65,2026,Federal,,Seleção,OGU,MS,2026-03-01,RIO PARDO
2026-03-01,37276,RS,Rio Pardo,Unidade Odontológica Móvel (UOM) - 1 Veículo,Saúde,Atenção Primária,Seleção 2025 - Unidade Odontológica Móvel - UOM,Equipamento,Em execução,379890.0,0.0,2027,Federal,,Seleção,OGU,MS,2026-03-01,RIO PARDO
2026-03-01,9406,RS,Riozinho,Combo de Unidade Básica de Saúde (UBS) - 1 Equipamento,Saúde,Atenção Primária,Seleção 2025 - Combo de Equipamentos para UBS,Equipamento,Em execução,158000.0,0.0,2026,Federal,,Seleção,OGU,MS,2026-03-01,RIOZINHO
2026-03-01,9410,RS,Roca Sales,Combo de Unidade Básica de Saúde (UBS) - 1 Equipamento,Saúde,Atenção Primária,Seleção 2025 - Combo de Equipamentos para UBS,Equipamento,Em execução,158000.0,0.0,2026,Federal,,Seleção,OGU,MS,2026-03-01,ROCA SALES
2026-03-01,9418,RS,Rodeio Bonito,Combo de Unidade Básica de Saúde (UBS) - 1 Equipamento,Saúde,Atenção Primária,Seleção 2025 - Combo de Equipamentos para UBS,Equipamento,Em execução,158000.0,0.0,2026,Federal,,Seleção,OGU,MS,2026-03-01,RODEIO BONITO
2026-03-01,9430,RS,Rolante,Combo de Unidade Básica de Saúde (UBS) - 1 Equipamento,Saúde,Atenção Primária,Seleção 2025 - Combo de Equipamentos para UBS,Equipamento,Em execução,158000.0,23.53,2026,Federal,,Seleção,OGU,MS,2026-03-01,ROLANTE
2026-03-01,9440,RS,Ronda Alta,Combo de Unidade Básica de Saúde (UBS) - 1 Equipamento,Saúde,Atenção Primária,Seleção 2025 - Combo de Equipamentos para UBS,Equipamento,Em execução,158000.0,0.0,2026,Federal,,Seleção,OGU,MS,2026-03-01,RONDA ALTA
2026-03-01,9442,RS,Rondinha,Combo de Unidade Básica de Saúde (UBS) - 1 Equipamento,Saúde,Atenção Primária,Seleção 2025 - Combo de Equipamentos para UBS,Equipamento,Em execução,158000.0,17.65,2026,Federal,,Seleção,OGU,MS,2026-03-01,RONDINHA
2026-03-01,9456,RS,Rosário do Sul,Combo de Unidade Básica de Saúde (UBS) - 1 Equipamento,Saúde,Atenção Primária,Seleção 2025 - Combo de Equipamentos para UBS,Equipamento,Em execução,158000.0,0.0,2026,Federal,,Seleção,OGU,MS,2026-03-01,ROSÁRIO DO SUL
2026-03-01,9478,RS,Sagrada Família,Combo de Unidade Básica de Saúde (UBS) - 1 Equipamento,Saúde,Atenção Primária,Seleção 2025 - Combo de Equipamentos para UBS,Equipamento,Em execução,158000.0,0.0,2026,Federal,,Seleção,OGU,MS,2026-03-01,SAGRADA FAMÍLIA
2026-03-01,9508,RS,Salto do Jacuí,Combo de Unidade Básica de Saúde (UBS) - 1 Equipamento,Saúde,Atenção Primária,Seleção 2025 - Combo de Equipamentos para UBS,Equipamento,Em execução,158000.0,0.0,2026,Federal,,Seleção,OGU,MS,2026-03-01,SALTO DO JACUÍ
2026-03-01,9516,RS,Salvador das Missões,Combo de Unidade Básica de Saúde (UBS) - 1 Equipamento,Saúde,Atenção Primária,Seleção 2025 - Combo de Equipamentos para UBS,Equipamento,Em execução,158000.0,0.0,2026,Federal,,Seleção,OGU,MS,2026-03-01,SALVADOR DAS MISSÕES
2026-03-01,9518,RS,Salvador do Sul,Combo de Unidade Básica de Saúde (UBS) - 1 Equipamento,Saúde,Atenção Primária,Seleção 2025 - Combo de Equipamentos para UBS,Equipamento,Em execução,158000.0,0.0,2026,Federal,,Seleção,OGU,MS,2026-03-01,SALVADOR DO SUL
2026-03-01,9540,RS,Santa Bárbara do Sul,Combo de Unidade Básica de Saúde (UBS) - 1 Equipamento,Saúde,Atenção Primária,Seleção 2025 - Combo de Equipamentos para UBS,Equipamento,Em execução,158000.0,0.0,2026,Federal,,Seleção,OGU,MS,2026-03-01,SANTA BÁRBARA DO SUL
2026-03-01,9550,RS,Santa Cecília do Sul,Combo de Unidade Básica de Saúde (UBS) - 1 Equipamento,Saúde,Atenção Primária,Seleção 2025 - Combo de Equipamentos para UBS,Equipamento,Em execução,158000.0,0.0,2026,Federal,,Seleção,OGU,MS,2026-03-01,SANTA CECÍLIA DO SUL
2026-03-01,9552,RS,Santa Clara do Sul,Combo de Unidade Básica de Saúde (UBS) - 1 Equipamento,Saúde,Atenção Primária,Seleção 2025 - Combo de Equipamentos para UBS,Equipamento,Em execução,158000.0,0.0,2026,Federal,,Seleção,OGU,MS,2026-03-01,SANTA CLARA DO SUL
2026-03-01,9580,RS,Santa Cruz do Sul,Combo de Unidade Básica de Saúde (UBS) - 1 Equipamento,Saúde,Atenção Primária,Seleção 2025 - Combo de Equipamentos para UBS,Equipamento,Em execução,158000.0,29.42,2026,Federal,,Seleção,OGU,MS,2026-03-01,SANTA CRUZ DO SUL
2026-03-01,9642,RS,Santa Margarida do Sul,Combo de Unidade Básica de Saúde (UBS) - 1 Equipamento,Saúde,Atenção Primária,Seleção 2025 - Combo de Equipamentos para UBS,Equipamento,Em execução,158000.0,0.0,2026,Federal,,Seleção,OGU,MS,2026-03-01,SANTA MARGARIDA DO SUL
2026-03-01,38494,RS,Santa Maria/RS,Unidade Básica de Saúde - UBS - V Embu-Guaçu/SP,Saúde,Atenção Primária,Seleção 2025 - Unidade Básica de Saúde - UBS,Obra,Em ação preparatória,4306000.0,0.0,2028,Municipal,,Seleção,OGU,MS,2026-03-01,SANTA MARIA/RS
2026-03-01,9684,RS,Santa Rosa,Combo de Unidade Básica de Saúde (UBS) - 1 Equipamento,Saúde,Atenção Primária,Seleção 2025 - Combo de Equipamentos para UBS,Equipamento,Em execução,158000.0,33.34,2026,Federal,,Seleção,OGU,MS,2026-03-01,SANTA ROSA
2026-03-01,9726,RS,Santa Vitória do Palmar,Combo de Unidade Básica de Saúde (UBS) - 1 Equipamento,Saúde,Atenção Primária,Seleção 2025 - Combo de Equipamentos para UBS,Equipamento,Em execução,158000.0,5.89,2026,Federal,,Seleção,OGU,MS,2026-03-01,SANTA VITÓRIA DO PALMAR
2026-03-01,9748,RS,Sant'Ana do Livramento,Combo de Unidade Básica de Saúde (UBS) - 1 Equipamento,Saúde,Atenção Primária,Seleção 2025 - Combo de Equipamentos para UBS,Equipamento,Em execução,158000.0,35.3,2026,Federal,,Seleção,OGU,MS,2026-03-01,SANT'ANA DO LIVRAMENTO
2026-03-01,26472,RS,Sant'Ana do Livramento,Unidade Odontológica Móvel - UOM,Saúde,Atenção Primária,Seleção 2023 - Unidades Odontológicas Móveis - UOMs,Equipamento,Concluído,379890.0,100.0,2026,Federal,,Seleção,OGU,MS,2026-03-01,SANT'ANA DO LIVRAMENTO
2026-03-01,9768,RS,Santiago,Combo de Unidade Básica de Saúde (UBS) - 1 Equipamento,Saúde,Atenção Primária,Seleção 2025 - Combo de Equipamentos para UBS,Equipamento,Em execução,158000.0,17.65,2026,Federal,,Seleção,OGU,MS,2026-03-01,SANTIAGO
2026-03-01,9784,RS,Santo Ângelo,Combo de Unidade Básica de Saúde (UBS) - 1 Equipamento,Saúde,Atenção Primária,Seleção 2025 - Combo de Equipamentos para UBS,Equipamento,Em execução,158000.0,11.77,2026,Federal,,Seleção,OGU,MS,2026-03-01,SANTO ÂNGELO
2026-03-01,9790,RS,Santo Antônio da Patrulha,Combo de Unidade Básica de Saúde (UBS) - 1 Equipamento,Saúde,Atenção Primária,Seleção 2025 - Combo de Equipamentos para UBS,Equipamento,Em execução,158000.0,5.89,2026,Federal,,Seleção,OGU,MS,2026-03-01,SANTO ANTÔNIO DA PATRULHA
2026-03-01,9794,RS,Santo Antônio das Missões,Combo de Unidade Básica de Saúde (UBS) - 1 Equipamento,Saúde,Atenção Primária,Seleção 2025 - Combo de Equipamentos para UBS,Equipamento,Em execução,158000.0,0.0,2026,Federal,,Seleção,OGU,MS,2026-03-01,SANTO ANTÔNIO DAS MISSÕES
2026-03-01,9814,RS,Santo Antônio do Palma,Combo de Unidade Básica de Saúde (UBS) - 1 Equipamento,Saúde,Atenção Primária,Seleção 2025 - Combo de Equipamentos para UBS,Equipamento,Em execução,158000.0,0.0,2026,Federal,,Seleção,OGU,MS,2026-03-01,SANTO ANTÔNIO DO PALMA
2026-03-01,9820,RS,Santo Antônio do Planalto,Combo de Unidade Básica de Saúde (UBS) - 1 Equipamento,Saúde,Atenção Primária,Seleção 2025 - Combo de Equipamentos para UBS,Equipamento,Em execução,158000.0,0.0,2026,Federal,,Seleção,OGU,MS,2026-03-01,SANTO ANTÔNIO DO PLANALTO
2026-03-01,9828,RS,Santo Augusto,Combo de Unidade Básica de Saúde (UBS) - 1 Equipamento,Saúde,Atenção Primária,Seleção 2025 - Combo de Equipamentos para UBS,Equipamento,Em execução,158000.0,0.0,2026,Federal,,Seleção,OGU,MS,2026-03-01,SANTO AUGUSTO
2026-03-01,9830,RS,Santo Cristo,Combo de Unidade Básica de Saúde (UBS) - 1 Equipamento,Saúde,Atenção Primária,Seleção 2025 - Combo de Equipamentos para UBS,Equipamento,Em execução,158000.0,0.0,2026,Federal,,Seleção,OGU,MS,2026-03-01,SANTO CRISTO
2026-03-01,9834,RS,Santo Expedito do Sul,Combo de Unidade Básica de Saúde (UBS) - 1 Equipamento,Saúde,Atenção Primária,Seleção 2025 - Combo de Equipamentos para UBS,Equipamento,Em execução,158000.0,0.0,2026,Federal,,Seleção,OGU,MS,2026-03-01,SANTO EXPEDITO DO SUL
2026-03-01,26393,RS,São Borja,Unidade Odontológica Móvel - UOM,Saúde,Atenção Primária,Seleção 2023 - Unidades Odontológicas Móveis - UOMs,Equipamento,Concluído,379890.0,100.0,2026,Federal,,Seleção,OGU,MS,2026-03-01,SÃO BORJA
2026-03-01,9896,RS,São Domingos do Sul,Combo de Unidade Básica de Saúde (UBS) - 1 Equipamento,Saúde,Atenção Primária,Seleção 2025 - Combo de Equipamentos para UBS,Equipamento,Em execução,158000.0,0.0,2026,Federal,,Seleção,OGU,MS,2026-03-01,SÃO DOMINGOS DO SUL
2026-03-01,12733,RS,São Francisco de Assis,Combo de Unidade Básica de Saúde (UBS) - 2 Equipamentos,Saúde,Atenção Primária,Seleção 2025 - Combo de Equipamentos para UBS,Equipamento,Em execução,316000.0,0.0,2026,Federal,,Seleção,OGU,MS,2026-03-01,SÃO FRANCISCO DE ASSIS
2026-03-01,9922,RS,São Francisco de Paula,Combo de Unidade Básica de Saúde (UBS) - 1 Equipamento,Saúde,Atenção Primária,Seleção 2025 - Combo de Equipamentos para UBS,Equipamento,Em execução,158000.0,5.89,2026,Federal,,Seleção,OGU,MS,2026-03-01,SÃO FRANCISCO DE PAULA
2026-03-01,9934,RS,São Gabriel,Combo de Unidade Básica de Saúde (UBS) - 1 Equipamento,Saúde,Atenção Primária,Seleção 2025 - Combo de Equipamentos para UBS,Equipamento,Em execução,158000.0,35.3,2026,Federal,,Seleção,OGU,MS,2026-03-01,SÃO GABRIEL
2026-03-01,26184,RS,São Gabriel,Unidade Odontológica Móvel - UOM,Saúde,Atenção Primária,Seleção 2023 - Unidades Odontológicas Móveis - UOMs,Equipamento,Concluído,379890.0,100.0,2026,Federal,,Seleção,OGU,MS,2026-03-01,SÃO GABRIEL
2026-03-01,12743,RS,São Jerônimo,Combo de Unidade Básica de Saúde (UBS) - 2 Equipamentos,Saúde,Atenção Primária,Seleção 2025 - Combo de Equipamentos para UBS,Equipamento,Em execução,316000.0,0.0,2026,Federal,,Seleção,OGU,MS,2026-03-01,SÃO JERÔNIMO
2026-03-01,10018,RS,São Jorge,Combo de Unidade Básica de Saúde (UBS) - 1 Equipamento,Saúde,Atenção Primária,Seleção 2025 - Combo de Equipamentos para UBS,Equipamento,Em execução,158000.0,0.0,2026,Federal,,Seleção,OGU,MS,2026-03-01,SÃO JORGE
2026-03-01,10038,RS,São José das Missões,Combo de Unidade Básica de Saúde (UBS) - 1 Equipamento,Saúde,Atenção Primária,Seleção 2025 - Combo de Equipamentos para UBS,Equipamento,Em execução,158000.0,0.0,2026,Federal,,Seleção,OGU,MS,2026-03-01,SÃO JOSÉ DAS MISSÕES
2026-03-01,10070,RS,São José do Hortêncio,Combo de Unidade Básica de Saúde (UBS) - 1 Equipamento,Saúde,Atenção Primária,Seleção 2025 - Combo de Equipamentos para UBS,Equipamento,Em execução,158000.0,0.0,2026,Federal,,Seleção,OGU,MS,2026-03-01,SÃO JOSÉ DO HORTÊNCIO
2026-03-01,10078,RS,São José do Ouro,Combo de Unidade Básica de Saúde (UBS) - 1 Equipamento,Saúde,Atenção Primária,Seleção 2025 - Combo de Equipamentos para UBS,Equipamento,Em execução,158000.0,0.0,2026,Federal,,Seleção,OGU,MS,2026-03-01,SÃO JOSÉ DO OURO
2026-03-01,10090,RS,São José do Sul,Combo de Unidade Básica de Saúde (UBS) - 1 Equipamento,Saúde,Atenção Primária,Seleção 2025 - Combo de Equipamentos para UBS,Equipamento,Em execução,158000.0,0.0,2026,Federal,,Seleção,OGU,MS,2026-03-01,SÃO JOSÉ DO SUL
2026-03-01,10106,RS,São Leopoldo,Combo de Unidade Básica de Saúde (UBS) - 1 Equipamento,Saúde,Atenção Primária,Seleção 2025 - Combo de Equipamentos para UBS,Equipamento,Em execução,158000.0,27.78,2026,Federal,,Seleção,OGU,MS,2026-03-01,SÃO LEOPOLDO
2026-03-01,14129,RS,São Lourenço do Sul,Combo de Unidade Básica de Saúde (UBS) - 4 Equipamentos,Saúde,Atenção Primária,Seleção 2025 - Combo de Equipamentos para UBS,Equipamento,Em execução,632000.0,0.0,2026,Federal,,Seleção,OGU,MS,2026-03-01,SÃO LOURENÇO DO SUL
2026-03-01,10128,RS,São Luiz Gonzaga,Combo de Unidade Básica de Saúde (UBS) - 1 Equipamento,Saúde,Atenção Primária,Seleção 2025 - Combo de Equipamentos para UBS,Equipamento,Em execução,158000.0,0.0,2026,Federal,,Seleção,OGU,MS,2026-03-01,SÃO LUIZ GONZAGA
2026-03-01,10136,RS,São Marcos,Combo de Unidade Básica de Saúde (UBS) - 1 Equipamento,Saúde,Atenção Primária,Seleção 2025 - Combo de Equipamentos para UBS,Equipamento,Em execução,158000.0,0.0,2026,Federal,,Seleção,OGU,MS,2026-03-01,SÃO MARCOS
2026-03-01,10138,RS,São Martinho,Combo de Unidade Básica de Saúde (UBS) - 1 Equipamento,Saúde,Atenção Primária,Seleção 2025 - Combo de Equipamentos para UBS,Equipamento,Em execução,158000.0,0.0,2026,Federal,,Seleção,OGU,MS,2026-03-01,SÃO MARTINHO
2026-03-01,10168,RS,São Nicolau,Combo de Unidade Básica de Saúde (UBS) - 1 Equipamento,Saúde,Atenção Primária,Seleção 2025 - Combo de Equipamentos para UBS,Equipamento,Em execução,158000.0,0.0,2026,Federal,,Seleção,OGU,MS,2026-03-01,SÃO NICOLAU
2026-03-01,10172,RS,São Paulo das Missões,Combo de Unidade Básica de Saúde (UBS) - 1 Equipamento,Saúde,Atenção Primária,Seleção 2025 - Combo de Equipamentos para UBS,Equipamento,Em execução,158000.0,0.0,2026,Federal,,Seleção,OGU,MS,2026-03-01,SÃO PAULO DAS MISSÕES
2026-03-01,10184,RS,São Pedro da Serra,Combo de Unidade Básica de Saúde (UBS) - 1 Equipamento,Saúde,Atenção Primária,Seleção 2025 - Combo de Equipamentos para UBS,Equipamento,Em execução,158000.0,0.0,2026,Federal,,Seleção,OGU,MS,2026-03-01,SÃO PEDRO DA SERRA
2026-03-01,10188,RS,São Pedro das Missões,Combo de Unidade Básica de Saúde (UBS) - 1 Equipamento,Saúde,Atenção Primária,Seleção 2025 - Combo de Equipamentos para UBS,Equipamento,Em execução,158000.0,0.0,2026,Federal,,Seleção,OGU,MS,2026-03-01,SÃO PEDRO DAS MISSÕES
2026-03-01,10192,RS,São Pedro do Butiá,Combo de Unidade Básica de Saúde (UBS) - 1 Equipamento,Saúde,Atenção Primária,Seleção 2025 - Combo de Equipamentos para UBS,Equipamento,Em execução,158000.0,0.0,2026,Federal,,Seleção,OGU,MS,2026-03-01,SÃO PEDRO DO BUTIÁ
2026-03-01,10200,RS,São Pedro do Sul,Combo de Unidade Básica de Saúde (UBS) - 1 Equipamento,Saúde,Atenção Primária,Seleção 2025 - Combo de Equipamentos para UBS,Equipamento,Em execução,158000.0,0.0,2026,Federal,,Seleção,OGU,MS,2026-03-01,SÃO PEDRO DO SUL
2026-03-01,10236,RS,São Sebastião do Caí,Combo de Unidade Básica de Saúde (UBS) - 1 Equipamento,Saúde,Atenção Primária,Seleção 2025 - Combo de Equipamentos para UBS,Equipamento,Em execução,158000.0,17.65,2026,Federal,,Seleção,OGU,MS,2026-03-01,SÃO SEBASTIÃO DO CAÍ
2026-03-01,10252,RS,São Sepé,Combo de Unidade Básica de Saúde (UBS) - 1 Equipamento,Saúde,Atenção Primária,Seleção 2025 - Combo de Equipamentos para UBS,Equipamento,Em execução,158000.0,17.65,2026,Federal,,Seleção,OGU,MS,2026-03-01,SÃO SEPÉ
2026-03-01,10264,RS,São Valentim,Combo de Unidade Básica de Saúde (UBS) - 1 Equipamento,Saúde,Atenção Primária,Seleção 2025 - Combo de Equipamentos para UBS,Equipamento,Em execução,158000.0,0.0,2026,Federal,,Seleção,OGU,MS,2026-03-01,SÃO VALENTIM
2026-03-01,10266,RS,São Valentim do Sul,Combo de Unidade Básica de Saúde (UBS) - 1 Equipamento,Saúde,Atenção Primária,Seleção 2025 - Combo de Equipamentos para UBS,Equipamento,Em execução,158000.0,0.0,2026,Federal,,Seleção,OGU,MS,2026-03-01,SÃO VALENTIM DO SUL
2026-03-01,10270,RS,São Valério do Sul,Combo de Unidade Básica de Saúde (UBS) - 1 Equipamento,Saúde,Atenção Primária,Seleção 2025 - Combo de Equipamentos para UBS,Equipamento,Em execução,158000.0,0.0,2026,Federal,,Seleção,OGU,MS,2026-03-01,SÃO VALÉRIO DO SUL
2026-03-01,10278,RS,São Vicente do Sul,Combo de Unidade Básica de Saúde (UBS) - 1 Equipamento,Saúde,Atenção Primária,Seleção 2025 - Combo de Equipamentos para UBS,Equipamento,Em execução,158000.0,0.0,2026,Federal,,Seleção,OGU,MS,2026-03-01,SÃO VICENTE DO SUL
2026-03-01,10282,RS,Sapiranga,Combo de Unidade Básica de Saúde (UBS) - 1 Equipamento,Saúde,Atenção Primária,Seleção 2025 - Combo de Equipamentos para UBS,Equipamento,Em execução,158000.0,29.42,2026,Federal,,Seleção,OGU,MS,2026-03-01,SAPIRANGA
2026-03-01,10288,RS,Sapucaia do Sul,Combo de Unidade Básica de Saúde (UBS) - 1 Equipamento,Saúde,Atenção Primária,Seleção 2025 - Combo de Equipamentos para UBS,Equipamento,Em execução,158000.0,16.67,2026,Federal,,Seleção,OGU,MS,2026-03-01,SAPUCAIA DO SUL
2026-03-01,10292,RS,Sarandi,Combo de Unidade Básica de Saúde (UBS) - 1 Equipamento,Saúde,Atenção Primária,Seleção 2025 - Combo de Equipamentos para UBS,Equipamento,Em execução,158000.0,23.53,2026,Federal,,Seleção,OGU,MS,2026-03-01,SARANDI
2026-03-01,10314,RS,Seberi,Combo de Unidade Básica de Saúde (UBS) - 1 Equipamento,Saúde,Atenção Primária,Seleção 2025 - Combo de Equipamentos para UBS,Equipamento,Em execução,158000.0,0.0,2026,Federal,,Seleção,OGU,MS,2026-03-01,SEBERI
2026-03-01,23402,RS,Seberi,Retomada - Construção de Unidade Básica de Saúde - UBS,Saúde,Atenção Primária,Retomada de Obras - Saúde,Obra,Concluído,0.0,100.0,2025,Municipal,,Planejamento Setorial,OGU,MS,2026-03-01,SEBERI
2026-03-01,10316,RS,Segredo,Combo de Unidade Básica de Saúde (UBS) - 1 Equipamento,Saúde,Atenção Primária,Seleção 2025 - Combo de Equipamentos para UBS,Equipamento,Em execução,158000.0,0.0,2026,Federal,,Seleção,OGU,MS,2026-03-01,SEGREDO
2026-03-01,37311,RS,Segredo,Unidade Odontológica Móvel (UOM) - 1 Veículo,Saúde,Atenção Primária,Seleção 2025 - Unidade Odontológica Móvel - UOM,Equipamento,Em execução,379890.0,0.0,2027,Federal,,Seleção,OGU,MS,2026-03-01,SEGREDO
2026-03-01,10318,RS,Selbach,Combo de Unidade Básica de Saúde (UBS) - 1 Equipamento,Saúde,Atenção Primária,Seleção 2025 - Combo de Equipamentos para UBS,Equipamento,Em execução,158000.0,0.0,2026,Federal,,Seleção,OGU,MS,2026-03-01,SELBACH
2026-03-01,10342,RS,Senador Salgado Filho,Combo de Unidade Básica de Saúde (UBS) - 1 Equipamento,Saúde,Atenção Primária,Seleção 2025 - Combo de Equipamentos para UBS,Equipamento,Em execução,158000.0,0.0,2026,Federal,,Seleção,OGU,MS,2026-03-01,SENADOR SALGADO FILHO
2026-03-01,10352,RS,Serafina Corrêa,Combo de Unidade Básica de Saúde (UBS) - 1 Equipamento,Saúde,Atenção Primária,Seleção 2025 - Combo de Equipamentos para UBS,Equipamento,Em execução,158000.0,0.0,2026,Federal,,Seleção,OGU,MS,2026-03-01,SERAFINA CORRÊA
2026-03-01,10358,RS,Sério,Combo de Unidade Básica de Saúde (UBS) - 1 Equipamento,Saúde,Atenção Primária,Seleção 2025 - Combo de Equipamentos para UBS,Equipamento,Em execução,158000.0,0.0,2026,Federal,,Seleção,OGU,MS,2026-03-01,SÉRIO
2026-03-01,10404,RS,Sertão Santana,Combo de Unidade Básica de Saúde (UBS) - 1 Equipamento,Saúde,Atenção Primária,Seleção 2025 - Combo de Equipamentos para UBS,Equipamento,Em execução,158000.0,0.0,2026,Federal,,Seleção,OGU,MS,2026-03-01,SERTÃO SANTANA
2026-03-01,10410,RS,Sete de Setembro,Combo de Unidade Básica de Saúde (UBS) - 1 Equipamento,Saúde,Atenção Primária,Seleção 2025 - Combo de Equipamentos para UBS,Equipamento,Em execução,158000.0,0.0,2026,Federal,,Seleção,OGU,MS,2026-03-01,SETE DE SETEMBRO
2026-03-01,10416,RS,Severiano de Almeida,Combo de Unidade Básica de Saúde (UBS) - 1 Equipamento,Saúde,Atenção Primária,Seleção 2025 - Combo de Equipamentos para UBS,Equipamento,Em execução,158000.0,0.0,2026,Federal,,Seleção,OGU,MS,2026-03-01,SEVERIANO DE ALMEIDA
2026-03-01,10426,RS,Silveira Martins,Combo de Unidade Básica de Saúde (UBS) - 1 Equipamento,Saúde,Atenção Primária,Seleção 2025 - Combo de Equipamentos para UBS,Equipamento,Em execução,158000.0,0.0,2026,Federal,,Seleção,OGU,MS,2026-03-01,SILVEIRA MARTINS
2026-03-01,10436,RS,Sinimbu,Combo de Unidade Básica de Saúde (UBS) - 1 Equipamento,Saúde,Atenção Primária,Seleção 2025 - Combo de Equipamentos para UBS,Equipamento,Em execução,158000.0,0.0,2026,Federal,,Seleção,OGU,MS,2026-03-01,SINIMBU
2026-03-01,10448,RS,Sobradinho,Combo de Unidade Básica de Saúde (UBS) - 1 Equipamento,Saúde,Atenção Primária,Seleção 2025 - Combo de Equipamentos para UBS,Equipamento,Em execução,158000.0,0.0,2026,Federal,,Seleção,OGU,MS,2026-03-01,SOBRADINHO
2026-03-01,10458,RS,Soledade,Combo de Unidade Básica de Saúde (UBS) - 1 Equipamento,Saúde,Atenção Primária,Seleção 2025 - Combo de Equipamentos para UBS,Equipamento,Em execução,158000.0,5.89,2026,Federal,,Seleção,OGU,MS,2026-03-01,SOLEDADE
2026-03-01,10481,RS,Tabaí,Combo de Unidade Básica de Saúde (UBS) - 1 Equipamento,Saúde,Atenção Primária,Seleção 2025 - Combo de Equipamentos para UBS,Equipamento,Em execução,158000.0,0.0,2026,Federal,,Seleção,OGU,MS,2026-03-01,TABAÍ
2026-03-01,37323,RS,Tabaí,Unidade Odontológica Móvel (UOM) - 1 Veículo,Saúde,Atenção Primária,Seleção 2025 - Unidade Odontológica Móvel - UOM,Equipamento,Em execução,379890.0,0.0,2027,Federal,,Seleção,OGU,MS,2026-03-01,TABAÍ
2026-03-01,10535,RS,Tapejara,Combo de Unidade Básica de Saúde (UBS) - 1 Equipamento,Saúde,Atenção Primária,Seleção 2025 - Combo de Equipamentos para UBS,Equipamento,Em execução,158000.0,0.0,2026,Federal,,Seleção,OGU,MS,2026-03-01,TAPEJARA
2026-03-01,10537,RS,Tapera,Combo de Unidade Básica de Saúde (UBS) - 1 Equipamento,Saúde,Atenção Primária,Seleção 2025 - Combo de Equipamentos para UBS,Equipamento,Em execução,158000.0,0.0,2026,Federal,,Seleção,OGU,MS,2026-03-01,TAPERA
2026-03-01,10539,RS,Tapes,Combo de Unidade Básica de Saúde (UBS) - 1 Equipamento,Saúde,Atenção Primária,Seleção 2025 - Combo de Equipamentos para UBS,Equipamento,Em execução,158000.0,0.0,2026,Federal,,Seleção,OGU,MS,2026-03-01,TAPES
2026-03-01,10551,RS,Taquara,Combo de Unidade Básica de Saúde (UBS) - 1 Equipamento,Saúde,Atenção Primária,Seleção 2025 - Combo de Equipamentos para UBS,Equipamento,Em execução,158000.0,35.3,2026,Federal,,Seleção,OGU,MS,2026-03-01,TAQUARA
2026-03-01,10559,RS,Taquari,Combo de Unidade Básica de Saúde (UBS) - 1 Equipamento,Saúde,Atenção Primária,Seleção 2025 - Combo de Equipamentos para UBS,Equipamento,Em execução,158000.0,17.65,2026,Federal,,Seleção,OGU,MS,2026-03-01,TAQUARI
2026-03-01,10577,RS,Tavares,Combo de Unidade Básica de Saúde (UBS) - 1 Equipamento,Saúde,Atenção Primária,Seleção 2025 - Combo de Equipamentos para UBS,Equipamento,Em execução,158000.0,0.0,2026,Federal,,Seleção,OGU,MS,2026-03-01,TAVARES
2026-03-01,12896,RS,Tenente Portela,Combo de Unidade Básica de Saúde (UBS) - 2 Equipamentos,Saúde,Atenção Primária,Seleção 2025 - Combo de Equipamentos para UBS,Equipamento,Em execução,316000.0,0.0,2026,Federal,,Seleção,OGU,MS,2026-03-01,TENENTE PORTELA
2026-03-01,10605,RS,Terra de Areia,Combo de Unidade Básica de Saúde (UBS) - 1 Equipamento,Saúde,Atenção Primária,Seleção 2025 - Combo de Equipamentos para UBS,Equipamento,Em execução,158000.0,0.0,2026,Federal,,Seleção,OGU,MS,2026-03-01,TERRA DE AREIA
2026-03-01,10617,RS,Teutônia,Combo de Unidade Básica de Saúde (UBS) - 1 Equipamento,Saúde,Atenção Primária,Seleção 2025 - Combo de Equipamentos para UBS,Equipamento,Em execução,158000.0,0.0,2026,Federal,,Seleção,OGU,MS,2026-03-01,TEUTÔNIA
2026-03-01,10637,RS,Tio Hugo,Combo de Unidade Básica de Saúde (UBS) - 1 Equipamento,Saúde,Atenção Primária,Seleção 2025 - Combo de Equipamentos para UBS,Equipamento,Em execução,158000.0,0.0,2026,Federal,,Seleção,OGU,MS,2026-03-01,TIO HUGO
2026-03-01,10639,RS,Tiradentes do Sul,Combo de Unidade Básica de Saúde (UBS) - 1 Equipamento,Saúde,Atenção Primária,Seleção 2025 - Combo de Equipamentos para UBS,Equipamento,Em execução,158000.0,0.0,2026,Federal,,Seleção,OGU,MS,2026-03-01,TIRADENTES DO SUL
2026-03-01,10655,RS,Toropi,Combo de Unidade Básica de Saúde (UBS) - 1 Equipamento,Saúde,Atenção Primária,Seleção 2025 - Combo de Equipamentos para UBS,Equipamento,Em execução,158000.0,0.0,2026,Federal,,Seleção,OGU,MS,2026-03-01,TOROPI
2026-03-01,10659,RS,Torres,Combo de Unidade Básica de Saúde (UBS) - 1 Equipamento,Saúde,Atenção Primária,Seleção 2025 - Combo de Equipamentos para UBS,Equipamento,Em execução,158000.0,17.65,2026,Federal,,Seleção,OGU,MS,2026-03-01,TORRES
2026-03-01,10667,RS,Travesseiro,Combo de Unidade Básica de Saúde (UBS) - 1 Equipamento,Saúde,Atenção Primária,Seleção 2025 - Combo de Equipamentos para UBS,Equipamento,Em execução,158000.0,0.0,2026,Federal,,Seleção,OGU,MS,2026-03-01,TRAVESSEIRO
2026-03-01,10671,RS,Três Arroios,Combo de Unidade Básica de Saúde (UBS) - 1 Equipamento,Saúde,Atenção Primária,Seleção 2025 - Combo de Equipamentos para UBS,Equipamento,Em execução,158000.0,0.0,2026,Federal,,Seleção,OGU,MS,2026-03-01,TRÊS ARROIOS
2026-03-01,10677,RS,Três Cachoeiras,Combo de Unidade Básica de Saúde (UBS) - 1 Equipamento,Saúde,Atenção Primária,Seleção 2025 - Combo de Equipamentos para UBS,Equipamento,Em execução,158000.0,0.0,2026,Federal,,Seleção,OGU,MS,2026-03-01,TRÊS CACHOEIRAS
2026-03-01,12922,RS,Três Coroas,Combo de Unidade Básica de Saúde (UBS) - 2 Equipamentos,Saúde,Atenção Primária,Seleção 2025 - Combo de Equipamentos para UBS,Equipamento,Em execução,316000.0,0.0,2026,Federal,,Seleção,OGU,MS,2026-03-01,TRÊS COROAS
2026-03-01,10681,RS,Três de Maio,Combo de Unidade Básica de Saúde (UBS) - 1 Equipamento,Saúde,Atenção Primária,Seleção 2025 - Combo de Equipamentos para UBS,Equipamento,Em execução,158000.0,17.65,2026,Federal,,Seleção,OGU,MS,2026-03-01,TRÊS DE MAIO
2026-03-01,10689,RS,Três Palmeiras,Combo de Unidade Básica de Saúde (UBS) - 1 Equipamento,Saúde,Atenção Primária,Seleção 2025 - Combo de Equipamentos para UBS,Equipamento,Em execução,158000.0,0.0,2026,Federal,,Seleção,OGU,MS,2026-03-01,TRÊS PALMEIRAS
2026-03-01,10691,RS,Três Passos,Combo de Unidade Básica de Saúde (UBS) - 1 Equipamento,Saúde,Atenção Primária,Seleção 2025 - Combo de Equipamentos para UBS,Equipamento,Em execução,158000.0,17.65,2026,Federal,,Seleção,OGU,MS,2026-03-01,TRÊS PASSOS
2026-03-01,10705,RS,Trindade do Sul,Combo de Unidade Básica de Saúde (UBS) - 1 Equipamento,Saúde,Atenção Primária,Seleção 2025 - Combo de Equipamentos para UBS,Equipamento,Em execução,158000.0,0.0,2026,Federal,,Seleção,OGU,MS,2026-03-01,TRINDADE DO SUL
2026-03-01,10709,RS,Triunfo,Combo de Unidade Básica de Saúde (UBS) - 1 Equipamento,Saúde,Atenção Primária,Seleção 2025 - Combo de Equipamentos para UBS,Equipamento,Em execução,158000.0,23.53,2026,Federal,,Seleção,OGU,MS,2026-03-01,TRIUNFO
2026-03-01,10725,RS,Tupanci do Sul,Combo de Unidade Básica de Saúde (UBS) - 1 Equipamento,Saúde,Atenção Primária,Seleção 2025 - Combo de Equipamentos para UBS,Equipamento,Em execução,158000.0,0.0,2026,Federal,,Seleção,OGU,MS,2026-03-01,TUPANCI DO SUL
2026-03-01,10727,RS,Tuparendi,Combo de Unidade Básica de Saúde (UBS) - 1 Equipamento,Saúde,Atenção Primária,Seleção 2025 - Combo de Equipamentos para UBS,Equipamento,Em execução,158000.0,0.0,2026,Federal,,Seleção,OGU,MS,2026-03-01,TUPARENDI
2026-03-01,10759,RS,Ubiretama,Combo de Unidade Básica de Saúde (UBS) - 1 Equipamento,Saúde,Atenção Primária,Seleção 2025 - Combo de Equipamentos para UBS,Equipamento,Em execução,158000.0,0.0,2026,Federal,,Seleção,OGU,MS,2026-03-01,UBIRETAMA
2026-03-01,10773,RS,União da Serra,Combo de Unidade Básica de Saúde (UBS) - 1 Equipamento,Saúde,Atenção Primária,Seleção 2025 - Combo de Equipamentos para UBS,Equipamento,Em execução,158000.0,0.0,2026,Federal,,Seleção,OGU,MS,2026-03-01,UNIÃO DA SERRA
2026-03-01,10815,RS,Vale Verde,Combo de Unidade Básica de Saúde (UBS) - 1 Equipamento,Saúde,Atenção Primária,Seleção 2025 - Combo de Equipamentos para UBS,Equipamento,Em execução,158000.0,0.0,2026,Federal,,Seleção,OGU,MS,2026-03-01,VALE VERDE
2026-03-01,10823,RS,Vanini,Combo de Unidade Básica de Saúde (UBS) - 1 Equipamento,Saúde,Atenção Primária,Seleção 2025 - Combo de Equipamentos para UBS,Equipamento,Em execução,158000.0,0.0,2026,Federal,,Seleção,OGU,MS,2026-03-01,VANINI
2026-03-01,10855,RS,Venâncio Aires,Combo de Unidade Básica de Saúde (UBS) - 1 Equipamento,Saúde,Atenção Primária,Seleção 2025 - Combo de Equipamentos para UBS,Equipamento,Em execução,158000.0,11.77,2026,Federal,,Seleção,OGU,MS,2026-03-01,VENÂNCIO AIRES
2026-03-01,10887,RS,Vespasiano Corrêa,Combo de Unidade Básica de Saúde (UBS) - 1 Equipamento,Saúde,Atenção Primária,Seleção 2025 - Combo de Equipamentos para UBS,Equipamento,Em execução,158000.0,0.0,2026,Federal,,Seleção,OGU,MS,2026-03-01,VESPASIANO CORRÊA
2026-03-01,10889,RS,Viadutos,Combo de Unidade Básica de Saúde (UBS) - 1 Equipamento,Saúde,Atenção Primária,Seleção 2025 - Combo de Equipamentos para UBS,Equipamento,Em execução,158000.0,0.0,2026,Federal,,Seleção,OGU,MS,2026-03-01,VIADUTOS
2026-03-01,11145,RS,Viamão,Combo de Unidade Básica de Saúde (UBS) - 10 Equipamentos,Saúde,Atenção Primária,Seleção 2025 - Combo de Equipamentos para UBS,Equipamento,Em execução,1580000.0,24.71,2026,Federal,,Seleção,OGU,MS,2026-03-01,VIAMÃO
2026-03-01,23398,RS,Viamão,Retomada - Construção de Unidade Básica de Saúde - UBS,Saúde,Atenção Primária,Retomada de Obras - Saúde,Obra,Concluído,160000.0,100.0,2025,Municipal,,Planejamento Setorial,OGU,MS,2026-03-01,VIAMÃO
2026-03-01,10893,RS,Vicente Dutra,Combo de Unidade Básica de Saúde (UBS) - 1 Equipamento,Saúde,Atenção Primária,Seleção 2025 - Combo de Equipamentos para UBS,Equipamento,Em execução,158000.0,0.0,2026,Federal,,Seleção,OGU,MS,2026-03-01,VICENTE DUTRA
2026-03-01,10901,RS,Victor Graeff,Combo de Unidade Básica de Saúde (UBS) - 1 Equipamento,Saúde,Atenção Primária,Seleção 2025 - Combo de Equipamentos para UBS,Equipamento,Em execução,158000.0,0.0,2026,Federal,,Seleção,OGU,MS,2026-03-01,VICTOR GRAEFF
2026-03-01,10915,RS,Vila Flores,Combo de Unidade Básica de Saúde (UBS) - 1 Equipamento,Saúde,Atenção Primária,Seleção 2025 - Combo de Equipamentos para UBS,Equipamento,Em execução,158000.0,0.0,2026,Federal,,Seleção,OGU,MS,2026-03-01,VILA FLORES
2026-03-01,10917,RS,Vila Lângaro,Combo de Unidade Básica de Saúde (UBS) - 1 Equipamento,Saúde,Atenção Primária,Seleção 2025 - Combo de Equipamentos para UBS,Equipamento,Em execução,158000.0,0.0,2026,Federal,,Seleção,OGU,MS,2026-03-01,VILA LÂNGARO
2026-03-01,10919,RS,Vila Maria,Combo de Unidade Básica de Saúde (UBS) - 1 Equipamento,Saúde,Atenção Primária,Seleção 2025 - Combo de Equipamentos para UBS,Equipamento,Em execução,158000.0,0.0,2026,Federal,,Seleção,OGU,MS,2026-03-01,VILA MARIA
2026-03-01,10923,RS,Vila Nova do Sul,Combo de Unidade Básica de Saúde (UBS) - 1 Equipamento,Saúde,Atenção Primária,Seleção 2025 - Combo de Equipamentos para UBS,Equipamento,Em execução,158000.0,0.0,2026,Federal,,Seleção,OGU,MS,2026-03-01,VILA NOVA DO SUL
2026-03-01,10945,RS,Vista Alegre,Combo de Unidade Básica de Saúde (UBS) - 1 Equipamento,Saúde,Atenção Primária,Seleção 2025 - Combo de Equipamentos para UBS,Equipamento,Em execução,158000.0,0.0,2026,Federal,,Seleção,OGU,MS,2026-03-01,VISTA ALEGRE
2026-03-01,10949,RS,Vista Alegre do Prata,Combo de Unidade Básica de Saúde (UBS) - 1 Equipamento,Saúde,Atenção Primária,Seleção 2025 - Combo de Equipamentos para UBS,Equipamento,Em execução,158000.0,0.0,2026,Federal,,Seleção,OGU,MS,2026-03-01,VISTA ALEGRE DO PRATA
2026-03-01,10957,RS,Vitória das Missões,Combo de Unidade Básica de Saúde (UBS) - 1 Equipamento,Saúde,Atenção Primária,Seleção 2025 - Combo de Equipamentos para UBS,Equipamento,Em execução,158000.0,0.0,2026,Federal,,Seleção,OGU,MS,2026-03-01,VITÓRIA DAS MISSÕES
2026-03-01,10971,RS,Westfália,Combo de Unidade Básica de Saúde (UBS) - 1 Equipamento,Saúde,Atenção Primária,Seleção 2025 - Combo de Equipamentos para UBS,Equipamento,Em execução,158000.0,0.0,2026,Federal,,Seleção,OGU,MS,2026-03-01,WESTFÁLIA
2026-03-01,16825,RS,Porto Alegre,Estruturação de Laboratório de Saúde Pública,Saúde,Preparação para Emergências Sanitárias,Equipamentos para Laboratórios de Saúde Pública,Equipamento,Em licitação / Leilão,5668694.0,84.0,2026,Estadual,,Planejamento Setorial,OGU,MS,2026-03-01,PORTO ALEGRE
2026-03-01,29088,RS,Aceguá,Kit de equipamentos para teleconsulta - 1 Equipamento,Saúde,Telessaúde,Seleção 2025 - Kit de equipamentos para Teleconsulta,Equipamento,Em licitação / Leilão,6138.51,0.0,2027,Federal,,Seleção,OGU,MS,2026-03-01,ACEGUÁ
2026-03-01,29120,RS,Água Santa,Kit de equipamentos para teleconsulta - 1 Equipamento,Saúde,Telessaúde,Seleção 2025 - Kit de equipamentos para Teleconsulta,Equipamento,Em licitação / Leilão,6138.51,0.0,2027,Federal,,Seleção,OGU,MS,2026-03-01,ÁGUA SANTA
2026-03-01,29136,RS,Agudo,Kit de equipamentos para teleconsulta - 1 Equipamento,Saúde,Telessaúde,Seleção 2025 - Kit de equipamentos para Teleconsulta,Equipamento,Em licitação / Leilão,6138.51,0.0,2027,Federal,,Seleção,OGU,MS,2026-03-01,AGUDO
2026-03-01,29145,RS,Ajuricaba,Kit de equipamentos para teleconsulta - 1 Equipamento,Saúde,Telessaúde,Seleção 2025 - Kit de equipamentos para Teleconsulta,Equipamento,Em licitação / Leilão,6138.51,0.0,2027,Federal,,Seleção,OGU,MS,2026-03-01,AJURICABA
2026-03-01,29154,RS,Alecrim,Kit de equipamentos para teleconsulta - 1 Equipamento,Saúde,Telessaúde,Seleção 2025 - Kit de equipamentos para Teleconsulta,Equipamento,Em licitação / Leilão,6138.51,0.0,2027,Federal,,Seleção,OGU,MS,2026-03-01,ALECRIM
2026-03-01,29158,RS,Alegria,Kit de equipamentos para teleconsulta - 1 Equipamento,Saúde,Telessaúde,Seleção 2025 - Kit de equipamentos para Teleconsulta,Equipamento,Em licitação / Leilão,6138.51,0.0,2027,Federal,,Seleção,OGU,MS,2026-03-01,ALEGRIA
2026-03-01,29191,RS,Alto Feliz,Kit de equipamentos para teleconsulta - 1 Equipamento,Saúde,Telessaúde,Seleção 2025 - Kit de equipamentos para Teleconsulta,Equipamento,Em licitação / Leilão,6138.51,0.0,2027,Federal,,Seleção,OGU,MS,2026-03-01,ALTO FELIZ
2026-03-01,29203,RS,Alvorada,Kit de equipamentos para teleconsulta - 1 Equipamento,Saúde,Telessaúde,Seleção 2025 - Kit de equipamentos para Teleconsulta,Equipamento,Em licitação / Leilão,6138.51,0.0,2027,Federal,,Seleção,OGU,MS,2026-03-01,ALVORADA
2026-03-01,250,RS,Ametista do Sul,Kit de equipamentos para teleconsulta - 1 Equipamento,Saúde,Telessaúde,Seleção 2025 - Kit de equipamentos para Teleconsulta,Equipamento,Concluído,6138.51,100.0,2026,Federal,,Seleção,OGU,MS,2026-03-01,AMETISTA DO SUL
2026-03-01,29237,RS,Anta Gorda,Kit de equipamentos para teleconsulta - 1 Equipamento,Saúde,Telessaúde,Seleção 2025 - Kit de equipamentos para Teleconsulta,Equipamento,Em licitação / Leilão,6138.51,0.0,2027,Federal,,Seleção,OGU,MS,2026-03-01,ANTA GORDA
2026-03-01,29242,RS,Antônio Prado,Kit de equipamentos para teleconsulta - 1 Equipamento,Saúde,Telessaúde,Seleção 2025 - Kit de equipamentos para Teleconsulta,Equipamento,Em licitação / Leilão,6138.51,0.0,2027,Federal,,Seleção,OGU,MS,2026-03-01,ANTÔNIO PRADO
2026-03-01,21052,RS,Araricá,Equipamentos multimídia para Teleconsulta,Saúde,Telessaúde,Equipamentos multimídia para Teleconsulta,Equipamento,Em licitação / Leilão,15000.0,0.0,2026,Municipal,,Planejamento Setorial,OGU,MS,2026-03-01,ARARICÁ
2026-03-01,29296,RS,Arroio do Meio,Kit de equipamentos para teleconsulta - 1 Equipamento,Saúde,Telessaúde,Seleção 2025 - Kit de equipamentos para Teleconsulta,Equipamento,Em licitação / Leilão,6138.51,0.0,2027,Federal,,Seleção,OGU,MS,2026-03-01,ARROIO DO MEIO
2026-03-01,29297,RS,Arroio do Padre,Kit de equipamentos para teleconsulta - 1 Equipamento,Saúde,Telessaúde,Seleção 2025 - Kit de equipamentos para Teleconsulta,Equipamento,Em licitação / Leilão,6138.51,0.0,2027,Federal,,Seleção,OGU,MS,2026-03-01,ARROIO DO PADRE
2026-03-01,29298,RS,Arroio do Tigre,Kit de equipamentos para teleconsulta - 1 Equipamento,Saúde,Telessaúde,Seleção 2025 - Kit de equipamentos para Teleconsulta,Equipamento,Em licitação / Leilão,6138.51,0.0,2027,Federal,,Seleção,OGU,MS,2026-03-01,ARROIO DO TIGRE
2026-03-01,29299,RS,Arroio dos Ratos,Kit de equipamentos para teleconsulta - 1 Equipamento,Saúde,Telessaúde,Seleção 2025 - Kit de equipamentos para Teleconsulta,Equipamento,Em licitação / Leilão,6138.51,0.0,2027,Federal,,Seleção,OGU,MS,2026-03-01,ARROIO DOS RATOS
2026-03-01,29300,RS,Arroio Grande,Kit de equipamentos para teleconsulta - 1 Equipamento,Saúde,Telessaúde,Seleção 2025 - Kit de equipamentos para Teleconsulta,Equipamento,Em licitação / Leilão,6138.51,0.0,2027,Federal,,Seleção,OGU,MS,2026-03-01,ARROIO GRANDE
2026-03-01,29303,RS,Arvorezinha,Kit de equipamentos para teleconsulta - 1 Equipamento,Saúde,Telessaúde,Seleção 2025 - Kit de equipamentos para Teleconsulta,Equipamento,Em licitação / Leilão,6138.51,0.0,2027,Federal,,Seleção,OGU,MS,2026-03-01,ARVOREZINHA
2026-03-01,29315,RS,Áurea,Kit de equipamentos para teleconsulta - 1 Equipamento,Saúde,Telessaúde,Seleção 2025 - Kit de equipamentos para Teleconsulta,Equipamento,Em licitação / Leilão,6138.51,0.0,2027,Federal,,Seleção,OGU,MS,2026-03-01,ÁUREA
2026-03-01,34402,RS,Bagé,Kit de equipamentos para teleconsulta - 11 Equipamentos,Saúde,Telessaúde,Seleção 2025 - Kit de equipamentos para Teleconsulta,Equipamento,Em licitação / Leilão,67523.61,0.0,2027,Federal,,Seleção,OGU,MS,2026-03-01,BAGÉ
2026-03-01,29333,RS,Balneário Pinhal,Kit de equipamentos para teleconsulta - 1 Equipamento,Saúde,Telessaúde,Seleção 2025 - Kit de equipamentos para Teleconsulta,Equipamento,Em licitação / Leilão,6138.51,0.0,2027,Federal,,Seleção,OGU,MS,2026-03-01,BALNEÁRIO PINHAL
2026-03-01,29360,RS,Barão do Triunfo,Kit de equipamentos para teleconsulta - 1 Equipamento,Saúde,Telessaúde,Seleção 2025 - Kit de equipamentos para Teleconsulta,Equipamento,Em licitação / Leilão,6138.51,0.0,2027,Federal,,Seleção,OGU,MS,2026-03-01,BARÃO DO TRIUNFO
2026-03-01,410,RS,Barra do Rio Azul,Kit de equipamentos para teleconsulta - 1 Equipamento,Saúde,Telessaúde,Seleção 2025 - Kit de equipamentos para Teleconsulta,Equipamento,Concluído,6138.51,100.0,2026,Federal,,Seleção,OGU,MS,2026-03-01,BARRA DO RIO AZUL
2026-03-01,29399,RS,Barra Funda,Kit de equipamentos para teleconsulta - 1 Equipamento,Saúde,Telessaúde,Seleção 2025 - Kit de equipamentos para Teleconsulta,Equipamento,Em licitação / Leilão,6138.51,0.0,2027,Federal,,Seleção,OGU,MS,2026-03-01,BARRA FUNDA
2026-03-01,29409,RS,Barracão,Kit de equipamentos para teleconsulta - 1 Equipamento,Saúde,Telessaúde,Seleção 2025 - Kit de equipamentos para Teleconsulta,Equipamento,Em licitação / Leilão,6138.51,0.0,2027,Federal,,Seleção,OGU,MS,2026-03-01,BARRACÃO
2026-03-01,29427,RS,Barros Cassal,Kit de equipamentos para teleconsulta - 1 Equipamento,Saúde,Telessaúde,Seleção 2025 - Kit de equipamentos para Teleconsulta,Equipamento,Em licitação / Leilão,6138.51,0.0,2027,Federal,,Seleção,OGU,MS,2026-03-01,BARROS CASSAL
2026-03-01,450,RS,Benjamin Constant do Sul,Kit de equipamentos para teleconsulta - 1 Equipamento,Saúde,Telessaúde,Seleção 2025 - Kit de equipamentos para Teleconsulta,Equipamento,Concluído,6138.51,100.0,2026,Federal,,Seleção,OGU,MS,2026-03-01,BENJAMIN CONSTANT DO SUL
2026-03-01,29529,RS,Boa Vista das Missões,Kit de equipamentos para teleconsulta - 1 Equipamento,Saúde,Telessaúde,Seleção 2025 - Kit de equipamentos para Teleconsulta,Equipamento,Em licitação / Leilão,6138.51,0.0,2027,Federal,,Seleção,OGU,MS,2026-03-01,BOA VISTA DAS MISSÕES
2026-03-01,29533,RS,Boa Vista do Incra,Kit de equipamentos para teleconsulta - 1 Equipamento,Saúde,Telessaúde,Seleção 2025 - Kit de equipamentos para Teleconsulta,Equipamento,Em licitação / Leilão,6138.51,0.0,2027,Federal,,Seleção,OGU,MS,2026-03-01,BOA VISTA DO INCRA
2026-03-01,29565,RS,Bom Jesus,Kit de equipamentos para teleconsulta - 1 Equipamento,Saúde,Telessaúde,Seleção 2025 - Kit de equipamentos para Teleconsulta,Equipamento,Em licitação / Leilão,6138.51,0.0,2027,Federal,,Seleção,OGU,MS,2026-03-01,BOM JESUS
2026-03-01,29584,RS,Bom Princípio,Kit de equipamentos para teleconsulta - 1 Equipamento,Saúde,Telessaúde,Seleção 2025 - Kit de equipamentos para Teleconsulta,Equipamento,Em licitação / Leilão,6138.51,0.0,2027,Federal,,Seleção,OGU,MS,2026-03-01,BOM PRINCÍPIO
2026-03-01,21054,RS,Boqueirão do Leão,Equipamentos multimídia para Teleconsulta,Saúde,Telessaúde,Equipamentos multimídia para Teleconsulta,Equipamento,Em licitação / Leilão,15000.0,0.0,2026,Municipal,,Planejamento Setorial,OGU,MS,2026-03-01,BOQUEIRÃO DO LEÃO
2026-03-01,506,RS,Bossoroca,Kit de equipamentos para teleconsulta - 1 Equipamento,Saúde,Telessaúde,Seleção 2025 - Kit de equipamentos para Teleconsulta,Equipamento,Concluído,6138.51,100.0,2026,Federal,,Seleção,OGU,MS,2026-03-01,BOSSOROCA
2026-03-01,510,RS,Braga,Kit de equipamentos para teleconsulta - 1 Equipamento,Saúde,Telessaúde,Seleção 2025 - Kit de equipamentos para Teleconsulta,Equipamento,Concluído,6138.51,100.0,2026,Federal,,Seleção,OGU,MS,2026-03-01,BRAGA
2026-03-01,29679,RS,Brochier,Kit de equipamentos para teleconsulta - 1 Equipamento,Saúde,Telessaúde,Seleção 2025 - Kit de equipamentos para Teleconsulta,Equipamento,Em licitação / Leilão,6138.51,0.0,2027,Federal,,Seleção,OGU,MS,2026-03-01,BROCHIER
2026-03-01,21056,RS,Butiá,Equipamentos multimídia para Teleconsulta,Saúde,Telessaúde,Equipamentos multimídia para Teleconsulta,Equipamento,Em licitação / Leilão,30000.0,0.0,2026,Municipal,,Planejamento Setorial,OGU,MS,2026-03-01,BUTIÁ
2026-03-01,21486,RS,Butiá,Equipamentos multimídia para Teleconsulta,Saúde,Telessaúde,Equipamentos multimídia para Teleconsulta,Equipamento,Em licitação / Leilão,6138.51,0.0,2026,Federal,,Planejamento Setorial,OGU,MS,2026-03-01,BUTIÁ
2026-03-01,29716,RS,Caçapava do Sul,Kit de equipamentos para teleconsulta - 1 Equipamento,Saúde,Telessaúde,Seleção 2025 - Kit de equipamentos para Teleconsulta,Equipamento,Em licitação / Leilão,6138.51,0.0,2027,Federal,,Seleção,OGU,MS,2026-03-01,CAÇAPAVA DO SUL
2026-03-01,29718,RS,Cacequi,Kit de equipamentos para teleconsulta - 1 Equipamento,Saúde,Telessaúde,Seleção 2025 - Kit de equipamentos para Teleconsulta,Equipamento,Em licitação / Leilão,6138.51,0.0,2027,Federal,,Seleção,OGU,MS,2026-03-01,CACEQUI
2026-03-01,21058,RS,Cachoeira do Sul,Equipamentos multimídia para Teleconsulta,Saúde,Telessaúde,Equipamentos multimídia para Teleconsulta,Equipamento,Em licitação / Leilão,15000.0,0.0,2026,Municipal,,Planejamento Setorial,OGU,MS,2026-03-01,CACHOEIRA DO SUL
2026-03-01,34810,RS,Cachoeira do Sul,Kit de equipamentos para teleconsulta - 7 Equipamentos,Saúde,Telessaúde,Seleção 2025 - Kit de equipamentos para Teleconsulta,Equipamento,Em licitação / Leilão,42969.57,0.0,2027,Federal,,Seleção,OGU,MS,2026-03-01,CACHOEIRA DO SUL
2026-03-01,29730,RS,Cachoeirinha,Kit de equipamentos para teleconsulta - 1 Equipamento,Saúde,Telessaúde,Seleção 2025 - Kit de equipamentos para Teleconsulta,Equipamento,Em licitação / Leilão,6138.51,0.0,2027,Federal,,Seleção,OGU,MS,2026-03-01,CACHOEIRINHA
2026-03-01,568,RS,Cacique Doble,Kit de equipamentos para teleconsulta - 1 Equipamento,Saúde,Telessaúde,Seleção 2025 - Kit de equipamentos para Teleconsulta,Equipamento,Concluído,6138.51,100.0,2026,Federal,,Seleção,OGU,MS,2026-03-01,CACIQUE DOBLE
2026-03-01,29744,RS,Caibaté,Kit de equipamentos para teleconsulta - 1 Equipamento,Saúde,Telessaúde,Seleção 2025 - Kit de equipamentos para Teleconsulta,Equipamento,Em licitação / Leilão,6138.51,0.0,2027,Federal,,Seleção,OGU,MS,2026-03-01,CAIBATÉ
2026-03-01,29745,RS,Caiçara,Kit de equipamentos para teleconsulta - 1 Equipamento,Saúde,Telessaúde,Seleção 2025 - Kit de equipamentos para Teleconsulta,Equipamento,Em licitação / Leilão,6138.51,0.0,2027,Federal,,Seleção,OGU,MS,2026-03-01,CAIÇARA
2026-03-01,29765,RS,Camaquã,Kit de equipamentos para teleconsulta - 1 Equipamento,Saúde,Telessaúde,Seleção 2025 - Kit de equipamentos para Teleconsulta,Equipamento,Em licitação / Leilão,6138.51,0.0,2027,Federal,,Seleção,OGU,MS,2026-03-01,CAMAQUÃ
2026-03-01,29766,RS,Camargo,Kit de equipamentos para teleconsulta - 1 Equipamento,Saúde,Telessaúde,Seleção 2025 - Kit de equipamentos para Teleconsulta,Equipamento,Em licitação / Leilão,6138.51,0.0,2027,Federal,,Seleção,OGU,MS,2026-03-01,CAMARGO
2026-03-01,29768,RS,Cambará do Sul,Kit de equipamentos para teleconsulta - 1 Equipamento,Saúde,Telessaúde,Seleção 2025 - Kit de equipamentos para Teleconsulta,Equipamento,Em licitação / Leilão,6138.51,0.0,2027,Federal,,Seleção,OGU,MS,2026-03-01,CAMBARÁ DO SUL
2026-03-01,29774,RS,Campestre da Serra,Kit de equipamentos para teleconsulta - 1 Equipamento,Saúde,Telessaúde,Seleção 2025 - Kit de equipamentos para Teleconsulta,Equipamento,Em licitação / Leilão,6138.51,0.0,2027,Federal,,Seleção,OGU,MS,2026-03-01,CAMPESTRE DA SERRA
2026-03-01,29776,RS,Campina das Missões,Kit de equipamentos para teleconsulta - 1 Equipamento,Saúde,Telessaúde,Seleção 2025 - Kit de equipamentos para Teleconsulta,Equipamento,Em licitação / Leilão,6138.51,0.0,2027,Federal,,Seleção,OGU,MS,2026-03-01,CAMPINA DAS MISSÕES
2026-03-01,29793,RS,Campos Borges,Kit de equipamentos para teleconsulta - 1 Equipamento,Saúde,Telessaúde,Seleção 2025 - Kit de equipamentos para Teleconsulta,Equipamento,Em licitação / Leilão,6138.51,0.0,2027,Federal,,Seleção,OGU,MS,2026-03-01,CAMPOS BORGES
2026-03-01,29806,RS,Candelária,Kit de equipamentos para teleconsulta - 1 Equipamento,Saúde,Telessaúde,Seleção 2025 - Kit de equipamentos para Teleconsulta,Equipamento,Em licitação / Leilão,6138.51,0.0,2027,Federal,,Seleção,OGU,MS,2026-03-01,CANDELÁRIA
2026-03-01,29807,RS,Cândido Godói,Kit de equipamentos para teleconsulta - 1 Equipamento,Saúde,Telessaúde,Seleção 2025 - Kit de equipamentos para Teleconsulta,Equipamento,Em licitação / Leilão,6138.51,0.0,2027,Federal,,Seleção,OGU,MS,2026-03-01,CÂNDIDO GODÓI
2026-03-01,29810,RS,Candiota,Kit de equipamentos para teleconsulta - 1 Equipamento,Saúde,Telessaúde,Seleção 2025 - Kit de equipamentos para Teleconsulta,Equipamento,Em licitação / Leilão,6138.51,0.0,2027,Federal,,Seleção,OGU,MS,2026-03-01,CANDIOTA
2026-03-01,29811,RS,Canela,Kit de equipamentos para teleconsulta - 1 Equipamento,Saúde,Telessaúde,Seleção 2025 - Kit de equipamentos para Teleconsulta,Equipamento,Em licitação / Leilão,6138.51,0.0,2027,Federal,,Seleção,OGU,MS,2026-03-01,CANELA
2026-03-01,29812,RS,Canguçu,Kit de equipamentos para teleconsulta - 1 Equipamento,Saúde,Telessaúde,Seleção 2025 - Kit de equipamentos para Teleconsulta,Equipamento,Em licitação / Leilão,6138.51,0.0,2027,Federal,,Seleção,OGU,MS,2026-03-01,CANGUÇU
2026-03-01,29815,RS,Canoas,Kit de equipamentos para teleconsulta - 1 Equipamento,Saúde,Telessaúde,Seleção 2025 - Kit de equipamentos para Teleconsulta,Equipamento,Em licitação / Leilão,6138.51,0.0,2027,Federal,,Seleção,OGU,MS,2026-03-01,CANOAS
2026-03-01,29819,RS,Canudos do Vale,Kit de equipamentos para teleconsulta - 1 Equipamento,Saúde,Telessaúde,Seleção 2025 - Kit de equipamentos para Teleconsulta,Equipamento,Em licitação / Leilão,6138.51,0.0,2027,Federal,,Seleção,OGU,MS,2026-03-01,CANUDOS DO VALE
2026-03-01,29824,RS,Capão da Canoa,Kit de equipamentos para teleconsulta - 1 Equipamento,Saúde,Telessaúde,Seleção 2025 - Kit de equipamentos para Teleconsulta,Equipamento,Em licitação / Leilão,6138.51,0.0,2027,Federal,,Seleção,OGU,MS,2026-03-01,CAPÃO DA CANOA
2026-03-01,29826,RS,Capão do Leão,Kit de equipamentos para teleconsulta - 1 Equipamento,Saúde,Telessaúde,Seleção 2025 - Kit de equipamentos para Teleconsulta,Equipamento,Em licitação / Leilão,6138.51,0.0,2027,Federal,,Seleção,OGU,MS,2026-03-01,CAPÃO DO LEÃO
2026-03-01,29831,RS,Capela de Santana,Kit de equipamentos para teleconsulta - 1 Equipamento,Saúde,Telessaúde,Seleção 2025 - Kit de equipamentos para Teleconsulta,Equipamento,Em licitação / Leilão,6138.51,0.0,2027,Federal,,Seleção,OGU,MS,2026-03-01,CAPELA DE SANTANA
2026-03-01,29846,RS,Capitão,Kit de equipamentos para teleconsulta - 1 Equipamento,Saúde,Telessaúde,Seleção 2025 - Kit de equipamentos para Teleconsulta,Equipamento,Em licitação / Leilão,6138.51,0.0,2027,Federal,,Seleção,OGU,MS,2026-03-01,CAPITÃO
2026-03-01,29859,RS,Caraá,Kit de equipamentos para teleconsulta - 1 Equipamento,Saúde,Telessaúde,Seleção 2025 - Kit de equipamentos para Teleconsulta,Equipamento,Em licitação / Leilão,6138.51,0.0,2027,Federal,,Seleção,OGU,MS,2026-03-01,CARAÁ
2026-03-01,29880,RS,Carazinho,Kit de equipamentos para teleconsulta - 1 Equipamento,Saúde,Telessaúde,Seleção 2025 - Kit de equipamentos para Teleconsulta,Equipamento,Em licitação / Leilão,6138.51,0.0,2027,Federal,,Seleção,OGU,MS,2026-03-01,CARAZINHO
2026-03-01,29915,RS,Casca,Kit de equipamentos para teleconsulta - 1 Equipamento,Saúde,Telessaúde,Seleção 2025 - Kit de equipamentos para Teleconsulta,Equipamento,Em licitação / Leilão,6138.51,0.0,2027,Federal,,Seleção,OGU,MS,2026-03-01,CASCA
2026-03-01,21060,RS,Caseiros,Equipamentos multimídia para Teleconsulta,Saúde,Telessaúde,Equipamentos multimídia para Teleconsulta,Equipamento,Em licitação / Leilão,15000.0,0.0,2026,Municipal,,Planejamento Setorial,OGU,MS,2026-03-01,CASEIROS
2026-03-01,29947,RS,Cerro Branco,Kit de equipamentos para teleconsulta - 1 Equipamento,Saúde,Telessaúde,Seleção 2025 - Kit de equipamentos para Teleconsulta,Equipamento,Em licitação / Leilão,6138.51,0.0,2027,Federal,,Seleção,OGU,MS,2026-03-01,CERRO BRANCO
2026-03-01,760,RS,Cerro Grande,Kit de equipamentos para teleconsulta - 1 Equipamento,Saúde,Telessaúde,Seleção 2025 - Kit de equipamentos para Teleconsulta,Equipamento,Concluído,6138.51,100.0,2026,Federal,,Seleção,OGU,MS,2026-03-01,CERRO GRANDE
2026-03-01,21488,RS,Cerro Grande do Sul,Equipamentos multimídia para Teleconsulta,Saúde,Telessaúde,Equipamentos multimídia para Teleconsulta,Equipamento,Em licitação / Leilão,6138.51,0.0,2026,Federal,,Planejamento Setorial,OGU,MS,2026-03-01,CERRO GRANDE DO SUL
2026-03-01,29972,RS,Charqueadas,Kit de equipamentos para teleconsulta - 1 Equipamento,Saúde,Telessaúde,Seleção 2025 - Kit de equipamentos para Teleconsulta,Equipamento,Em licitação / Leilão,6138.51,0.0,2027,Federal,,Seleção,OGU,MS,2026-03-01,CHARQUEADAS
2026-03-01,29974,RS,Charrua,Kit de equipamentos para teleconsulta - 1 Equipamento,Saúde,Telessaúde,Seleção 2025 - Kit de equipamentos para Teleconsulta,Equipamento,Em licitação / Leilão,6138.51,0.0,2027,Federal,,Seleção,OGU,MS,2026-03-01,CHARRUA
2026-03-01,29978,RS,Chiapetta,Kit de equipamentos para teleconsulta - 1 Equipamento,Saúde,Telessaúde,Seleção 2025 - Kit de equipamentos para Teleconsulta,Equipamento,Em licitação / Leilão,6138.51,0.0,2027,Federal,,Seleção,OGU,MS,2026-03-01,CHIAPETTA
2026-03-01,21490,RS,Chuí,Equipamentos multimídia para Teleconsulta,Saúde,Telessaúde,Equipamentos multimídia para Teleconsulta,Equipamento,Em licitação / Leilão,6138.51,0.0,2026,Federal,,Planejamento Setorial,OGU,MS,2026-03-01,CHUÍ
2026-03-01,21062,RS,Chuvisca,Equipamentos multimídia para Teleconsulta,Saúde,Telessaúde,Equipamentos multimídia para Teleconsulta,Equipamento,Em licitação / Leilão,15000.0,0.0,2026,Municipal,,Planejamento Setorial,OGU,MS,2026-03-01,CHUVISCA
2026-03-01,21492,RS,Chuvisca,Equipamentos multimídia para Teleconsulta,Saúde,Telessaúde,Equipamentos multimídia para Teleconsulta,Equipamento,Em licitação / Leilão,6138.51,0.0,2026,Federal,,Planejamento Setorial,OGU,MS,2026-03-01,CHUVISCA
2026-03-01,29991,RS,Cidreira,Kit de equipamentos para teleconsulta - 1 Equipamento,Saúde,Telessaúde,Seleção 2025 - Kit de equipamentos para Teleconsulta,Equipamento,Em licitação / Leilão,6138.51,0.0,2027,Federal,,Seleção,OGU,MS,2026-03-01,CIDREIRA
2026-03-01,784,RS,Ciríaco,Kit de equipamentos para teleconsulta - 1 Equipamento,Saúde,Telessaúde,Seleção 2025 - Kit de equipamentos para Teleconsulta,Equipamento,Concluído,6138.51,100.0,2026,Federal,,Seleção,OGU,MS,2026-03-01,CIRÍACO
2026-03-01,30020,RS,Colinas,Kit de equipamentos para teleconsulta - 1 Equipamento,Saúde,Telessaúde,Seleção 2025 - Kit de equipamentos para Teleconsulta,Equipamento,Em licitação / Leilão,6138.51,0.0,2027,Federal,,Seleção,OGU,MS,2026-03-01,COLINAS
2026-03-01,30024,RS,Colorado,Kit de equipamentos para teleconsulta - 1 Equipamento,Saúde,Telessaúde,Seleção 2025 - Kit de equipamentos para Teleconsulta,Equipamento,Em licitação / Leilão,6138.51,0.0,2027,Federal,,Seleção,OGU,MS,2026-03-01,COLORADO
2026-03-01,30043,RS,Condor,Kit de equipamentos para teleconsulta - 1 Equipamento,Saúde,Telessaúde,Seleção 2025 - Kit de equipamentos para Teleconsulta,Equipamento,Em licitação / Leilão,6138.51,0.0,2027,Federal,,Seleção,OGU,MS,2026-03-01,CONDOR
2026-03-01,832,RS,Constantina,Kit de equipamentos para teleconsulta - 2 Equipamentos,Saúde,Telessaúde,Seleção 2025 - Kit de equipamentos para Teleconsulta,Equipamento,Concluído,12277.02,100.0,2026,Federal,,Seleção,OGU,MS,2026-03-01,CONSTANTINA
2026-03-01,30052,RS,Coqueiro Baixo,Kit de equipamentos para teleconsulta - 1 Equipamento,Saúde,Telessaúde,Seleção 2025 - Kit de equipamentos para Teleconsulta,Equipamento,Em licitação / Leilão,6138.51,0.0,2027,Federal,,Seleção,OGU,MS,2026-03-01,COQUEIRO BAIXO
2026-03-01,21494,RS,Coronel Bicaco,Equipamentos multimídia para Teleconsulta,Saúde,Telessaúde,Equipamentos multimídia para Teleconsulta,Equipamento,Em licitação / Leilão,6138.51,0.0,2026,Federal,,Planejamento Setorial,OGU,MS,2026-03-01,CORONEL BICACO
2026-03-01,30068,RS,Coronel Pilar,Kit de equipamentos para teleconsulta - 1 Equipamento,Saúde,Telessaúde,Seleção 2025 - Kit de equipamentos para Teleconsulta,Equipamento,Em licitação / Leilão,6138.51,0.0,2027,Federal,,Seleção,OGU,MS,2026-03-01,CORONEL PILAR
2026-03-01,30081,RS,Cotiporã,Kit de equipamentos para teleconsulta - 1 Equipamento,Saúde,Telessaúde,Seleção 2025 - Kit de equipamentos para Teleconsulta,Equipamento,Em licitação / Leilão,6138.51,0.0,2027,Federal,,Seleção,OGU,MS,2026-03-01,COTIPORÃ
2026-03-01,30086,RS,Crissiumal,Kit de equipamentos para teleconsulta - 1 Equipamento,Saúde,Telessaúde,Seleção 2025 - Kit de equipamentos para Teleconsulta,Equipamento,Em licitação / Leilão,6138.51,0.0,2027,Federal,,Seleção,OGU,MS,2026-03-01,CRISSIUMAL
2026-03-01,882,RS,Cristal do Sul,Kit de equipamentos para teleconsulta - 1 Equipamento,Saúde,Telessaúde,Seleção 2025 - Kit de equipamentos para Teleconsulta,Equipamento,Concluído,6138.51,100.0,2026,Federal,,Seleção,OGU,MS,2026-03-01,CRISTAL DO SUL
2026-03-01,30095,RS,Cruz Alta,Kit de equipamentos para teleconsulta - 1 Equipamento,Saúde,Telessaúde,Seleção 2025 - Kit de equipamentos para Teleconsulta,Equipamento,Em licitação / Leilão,6138.51,0.0,2027,Federal,,Seleção,OGU,MS,2026-03-01,CRUZ ALTA
2026-03-01,30097,RS,Cruzaltense,Kit de equipamentos para teleconsulta - 1 Equipamento,Saúde,Telessaúde,Seleção 2025 - Kit de equipamentos para Teleconsulta,Equipamento,Em licitação / Leilão,6138.51,0.0,2027,Federal,,Seleção,OGU,MS,2026-03-01,CRUZALTENSE
2026-03-01,30101,RS,Cruzeiro do Sul,Kit de equipamentos para teleconsulta - 1 Equipamento,Saúde,Telessaúde,Seleção 2025 - Kit de equipamentos para Teleconsulta,Equipamento,Em licitação / Leilão,6138.51,0.0,2027,Federal,,Seleção,OGU,MS,2026-03-01,CRUZEIRO DO SUL
2026-03-01,30123,RS,David Canabarro,Kit de equipamentos para teleconsulta - 1 Equipamento,Saúde,Telessaúde,Seleção 2025 - Kit de equipamentos para Teleconsulta,Equipamento,Em licitação / Leilão,6138.51,0.0,2027,Federal,,Seleção,OGU,MS,2026-03-01,DAVID CANABARRO
2026-03-01,922,RS,Derrubadas,Kit de equipamentos para teleconsulta - 1 Equipamento,Saúde,Telessaúde,Seleção 2025 - Kit de equipamentos para Teleconsulta,Equipamento,Concluído,6138.51,100.0,2026,Federal,,Seleção,OGU,MS,2026-03-01,DERRUBADAS
2026-03-01,30138,RS,Dezesseis de Novembro,Kit de equipamentos para teleconsulta - 1 Equipamento,Saúde,Telessaúde,Seleção 2025 - Kit de equipamentos para Teleconsulta,Equipamento,Em licitação / Leilão,6138.51,0.0,2027,Federal,,Seleção,OGU,MS,2026-03-01,DEZESSEIS DE NOVEMBRO
2026-03-01,30171,RS,Dois Irmãos,Kit de equipamentos para teleconsulta - 1 Equipamento,Saúde,Telessaúde,Seleção 2025 - Kit de equipamentos para Teleconsulta,Equipamento,Em licitação / Leilão,6138.51,0.0,2027,Federal,,Seleção,OGU,MS,2026-03-01,DOIS IRMÃOS
2026-03-01,942,RS,Dois Irmãos das Missões,Kit de equipamentos para teleconsulta - 1 Equipamento,Saúde,Telessaúde,Seleção 2025 - Kit de equipamentos para Teleconsulta,Equipamento,Concluído,6138.51,100.0,2026,Federal,,Seleção,OGU,MS,2026-03-01,DOIS IRMÃOS DAS MISSÕES
2026-03-01,30187,RS,Dom Feliciano,Kit de equipamentos para teleconsulta - 1 Equipamento,Saúde,Telessaúde,Seleção 2025 - Kit de equipamentos para Teleconsulta,Equipamento,Em licitação / Leilão,6138.51,0.0,2027,Federal,,Seleção,OGU,MS,2026-03-01,DOM FELICIANO
2026-03-01,30204,RS,Dona Francisca,Kit de equipamentos para teleconsulta - 1 Equipamento,Saúde,Telessaúde,Seleção 2025 - Kit de equipamentos para Teleconsulta,Equipamento,Em licitação / Leilão,6138.51,0.0,2027,Federal,,Seleção,OGU,MS,2026-03-01,DONA FRANCISCA
2026-03-01,954,RS,Doutor Ricardo,Kit de equipamentos para teleconsulta - 1 Equipamento,Saúde,Telessaúde,Seleção 2025 - Kit de equipamentos para Teleconsulta,Equipamento,Concluído,6138.51,100.0,2026,Federal,,Seleção,OGU,MS,2026-03-01,DOUTOR RICARDO
2026-03-01,30248,RS,Eldorado do Sul,Kit de equipamentos para teleconsulta - 1 Equipamento,Saúde,Telessaúde,Seleção 2025 - Kit de equipamentos para Teleconsulta,Equipamento,Em licitação / Leilão,6138.51,0.0,2027,Federal,,Seleção,OGU,MS,2026-03-01,ELDORADO DO SUL
2026-03-01,30270,RS,Encantado,Kit de equipamentos para teleconsulta - 1 Equipamento,Saúde,Telessaúde,Seleção 2025 - Kit de equipamentos para Teleconsulta,Equipamento,Em licitação / Leilão,6138.51,0.0,2027,Federal,,Seleção,OGU,MS,2026-03-01,ENCANTADO
2026-03-01,972,RS,Encruzilhada do Sul,Kit de equipamentos para teleconsulta - 4 Equipamentos,Saúde,Telessaúde,Seleção 2025 - Kit de equipamentos para Teleconsulta,Equipamento,Concluído,24554.04,100.0,2026,Federal,,Seleção,OGU,MS,2026-03-01,ENCRUZILHADA DO SUL
2026-03-01,21496,RS,Engenho Velho,Equipamentos multimídia para Teleconsulta,Saúde,Telessaúde,Equipamentos multimídia para Teleconsulta,Equipamento,Em licitação / Leilão,6138.51,0.0,2026,Federal,,Planejamento Setorial,OGU,MS,2026-03-01,ENGENHO VELHO
2026-03-01,978,RS,Entre Rios do Sul,Kit de equipamentos para teleconsulta - 1 Equipamento,Saúde,Telessaúde,Seleção 2025 - Kit de equipamentos para Teleconsulta,Equipamento,Concluído,6138.51,100.0,2026,Federal,,Seleção,OGU,MS,2026-03-01,ENTRE RIOS DO SUL
2026-03-01,30289,RS,Entre-Ijuís,Kit de equipamentos para teleconsulta - 1 Equipamento,Saúde,Telessaúde,Seleção 2025 - Kit de equipamentos para Teleconsulta,Equipamento,Em licitação / Leilão,6138.51,0.0,2027,Federal,,Seleção,OGU,MS,2026-03-01,ENTRE-IJUÍS
2026-03-01,21064,RS,Erechim,Equipamentos multimídia para Teleconsulta,Saúde,Telessaúde,Equipamentos multimídia para Teleconsulta,Equipamento,Em licitação / Leilão,15000.0,0.0,2026,Municipal,,Planejamento Setorial,OGU,MS,2026-03-01,ERECHIM
2026-03-01,34392,RS,Erechim,Kit de equipamentos para teleconsulta - 10 Equipamentos,Saúde,Telessaúde,Seleção 2025 - Kit de equipamentos para Teleconsulta,Equipamento,Em licitação / Leilão,61385.1,0.0,2027,Federal,,Seleção,OGU,MS,2026-03-01,ERECHIM
2026-03-01,30296,RS,Ernestina,Kit de equipamentos para teleconsulta - 1 Equipamento,Saúde,Telessaúde,Seleção 2025 - Kit de equipamentos para Teleconsulta,Equipamento,Em licitação / Leilão,6138.51,0.0,2027,Federal,,Seleção,OGU,MS,2026-03-01,ERNESTINA
2026-03-01,984,RS,Erval Grande,Kit de equipamentos para teleconsulta - 1 Equipamento,Saúde,Telessaúde,Seleção 2025 - Kit de equipamentos para Teleconsulta,Equipamento,Concluído,6138.51,100.0,2026,Federal,,Seleção,OGU,MS,2026-03-01,ERVAL GRANDE
2026-03-01,986,RS,Erval Seco,Kit de equipamentos para teleconsulta - 1 Equipamento,Saúde,Telessaúde,Seleção 2025 - Kit de equipamentos para Teleconsulta,Equipamento,Concluído,6138.51,100.0,2026,Federal,,Seleção,OGU,MS,2026-03-01,ERVAL SECO
2026-03-01,30310,RS,Esperança do Sul,Kit de equipamentos para teleconsulta - 1 Equipamento,Saúde,Telessaúde,Seleção 2025 - Kit de equipamentos para Teleconsulta,Equipamento,Em licitação / Leilão,6138.51,0.0,2027,Federal,,Seleção,OGU,MS,2026-03-01,ESPERANÇA DO SUL
2026-03-01,21066,RS,Espumoso,Equipamentos multimídia para Teleconsulta,Saúde,Telessaúde,Equipamentos multimídia para Teleconsulta,Equipamento,Em licitação / Leilão,15000.0,0.0,2025,Municipal,,Planejamento Setorial,OGU,MS,2026-03-01,ESPUMOSO
2026-03-01,992,RS,Espumoso,Kit de equipamentos para teleconsulta - 1 Equipamento,Saúde,Telessaúde,Seleção 2025 - Kit de equipamentos para Teleconsulta,Equipamento,Concluído,6138.51,100.0,2026,Federal,,Seleção,OGU,MS,2026-03-01,ESPUMOSO
2026-03-01,30326,RS,Estância Velha,Kit de equipamentos para teleconsulta - 1 Equipamento,Saúde,Telessaúde,Seleção 2025 - Kit de equipamentos para Teleconsulta,Equipamento,Em licitação / Leilão,6138.51,0.0,2027,Federal,,Seleção,OGU,MS,2026-03-01,ESTÂNCIA VELHA
2026-03-01,30328,RS,Esteio,Kit de equipamentos para teleconsulta - 1 Equipamento,Saúde,Telessaúde,Seleção 2025 - Kit de equipamentos para Teleconsulta,Equipamento,Em licitação / Leilão,6138.51,0.0,2027,Federal,,Seleção,OGU,MS,2026-03-01,ESTEIO
2026-03-01,30332,RS,Estrela,Kit de equipamentos para teleconsulta - 1 Equipamento,Saúde,Telessaúde,Seleção 2025 - Kit de equipamentos para Teleconsulta,Equipamento,Em licitação / Leilão,6138.51,0.0,2027,Federal,,Seleção,OGU,MS,2026-03-01,ESTRELA
2026-03-01,30345,RS,Eugênio de Castro,Kit de equipamentos para teleconsulta - 1 Equipamento,Saúde,Telessaúde,Seleção 2025 - Kit de equipamentos para Teleconsulta,Equipamento,Em licitação / Leilão,6138.51,0.0,2027,Federal,,Seleção,OGU,MS,2026-03-01,EUGÊNIO DE CASTRO
2026-03-01,30365,RS,Farroupilha,Kit de equipamentos para teleconsulta - 1 Equipamento,Saúde,Telessaúde,Seleção 2025 - Kit de equipamentos para Teleconsulta,Equipamento,Em licitação / Leilão,6138.51,0.0,2027,Federal,,Seleção,OGU,MS,2026-03-01,FARROUPILHA
2026-03-01,21498,RS,Faxinalzinho,Equipamentos multimídia para Teleconsulta,Saúde,Telessaúde,Equipamentos multimídia para Teleconsulta,Equipamento,Em licitação / Leilão,6138.51,0.0,2026,Federal,,Planejamento Setorial,OGU,MS,2026-03-01,FAXINALZINHO
2026-03-01,30381,RS,Fazenda Vilanova,Kit de equipamentos para teleconsulta - 1 Equipamento,Saúde,Telessaúde,Seleção 2025 - Kit de equipamentos para Teleconsulta,Equipamento,Em licitação / Leilão,6138.51,0.0,2027,Federal,,Seleção,OGU,MS,2026-03-01,FAZENDA VILANOVA
2026-03-01,30395,RS,Feliz,Kit de equipamentos para teleconsulta - 1 Equipamento,Saúde,Telessaúde,Seleção 2025 - Kit de equipamentos para Teleconsulta,Equipamento,Em licitação / Leilão,6138.51,0.0,2027,Federal,,Seleção,OGU,MS,2026-03-01,FELIZ
2026-03-01,30450,RS,Forquetinha,Kit de equipamentos para teleconsulta - 1 Equipamento,Saúde,Telessaúde,Seleção 2025 - Kit de equipamentos para Teleconsulta,Equipamento,Em licitação / Leilão,6138.51,0.0,2027,Federal,,Seleção,OGU,MS,2026-03-01,FORQUETINHA
2026-03-01,30485,RS,Frederico Westphalen,Kit de equipamentos para teleconsulta - 1 Equipamento,Saúde,Telessaúde,Seleção 2025 - Kit de equipamentos para Teleconsulta,Equipamento,Em licitação / Leilão,6138.51,0.0,2027,Federal,,Seleção,OGU,MS,2026-03-01,FREDERICO WESTPHALEN
2026-03-01,30518,RS,Garruchos,Kit de equipamentos para teleconsulta - 1 Equipamento,Saúde,Telessaúde,Seleção 2025 - Kit de equipamentos para Teleconsulta,Equipamento,Em licitação / Leilão,6138.51,0.0,2027,Federal,,Seleção,OGU,MS,2026-03-01,GARRUCHOS
2026-03-01,21500,RS,General Câmara,Equipamentos multimídia para Teleconsulta,Saúde,Telessaúde,Equipamentos multimídia para Teleconsulta,Equipamento,Em licitação / Leilão,6138.51,0.0,2026,Federal,,Planejamento Setorial,OGU,MS,2026-03-01,GENERAL CÂMARA
2026-03-01,30533,RS,Gentil,Kit de equipamentos para teleconsulta - 1 Equipamento,Saúde,Telessaúde,Seleção 2025 - Kit de equipamentos para Teleconsulta,Equipamento,Em licitação / Leilão,6138.51,0.0,2027,Federal,,Seleção,OGU,MS,2026-03-01,GENTIL
2026-03-01,30536,RS,Getúlio Vargas,Kit de equipamentos para teleconsulta - 1 Equipamento,Saúde,Telessaúde,Seleção 2025 - Kit de equipamentos para Teleconsulta,Equipamento,Em licitação / Leilão,6138.51,0.0,2027,Federal,,Seleção,OGU,MS,2026-03-01,GETÚLIO VARGAS
2026-03-01,30540,RS,Giruá,Kit de equipamentos para teleconsulta - 1 Equipamento,Saúde,Telessaúde,Seleção 2025 - Kit de equipamentos para Teleconsulta,Equipamento,Em licitação / Leilão,6138.51,0.0,2027,Federal,,Seleção,OGU,MS,2026-03-01,GIRUÁ
2026-03-01,30550,RS,Glorinha,Kit de equipamentos para teleconsulta - 1 Equipamento,Saúde,Telessaúde,Seleção 2025 - Kit de equipamentos para Teleconsulta,Equipamento,Em licitação / Leilão,6138.51,0.0,2027,Federal,,Seleção,OGU,MS,2026-03-01,GLORINHA
2026-03-01,1108,RS,Gramado dos Loureiros,Kit de equipamentos para teleconsulta - 1 Equipamento,Saúde,Telessaúde,Seleção 2025 - Kit de equipamentos para Teleconsulta,Equipamento,Concluído,6138.51,100.0,2026,Federal,,Seleção,OGU,MS,2026-03-01,GRAMADO DOS LOUREIROS
2026-03-01,1110,RS,Gramado Xavier,Kit de equipamentos para teleconsulta - 1 Equipamento,Saúde,Telessaúde,Seleção 2025 - Kit de equipamentos para Teleconsulta,Equipamento,Concluído,6138.51,100.0,2026,Federal,,Seleção,OGU,MS,2026-03-01,GRAMADO XAVIER
2026-03-01,21068,RS,Gravataí,Equipamentos multimídia para Teleconsulta,Saúde,Telessaúde,Equipamentos multimídia para Teleconsulta,Equipamento,Em licitação / Leilão,15000.0,0.0,2026,Municipal,,Planejamento Setorial,OGU,MS,2026-03-01,GRAVATAÍ
2026-03-01,34395,RS,Gravataí,Kit de equipamentos para teleconsulta - 10 Equipamentos,Saúde,Telessaúde,Seleção 2025 - Kit de equipamentos para Teleconsulta,Equipamento,Em licitação / Leilão,61385.1,0.0,2027,Federal,,Seleção,OGU,MS,2026-03-01,GRAVATAÍ
2026-03-01,21070,RS,Guabiju,Equipamentos multimídia para Teleconsulta,Saúde,Telessaúde,Equipamentos multimídia para Teleconsulta,Equipamento,Em licitação / Leilão,15000.0,0.0,2026,Municipal,,Planejamento Setorial,OGU,MS,2026-03-01,GUABIJU
2026-03-01,21502,RS,Guabiju,Equipamentos multimídia para Teleconsulta,Saúde,Telessaúde,Equipamentos multimídia para Teleconsulta,Equipamento,Em licitação / Leilão,6138.51,0.0,2026,Federal,,Planejamento Setorial,OGU,MS,2026-03-01,GUABIJU
2026-03-01,30643,RS,Guaporé,Kit de equipamentos para teleconsulta - 1 Equipamento,Saúde,Telessaúde,Seleção 2025 - Kit de equipamentos para Teleconsulta,Equipamento,Em licitação / Leilão,6138.51,0.0,2027,Federal,,Seleção,OGU,MS,2026-03-01,GUAPORÉ
2026-03-01,30668,RS,Guarani das Missões,Kit de equipamentos para teleconsulta - 1 Equipamento,Saúde,Telessaúde,Seleção 2025 - Kit de equipamentos para Teleconsulta,Equipamento,Em licitação / Leilão,6138.51,0.0,2027,Federal,,Seleção,OGU,MS,2026-03-01,GUARANI DAS MISSÕES
2026-03-01,1152,RS,Herval,Kit de equipamentos para teleconsulta - 1 Equipamento,Saúde,Telessaúde,Seleção 2025 - Kit de equipamentos para Teleconsulta,Equipamento,Concluído,6138.51,100.0,2026,Federal,,Seleção,OGU,MS,2026-03-01,HERVAL
2026-03-01,30725,RS,Horizontina,Kit de equipamentos para teleconsulta - 1 Equipamento,Saúde,Telessaúde,Seleção 2025 - Kit de equipamentos para Teleconsulta,Equipamento,Em licitação / Leilão,6138.51,0.0,2027,Federal,,Seleção,OGU,MS,2026-03-01,HORIZONTINA
2026-03-01,30731,RS,Hulha Negra,Kit de equipamentos para teleconsulta - 1 Equipamento,Saúde,Telessaúde,Seleção 2025 - Kit de equipamentos para Teleconsulta,Equipamento,Em licitação / Leilão,6138.51,0.0,2027,Federal,,Seleção,OGU,MS,2026-03-01,HULHA NEGRA
2026-03-01,30735,RS,Humaitá,Kit de equipamentos para teleconsulta - 1 Equipamento,Saúde,Telessaúde,Seleção 2025 - Kit de equipamentos para Teleconsulta,Equipamento,Em licitação / Leilão,6138.51,0.0,2027,Federal,,Seleção,OGU,MS,2026-03-01,HUMAITÁ
2026-03-01,30771,RS,Ibiraiaras,Kit de equipamentos para teleconsulta - 1 Equipamento,Saúde,Telessaúde,Seleção 2025 - Kit de equipamentos para Teleconsulta,Equipamento,Em licitação / Leilão,6138.51,0.0,2027,Federal,,Seleção,OGU,MS,2026-03-01,IBIRAIARAS
2026-03-01,30776,RS,Ibirapuitã,Kit de equipamentos para teleconsulta - 1 Equipamento,Saúde,Telessaúde,Seleção 2025 - Kit de equipamentos para Teleconsulta,Equipamento,Em licitação / Leilão,6138.51,0.0,2027,Federal,,Seleção,OGU,MS,2026-03-01,IBIRAPUITÃ
2026-03-01,21072,RS,Ibirubá,Equipamentos multimídia para Teleconsulta,Saúde,Telessaúde,Equipamentos multimídia para Teleconsulta,Equipamento,Em licitação / Leilão,15000.0,0.0,2026,Municipal,,Planejamento Setorial,OGU,MS,2026-03-01,IBIRUBÁ
2026-03-01,34638,RS,Ibirubá,Kit de equipamentos para teleconsulta - 3 Equipamentos,Saúde,Telessaúde,Seleção 2025 - Kit de equipamentos para Teleconsulta,Equipamento,Em licitação / Leilão,18415.53,0.0,2027,Federal,,Seleção,OGU,MS,2026-03-01,IBIRUBÁ
2026-03-01,30810,RS,Igrejinha,Kit de equipamentos para teleconsulta - 1 Equipamento,Saúde,Telessaúde,Seleção 2025 - Kit de equipamentos para Teleconsulta,Equipamento,Em licitação / Leilão,6138.51,0.0,2027,Federal,,Seleção,OGU,MS,2026-03-01,IGREJINHA
2026-03-01,30820,RS,Ijuí,Kit de equipamentos para teleconsulta - 1 Equipamento,Saúde,Telessaúde,Seleção 2025 - Kit de equipamentos para Teleconsulta,Equipamento,Em licitação / Leilão,6138.51,0.0,2027,Federal,,Seleção,OGU,MS,2026-03-01,IJUÍ
2026-03-01,30825,RS,Ilópolis,Kit de equipamentos para teleconsulta - 1 Equipamento,Saúde,Telessaúde,Seleção 2025 - Kit de equipamentos para Teleconsulta,Equipamento,Em licitação / Leilão,6138.51,0.0,2027,Federal,,Seleção,OGU,MS,2026-03-01,ILÓPOLIS
2026-03-01,30826,RS,Imbé,Kit de equipamentos para teleconsulta - 1 Equipamento,Saúde,Telessaúde,Seleção 2025 - Kit de equipamentos para Teleconsulta,Equipamento,Em licitação / Leilão,6138.51,0.0,2027,Federal,,Seleção,OGU,MS,2026-03-01,IMBÉ
2026-03-01,30831,RS,Imigrante,Kit de equipamentos para teleconsulta - 1 Equipamento,Saúde,Telessaúde,Seleção 2025 - Kit de equipamentos para Teleconsulta,Equipamento,Em licitação / Leilão,6138.51,0.0,2027,Federal,,Seleção,OGU,MS,2026-03-01,IMIGRANTE
2026-03-01,30837,RS,Independência,Kit de equipamentos para teleconsulta - 1 Equipamento,Saúde,Telessaúde,Seleção 2025 - Kit de equipamentos para Teleconsulta,Equipamento,Em licitação / Leilão,6138.51,0.0,2027,Federal,,Seleção,OGU,MS,2026-03-01,INDEPENDÊNCIA
2026-03-01,1242,RS,Inhacorá,Kit de equipamentos para teleconsulta - 1 Equipamento,Saúde,Telessaúde,Seleção 2025 - Kit de equipamentos para Teleconsulta,Equipamento,Concluído,6138.51,100.0,2026,Federal,,Seleção,OGU,MS,2026-03-01,INHACORÁ
2026-03-01,30860,RS,Ipê,Kit de equipamentos para teleconsulta - 1 Equipamento,Saúde,Telessaúde,Seleção 2025 - Kit de equipamentos para Teleconsulta,Equipamento,Em licitação / Leilão,6138.51,0.0,2027,Federal,,Seleção,OGU,MS,2026-03-01,IPÊ
2026-03-01,1272,RS,Iraí,Kit de equipamentos para teleconsulta - 1 Equipamento,Saúde,Telessaúde,Seleção 2025 - Kit de equipamentos para Teleconsulta,Equipamento,Concluído,6138.51,100.0,2026,Federal,,Seleção,OGU,MS,2026-03-01,IRAÍ
2026-03-01,30889,RS,Itaara,Kit de equipamentos para teleconsulta - 1 Equipamento,Saúde,Telessaúde,Seleção 2025 - Kit de equipamentos para Teleconsulta,Equipamento,Em licitação / Leilão,6138.51,0.0,2027,Federal,,Seleção,OGU,MS,2026-03-01,ITAARA
2026-03-01,1305,RS,Itacurubi,Kit de equipamentos para teleconsulta - 1 Equipamento,Saúde,Telessaúde,Seleção 2025 - Kit de equipamentos para Teleconsulta,Equipamento,Concluído,6138.51,100.0,2026,Federal,,Seleção,OGU,MS,2026-03-01,ITACURUBI
2026-03-01,30991,RS,Itaqui,Kit de equipamentos para teleconsulta - 1 Equipamento,Saúde,Telessaúde,Seleção 2025 - Kit de equipamentos para Teleconsulta,Equipamento,Em licitação / Leilão,6138.51,0.0,2027,Federal,,Seleção,OGU,MS,2026-03-01,ITAQUI
2026-03-01,21504,RS,Itatiba do Sul,Equipamentos multimídia para Teleconsulta,Saúde,Telessaúde,Equipamentos multimídia para Teleconsulta,Equipamento,Em licitação / Leilão,6138.51,0.0,2026,Federal,,Planejamento Setorial,OGU,MS,2026-03-01,ITATIBA DO SUL
2026-03-01,31062,RS,Ivoti,Kit de equipamentos para teleconsulta - 1 Equipamento,Saúde,Telessaúde,Seleção 2025 - Kit de equipamentos para Teleconsulta,Equipamento,Em licitação / Leilão,6138.51,0.0,2027,Federal,,Seleção,OGU,MS,2026-03-01,IVOTI
2026-03-01,31066,RS,Jaboticaba,Kit de equipamentos para teleconsulta - 1 Equipamento,Saúde,Telessaúde,Seleção 2025 - Kit de equipamentos para Teleconsulta,Equipamento,Em licitação / Leilão,6138.51,0.0,2027,Federal,,Seleção,OGU,MS,2026-03-01,JABOTICABA
2026-03-01,31083,RS,Jacuizinho,Kit de equipamentos para teleconsulta - 1 Equipamento,Saúde,Telessaúde,Seleção 2025 - Kit de equipamentos para Teleconsulta,Equipamento,Em licitação / Leilão,6138.51,0.0,2027,Federal,,Seleção,OGU,MS,2026-03-01,JACUIZINHO
2026-03-01,31091,RS,Jacutinga,Kit de equipamentos para teleconsulta - 1 Equipamento,Saúde,Telessaúde,Seleção 2025 - Kit de equipamentos para Teleconsulta,Equipamento,Em licitação / Leilão,6138.51,0.0,2027,Federal,,Seleção,OGU,MS,2026-03-01,JACUTINGA
2026-03-01,31093,RS,Jaguarão,Kit de equipamentos para teleconsulta - 1 Equipamento,Saúde,Telessaúde,Seleção 2025 - Kit de equipamentos para Teleconsulta,Equipamento,Em licitação / Leilão,6138.51,0.0,2027,Federal,,Seleção,OGU,MS,2026-03-01,JAGUARÃO
2026-03-01,31099,RS,Jaguari,Kit de equipamentos para teleconsulta - 1 Equipamento,Saúde,Telessaúde,Seleção 2025 - Kit de equipamentos para Teleconsulta,Equipamento,Em licitação / Leilão,6138.51,0.0,2027,Federal,,Seleção,OGU,MS,2026-03-01,JAGUARI
2026-03-01,31137,RS,Jaquirana,Kit de equipamentos para teleconsulta - 1 Equipamento,Saúde,Telessaúde,Seleção 2025 - Kit de equipamentos para Teleconsulta,Equipamento,Em licitação / Leilão,6138.51,0.0,2027,Federal,,Seleção,OGU,MS,2026-03-01,JAQUIRANA
2026-03-01,31190,RS,Jóia,Kit de equipamentos para teleconsulta - 1 Equipamento,Saúde,Telessaúde,Seleção 2025 - Kit de equipamentos para Teleconsulta,Equipamento,Em licitação / Leilão,6138.51,0.0,2027,Federal,,Seleção,OGU,MS,2026-03-01,JÓIA
2026-03-01,31223,RS,Júlio de Castilhos,Kit de equipamentos para teleconsulta - 1 Equipamento,Saúde,Telessaúde,Seleção 2025 - Kit de equipamentos para Teleconsulta,Equipamento,Em licitação / Leilão,6138.51,0.0,2027,Federal,,Seleção,OGU,MS,2026-03-01,JÚLIO DE CASTILHOS
2026-03-01,31272,RS,Lagoa Bonita do Sul,Kit de equipamentos para teleconsulta - 1 Equipamento,Saúde,Telessaúde,Seleção 2025 - Kit de equipamentos para Teleconsulta,Equipamento,Em licitação / Leilão,6138.51,0.0,2027,Federal,,Seleção,OGU,MS,2026-03-01,LAGOA BONITA DO SUL
2026-03-01,31299,RS,Lagoa dos Três Cantos,Kit de equipamentos para teleconsulta - 1 Equipamento,Saúde,Telessaúde,Seleção 2025 - Kit de equipamentos para Teleconsulta,Equipamento,Em licitação / Leilão,6138.51,0.0,2027,Federal,,Seleção,OGU,MS,2026-03-01,LAGOA DOS TRÊS CANTOS
2026-03-01,31314,RS,Lagoa Vermelha,Kit de equipamentos para teleconsulta - 1 Equipamento,Saúde,Telessaúde,Seleção 2025 - Kit de equipamentos para Teleconsulta,Equipamento,Em licitação / Leilão,6138.51,0.0,2027,Federal,,Seleção,OGU,MS,2026-03-01,LAGOA VERMELHA
2026-03-01,21506,RS,Lagoão,Equipamentos multimídia para Teleconsulta,Saúde,Telessaúde,Equipamentos multimídia para Teleconsulta,Equipamento,Em licitação / Leilão,6138.51,0.0,2026,Federal,,Planejamento Setorial,OGU,MS,2026-03-01,LAGOÃO
2026-03-01,21508,RS,Lajeado do Bugre,Equipamentos multimídia para Teleconsulta,Saúde,Telessaúde,Equipamentos multimídia para Teleconsulta,Equipamento,Em licitação / Leilão,6138.51,0.0,2026,Federal,,Planejamento Setorial,OGU,MS,2026-03-01,LAJEADO DO BUGRE
2026-03-01,21074,RS,Lavras do Sul,Equipamentos multimídia para Teleconsulta,Saúde,Telessaúde,Equipamentos multimídia para Teleconsulta,Equipamento,Em licitação / Leilão,15000.0,0.0,2026,Municipal,,Planejamento Setorial,OGU,MS,2026-03-01,LAVRAS DO SUL
2026-03-01,1579,RS,Liberato Salzano,Kit de equipamentos para teleconsulta - 1 Equipamento,Saúde,Telessaúde,Seleção 2025 - Kit de equipamentos para Teleconsulta,Equipamento,Concluído,6138.51,100.0,2026,Federal,,Seleção,OGU,MS,2026-03-01,LIBERATO SALZANO
2026-03-01,31394,RS,Linha Nova,Kit de equipamentos para teleconsulta - 1 Equipamento,Saúde,Telessaúde,Seleção 2025 - Kit de equipamentos para Teleconsulta,Equipamento,Em licitação / Leilão,6138.51,0.0,2027,Federal,,Seleção,OGU,MS,2026-03-01,LINHA NOVA
2026-03-01,31446,RS,Maçambará,Kit de equipamentos para teleconsulta - 1 Equipamento,Saúde,Telessaúde,Seleção 2025 - Kit de equipamentos para Teleconsulta,Equipamento,Em licitação / Leilão,6138.51,0.0,2027,Federal,,Seleção,OGU,MS,2026-03-01,MAÇAMBARÁ
2026-03-01,31505,RS,Mampituba,Kit de equipamentos para teleconsulta - 1 Equipamento,Saúde,Telessaúde,Seleção 2025 - Kit de equipamentos para Teleconsulta,Equipamento,Em licitação / Leilão,6138.51,0.0,2027,Federal,,Seleção,OGU,MS,2026-03-01,MAMPITUBA
2026-03-01,31526,RS,Manoel Viana,Kit de equipamentos para teleconsulta - 1 Equipamento,Saúde,Telessaúde,Seleção 2025 - Kit de equipamentos para Teleconsulta,Equipamento,Em licitação / Leilão,6138.51,0.0,2027,Federal,,Seleção,OGU,MS,2026-03-01,MANOEL VIANA
2026-03-01,31532,RS,Maquiné,Kit de equipamentos para teleconsulta - 1 Equipamento,Saúde,Telessaúde,Seleção 2025 - Kit de equipamentos para Teleconsulta,Equipamento,Em licitação / Leilão,6138.51,0.0,2027,Federal,,Seleção,OGU,MS,2026-03-01,MAQUINÉ
2026-03-01,31554,RS,Maratá,Kit de equipamentos para teleconsulta - 1 Equipamento,Saúde,Telessaúde,Seleção 2025 - Kit de equipamentos para Teleconsulta,Equipamento,Em licitação / Leilão,6138.51,0.0,2027,Federal,,Seleção,OGU,MS,2026-03-01,MARATÁ
2026-03-01,31556,RS,Marau,Kit de equipamentos para teleconsulta - 1 Equipamento,Saúde,Telessaúde,Seleção 2025 - Kit de equipamentos para Teleconsulta,Equipamento,Em licitação / Leilão,6138.51,0.0,2027,Federal,,Seleção,OGU,MS,2026-03-01,MARAU
2026-03-01,31565,RS,Marcelino Ramos,Kit de equipamentos para teleconsulta - 1 Equipamento,Saúde,Telessaúde,Seleção 2025 - Kit de equipamentos para Teleconsulta,Equipamento,Em licitação / Leilão,6138.51,0.0,2027,Federal,,Seleção,OGU,MS,2026-03-01,MARCELINO RAMOS
2026-03-01,21510,RS,Mariano Moro,Equipamentos multimídia para Teleconsulta,Saúde,Telessaúde,Equipamentos multimídia para Teleconsulta,Equipamento,Em licitação / Leilão,6138.51,0.0,2026,Federal,,Planejamento Setorial,OGU,MS,2026-03-01,MARIANO MORO
2026-03-01,31608,RS,Marques de Souza,Kit de equipamentos para teleconsulta - 1 Equipamento,Saúde,Telessaúde,Seleção 2025 - Kit de equipamentos para Teleconsulta,Equipamento,Em licitação / Leilão,6138.51,0.0,2027,Federal,,Seleção,OGU,MS,2026-03-01,MARQUES DE SOUZA
2026-03-01,31629,RS,Mata,Kit de equipamentos para teleconsulta - 1 Equipamento,Saúde,Telessaúde,Seleção 2025 - Kit de equipamentos para Teleconsulta,Equipamento,Em licitação / Leilão,6138.51,0.0,2027,Federal,,Seleção,OGU,MS,2026-03-01,MATA
2026-03-01,31646,RS,Mato Leitão,Kit de equipamentos para teleconsulta - 1 Equipamento,Saúde,Telessaúde,Seleção 2025 - Kit de equipamentos para Teleconsulta,Equipamento,Em licitação / Leilão,6138.51,0.0,2027,Federal,,Seleção,OGU,MS,2026-03-01,MATO LEITÃO
2026-03-01,31648,RS,Mato Queimado,Kit de equipamentos para teleconsulta - 1 Equipamento,Saúde,Telessaúde,Seleção 2025 - Kit de equipamentos para Teleconsulta,Equipamento,Em licitação / Leilão,6138.51,0.0,2027,Federal,,Seleção,OGU,MS,2026-03-01,MATO QUEIMADO
2026-03-01,31669,RS,Maximiliano de Almeida,Kit de equipamentos para teleconsulta - 1 Equipamento,Saúde,Telessaúde,Seleção 2025 - Kit de equipamentos para Teleconsulta,Equipamento,Em licitação / Leilão,6138.51,0.0,2027,Federal,,Seleção,OGU,MS,2026-03-01,MAXIMILIANO DE ALMEIDA
2026-03-01,1713,RS,Minas do Leão,Kit de equipamentos para teleconsulta - 1 Equipamento,Saúde,Telessaúde,Seleção 2025 - Kit de equipamentos para Teleconsulta,Equipamento,Concluído,6138.51,100.0,2026,Federal,,Seleção,OGU,MS,2026-03-01,MINAS DO LEÃO
2026-03-01,31720,RS,Miraguaí,Kit de equipamentos para teleconsulta - 1 Equipamento,Saúde,Telessaúde,Seleção 2025 - Kit de equipamentos para Teleconsulta,Equipamento,Em licitação / Leilão,6138.51,0.0,2027,Federal,,Seleção,OGU,MS,2026-03-01,MIRAGUAÍ
2026-03-01,31785,RS,Monte Belo do Sul,Kit de equipamentos para teleconsulta - 1 Equipamento,Saúde,Telessaúde,Seleção 2025 - Kit de equipamentos para Teleconsulta,Equipamento,Em licitação / Leilão,6138.51,0.0,2027,Federal,,Seleção,OGU,MS,2026-03-01,MONTE BELO DO SUL
2026-03-01,21204,RS,Montenegro,Equipamentos multimídia para Teleconsulta,Saúde,Telessaúde,Equipamentos multimídia para Teleconsulta,Equipamento,Em licitação / Leilão,15000.0,0.0,2026,Municipal,,Planejamento Setorial,OGU,MS,2026-03-01,MONTENEGRO
2026-03-01,34817,RS,Montenegro,Kit de equipamentos para teleconsulta - 7 Equipamentos,Saúde,Telessaúde,Seleção 2025 - Kit de equipamentos para Teleconsulta,Equipamento,Em licitação / Leilão,42969.57,0.0,2027,Federal,,Seleção,OGU,MS,2026-03-01,MONTENEGRO
2026-03-01,31823,RS,Mormaço,Kit de equipamentos para teleconsulta - 1 Equipamento,Saúde,Telessaúde,Seleção 2025 - Kit de equipamentos para Teleconsulta,Equipamento,Em licitação / Leilão,6138.51,0.0,2027,Federal,,Seleção,OGU,MS,2026-03-01,MORMAÇO
2026-03-01,31847,RS,Mostardas,Kit de equipamentos para teleconsulta - 1 Equipamento,Saúde,Telessaúde,Seleção 2025 - Kit de equipamentos para Teleconsulta,Equipamento,Em licitação / Leilão,6138.51,0.0,2027,Federal,,Seleção,OGU,MS,2026-03-01,MOSTARDAS
2026-03-01,31856,RS,Muçum,Kit de equipamentos para teleconsulta - 1 Equipamento,Saúde,Telessaúde,Seleção 2025 - Kit de equipamentos para Teleconsulta,Equipamento,Em licitação / Leilão,6138.51,0.0,2027,Federal,,Seleção,OGU,MS,2026-03-01,MUÇUM
2026-03-01,31860,RS,Muitos Capões,Kit de equipamentos para teleconsulta - 1 Equipamento,Saúde,Telessaúde,Seleção 2025 - Kit de equipamentos para Teleconsulta,Equipamento,Em licitação / Leilão,6138.51,0.0,2027,Federal,,Seleção,OGU,MS,2026-03-01,MUITOS CAPÕES
2026-03-01,1775,RS,Muliterno,Kit de equipamentos para teleconsulta - 1 Equipamento,Saúde,Telessaúde,Seleção 2025 - Kit de equipamentos para Teleconsulta,Equipamento,Concluído,6138.51,100.0,2026,Federal,,Seleção,OGU,MS,2026-03-01,MULITERNO
2026-03-01,31888,RS,Não-Me-Toque,Kit de equipamentos para teleconsulta - 1 Equipamento,Saúde,Telessaúde,Seleção 2025 - Kit de equipamentos para Teleconsulta,Equipamento,Em licitação / Leilão,6138.51,0.0,2027,Federal,,Seleção,OGU,MS,2026-03-01,NÃO-ME-TOQUE
2026-03-01,21076,RS,Nicolau Vergueiro,Equipamentos multimídia para Teleconsulta,Saúde,Telessaúde,Equipamentos multimídia para Teleconsulta,Equipamento,Em licitação / Leilão,15000.0,0.0,2026,Municipal,,Planejamento Setorial,OGU,MS,2026-03-01,NICOLAU VERGUEIRO
2026-03-01,21512,RS,Nicolau Vergueiro,Equipamentos multimídia para Teleconsulta,Saúde,Telessaúde,Equipamentos multimídia para Teleconsulta,Equipamento,Em licitação / Leilão,6138.51,0.0,2026,Federal,,Planejamento Setorial,OGU,MS,2026-03-01,NICOLAU VERGUEIRO
2026-03-01,31933,RS,Nonoai,Kit de equipamentos para teleconsulta - 1 Equipamento,Saúde,Telessaúde,Seleção 2025 - Kit de equipamentos para Teleconsulta,Equipamento,Em licitação / Leilão,6138.51,0.0,2027,Federal,,Seleção,OGU,MS,2026-03-01,NONOAI
2026-03-01,31951,RS,Nova Alvorada,Kit de equipamentos para teleconsulta - 1 Equipamento,Saúde,Telessaúde,Seleção 2025 - Kit de equipamentos para Teleconsulta,Equipamento,Em licitação / Leilão,6138.51,0.0,2027,Federal,,Seleção,OGU,MS,2026-03-01,NOVA ALVORADA
2026-03-01,31961,RS,Nova Boa Vista,Kit de equipamentos para teleconsulta - 1 Equipamento,Saúde,Telessaúde,Seleção 2025 - Kit de equipamentos para Teleconsulta,Equipamento,Em licitação / Leilão,6138.51,0.0,2027,Federal,,Seleção,OGU,MS,2026-03-01,NOVA BOA VISTA
2026-03-01,21514,RS,Nova Bréscia,Equipamentos multimídia para Teleconsulta,Saúde,Telessaúde,Equipamentos multimídia para Teleconsulta,Equipamento,Em licitação / Leilão,6138.51,0.0,2026,Federal,,Planejamento Setorial,OGU,MS,2026-03-01,NOVA BRÉSCIA
2026-03-01,31967,RS,Nova Candelária,Kit de equipamentos para teleconsulta - 1 Equipamento,Saúde,Telessaúde,Seleção 2025 - Kit de equipamentos para Teleconsulta,Equipamento,Em licitação / Leilão,6138.51,0.0,2027,Federal,,Seleção,OGU,MS,2026-03-01,NOVA CANDELÁRIA
2026-03-01,31980,RS,Nova Esperança do Sul,Kit de equipamentos para teleconsulta - 1 Equipamento,Saúde,Telessaúde,Seleção 2025 - Kit de equipamentos para Teleconsulta,Equipamento,Em licitação / Leilão,6138.51,0.0,2027,Federal,,Seleção,OGU,MS,2026-03-01,NOVA ESPERANÇA DO SUL
2026-03-01,31994,RS,Nova Hartz,Kit de equipamentos para teleconsulta - 1 Equipamento,Saúde,Telessaúde,Seleção 2025 - Kit de equipamentos para Teleconsulta,Equipamento,Em licitação / Leilão,6138.51,0.0,2027,Federal,,Seleção,OGU,MS,2026-03-01,NOVA HARTZ
2026-03-01,21078,RS,Nova Petrópolis,Equipamentos multimídia para Teleconsulta,Saúde,Telessaúde,Equipamentos multimídia para Teleconsulta,Equipamento,Em licitação / Leilão,15000.0,0.0,2026,Municipal,,Planejamento Setorial,OGU,MS,2026-03-01,NOVA PETRÓPOLIS
2026-03-01,34736,RS,Nova Santa Rita,Kit de equipamentos para teleconsulta - 4 Equipamentos,Saúde,Telessaúde,Seleção 2025 - Kit de equipamentos para Teleconsulta,Equipamento,Em licitação / Leilão,24554.04,0.0,2027,Federal,,Seleção,OGU,MS,2026-03-01,NOVA SANTA RITA
2026-03-01,1867,RS,Novo Barreiro,Kit de equipamentos para teleconsulta - 1 Equipamento,Saúde,Telessaúde,Seleção 2025 - Kit de equipamentos para Teleconsulta,Equipamento,Concluído,6138.51,100.0,2026,Federal,,Seleção,OGU,MS,2026-03-01,NOVO BARREIRO
2026-03-01,32070,RS,Novo Cabrais,Kit de equipamentos para teleconsulta - 1 Equipamento,Saúde,Telessaúde,Seleção 2025 - Kit de equipamentos para Teleconsulta,Equipamento,Em licitação / Leilão,6138.51,0.0,2027,Federal,,Seleção,OGU,MS,2026-03-01,NOVO CABRAIS
2026-03-01,32074,RS,Novo Hamburgo,Kit de equipamentos para teleconsulta - 1 Equipamento,Saúde,Telessaúde,Seleção 2025 - Kit de equipamentos para Teleconsulta,Equipamento,Em licitação / Leilão,6138.51,0.0,2027,Federal,,Seleção,OGU,MS,2026-03-01,NOVO HAMBURGO
2026-03-01,32087,RS,Novo Machado,Kit de equipamentos para teleconsulta - 1 Equipamento,Saúde,Telessaúde,Seleção 2025 - Kit de equipamentos para Teleconsulta,Equipamento,Em licitação / Leilão,6138.51,0.0,2027,Federal,,Seleção,OGU,MS,2026-03-01,NOVO MACHADO
2026-03-01,1885,RS,Novo Tiradentes,Kit de equipamentos para teleconsulta - 1 Equipamento,Saúde,Telessaúde,Seleção 2025 - Kit de equipamentos para Teleconsulta,Equipamento,Concluído,6138.51,100.0,2026,Federal,,Seleção,OGU,MS,2026-03-01,NOVO TIRADENTES
2026-03-01,32100,RS,Novo Xingu,Kit de equipamentos para teleconsulta - 1 Equipamento,Saúde,Telessaúde,Seleção 2025 - Kit de equipamentos para Teleconsulta,Equipamento,Em licitação / Leilão,6138.51,0.0,2027,Federal,,Seleção,OGU,MS,2026-03-01,NOVO XINGU
2026-03-01,32157,RS,Osório,Kit de equipamentos para teleconsulta - 1 Equipamento,Saúde,Telessaúde,Seleção 2025 - Kit de equipamentos para Teleconsulta,Equipamento,Em licitação / Leilão,6138.51,0.0,2027,Federal,,Seleção,OGU,MS,2026-03-01,OSÓRIO
2026-03-01,21516,RS,Paim Filho,Equipamentos multimídia para Teleconsulta,Saúde,Telessaúde,Equipamentos multimídia para Teleconsulta,Equipamento,Em licitação / Leilão,6138.51,0.0,2026,Federal,,Planejamento Setorial,OGU,MS,2026-03-01,PAIM FILHO
2026-03-01,32233,RS,Palmares do Sul,Kit de equipamentos para teleconsulta - 1 Equipamento,Saúde,Telessaúde,Seleção 2025 - Kit de equipamentos para Teleconsulta,Equipamento,Em licitação / Leilão,6138.51,0.0,2027,Federal,,Seleção,OGU,MS,2026-03-01,PALMARES DO SUL
2026-03-01,34743,RS,Palmeira das Missões,Kit de equipamentos para teleconsulta - 4 Equipamentos,Saúde,Telessaúde,Seleção 2025 - Kit de equipamentos para Teleconsulta,Equipamento,Em licitação / Leilão,24554.04,0.0,2027,Federal,,Seleção,OGU,MS,2026-03-01,PALMEIRA DAS MISSÕES
2026-03-01,32263,RS,Panambi,Kit de equipamentos para teleconsulta - 1 Equipamento,Saúde,Telessaúde,Seleção 2025 - Kit de equipamentos para Teleconsulta,Equipamento,Em licitação / Leilão,6138.51,0.0,2027,Federal,,Seleção,OGU,MS,2026-03-01,PANAMBI
2026-03-01,21080,RS,Pantano Grande,Equipamentos multimídia para Teleconsulta,Saúde,Telessaúde,Equipamentos multimídia para Teleconsulta,Equipamento,Em licitação / Leilão,15000.0,0.0,2026,Municipal,,Planejamento Setorial,OGU,MS,2026-03-01,PANTANO GRANDE
2026-03-01,32267,RS,Pantano Grande,Kit de equipamentos para teleconsulta - 1 Equipamento,Saúde,Telessaúde,Seleção 2025 - Kit de equipamentos para Teleconsulta,Equipamento,Em licitação / Leilão,6138.51,0.0,2027,Federal,,Seleção,OGU,MS,2026-03-01,PANTANO GRANDE
2026-03-01,32284,RS,Paraí,Kit de equipamentos para teleconsulta - 1 Equipamento,Saúde,Telessaúde,Seleção 2025 - Kit de equipamentos para Teleconsulta,Equipamento,Em licitação / Leilão,6138.51,0.0,2027,Federal,,Seleção,OGU,MS,2026-03-01,PARAÍ
2026-03-01,32293,RS,Paraíso do Sul,Kit de equipamentos para teleconsulta - 1 Equipamento,Saúde,Telessaúde,Seleção 2025 - Kit de equipamentos para Teleconsulta,Equipamento,Em licitação / Leilão,6138.51,0.0,2027,Federal,,Seleção,OGU,MS,2026-03-01,PARAÍSO DO SUL
2026-03-01,32319,RS,Pareci Novo,Kit de equipamentos para teleconsulta - 1 Equipamento,Saúde,Telessaúde,Seleção 2025 - Kit de equipamentos para Teleconsulta,Equipamento,Em licitação / Leilão,6138.51,0.0,2027,Federal,,Seleção,OGU,MS,2026-03-01,PARECI NOVO
2026-03-01,32334,RS,Parobé,Kit de equipamentos para teleconsulta - 1 Equipamento,Saúde,Telessaúde,Seleção 2025 - Kit de equipamentos para Teleconsulta,Equipamento,Em licitação / Leilão,6138.51,0.0,2027,Federal,,Seleção,OGU,MS,2026-03-01,PAROBÉ
2026-03-01,21518,RS,Passa Sete,Equipamentos multimídia para Teleconsulta,Saúde,Telessaúde,Equipamentos multimídia para Teleconsulta,Equipamento,Em licitação / Leilão,6138.51,0.0,2026,Federal,,Planejamento Setorial,OGU,MS,2026-03-01,PASSA SETE
2026-03-01,32396,RS,Paverama,Kit de equipamentos para teleconsulta - 1 Equipamento,Saúde,Telessaúde,Seleção 2025 - Kit de equipamentos para Teleconsulta,Equipamento,Em licitação / Leilão,6138.51,0.0,2027,Federal,,Seleção,OGU,MS,2026-03-01,PAVERAMA
2026-03-01,32439,RS,Pedro Osório,Kit de equipamentos para teleconsulta - 1 Equipamento,Saúde,Telessaúde,Seleção 2025 - Kit de equipamentos para Teleconsulta,Equipamento,Em licitação / Leilão,6138.51,0.0,2027,Federal,,Seleção,OGU,MS,2026-03-01,PEDRO OSÓRIO
2026-03-01,32448,RS,Pejuçara,Kit de equipamentos para teleconsulta - 1 Equipamento,Saúde,Telessaúde,Seleção 2025 - Kit de equipamentos para Teleconsulta,Equipamento,Em licitação / Leilão,6138.51,0.0,2027,Federal,,Seleção,OGU,MS,2026-03-01,PEJUÇARA
2026-03-01,34407,RS,Pelotas,Kit de equipamentos para teleconsulta - 11 Equipamentos,Saúde,Telessaúde,Seleção 2025 - Kit de equipamentos para Teleconsulta,Equipamento,Em licitação / Leilão,67523.61,0.0,2027,Federal,,Seleção,OGU,MS,2026-03-01,PELOTAS
2026-03-01,21520,RS,Pinhal,Equipamentos multimídia para Teleconsulta,Saúde,Telessaúde,Equipamentos multimídia para Teleconsulta,Equipamento,Em licitação / Leilão,6138.51,0.0,2026,Federal,,Planejamento Setorial,OGU,MS,2026-03-01,PINHAL
2026-03-01,21082,RS,Pinhal Grande,Equipamentos multimídia para Teleconsulta,Saúde,Telessaúde,Equipamentos multimídia para Teleconsulta,Equipamento,Em licitação / Leilão,15000.0,0.0,2026,Municipal,,Planejamento Setorial,OGU,MS,2026-03-01,PINHAL GRANDE
2026-03-01,21522,RS,Pinhal Grande,Equipamentos multimídia para Teleconsulta,Saúde,Telessaúde,Equipamentos multimídia para Teleconsulta,Equipamento,Em licitação / Leilão,6138.51,0.0,2026,Federal,,Planejamento Setorial,OGU,MS,2026-03-01,PINHAL GRANDE
2026-03-01,2058,RS,Pinheirinho do Vale,Kit de equipamentos para teleconsulta - 1 Equipamento,Saúde,Telessaúde,Seleção 2025 - Kit de equipamentos para Teleconsulta,Equipamento,Concluído,6138.51,100.0,2026,Federal,,Seleção,OGU,MS,2026-03-01,PINHEIRINHO DO VALE
2026-03-01,21084,RS,Pinheiro Machado,Equipamentos multimídia para Teleconsulta,Saúde,Telessaúde,Equipamentos multimídia para Teleconsulta,Equipamento,Em licitação / Leilão,15000.0,0.0,2026,Municipal,,Planejamento Setorial,OGU,MS,2026-03-01,PINHEIRO MACHADO
2026-03-01,32522,RS,Pinheiro Machado,Kit de equipamentos para teleconsulta - 1 Equipamento,Saúde,Telessaúde,Seleção 2025 - Kit de equipamentos para Teleconsulta,Equipamento,Em licitação / Leilão,6138.51,0.0,2027,Federal,,Seleção,OGU,MS,2026-03-01,PINHEIRO MACHADO
2026-03-01,32550,RS,Pirapó,Kit de equipamentos para teleconsulta - 1 Equipamento,Saúde,Telessaúde,Seleção 2025 - Kit de equipamentos para Teleconsulta,Equipamento,Em licitação / Leilão,6138.51,0.0,2027,Federal,,Seleção,OGU,MS,2026-03-01,PIRAPÓ
2026-03-01,32562,RS,Piratini,Kit de equipamentos para teleconsulta - 1 Equipamento,Saúde,Telessaúde,Seleção 2025 - Kit de equipamentos para Teleconsulta,Equipamento,Em licitação / Leilão,6138.51,0.0,2027,Federal,,Seleção,OGU,MS,2026-03-01,PIRATINI
2026-03-01,34561,RS,Planalto,Kit de equipamentos para teleconsulta - 2 Equipamentos,Saúde,Telessaúde,Seleção 2025 - Kit de equipamentos para Teleconsulta,Equipamento,Em licitação / Leilão,12277.02,0.0,2027,Federal,,Seleção,OGU,MS,2026-03-01,PLANALTO
2026-03-01,32600,RS,Poço das Antas,Kit de equipamentos para teleconsulta - 1 Equipamento,Saúde,Telessaúde,Seleção 2025 - Kit de equipamentos para Teleconsulta,Equipamento,Em licitação / Leilão,6138.51,0.0,2027,Federal,,Seleção,OGU,MS,2026-03-01,POÇO DAS ANTAS
2026-03-01,2099,RS,Pontão,Kit de equipamentos para teleconsulta - 1 Equipamento,Saúde,Telessaúde,Seleção 2025 - Kit de equipamentos para Teleconsulta,Equipamento,Concluído,6138.51,100.0,2026,Federal,,Seleção,OGU,MS,2026-03-01,PONTÃO
2026-03-01,35088,RS,Porto Alegre/RS,Reativação de núcleos de Telessaúde,Saúde,Telessaúde,Núcleos de Telessaúde,Equipamento,Em ação preparatória,475505.0,0.0,2027,Estadual,,Planejamento Setorial,OGU,MS,2026-03-01,PORTO ALEGRE/RS
2026-03-01,32673,RS,Porto Lucena,Kit de equipamentos para teleconsulta - 1 Equipamento,Saúde,Telessaúde,Seleção 2025 - Kit de equipamentos para Teleconsulta,Equipamento,Em licitação / Leilão,6138.51,0.0,2027,Federal,,Seleção,OGU,MS,2026-03-01,PORTO LUCENA
2026-03-01,32675,RS,Porto Mauá,Kit de equipamentos para teleconsulta - 1 Equipamento,Saúde,Telessaúde,Seleção 2025 - Kit de equipamentos para Teleconsulta,Equipamento,Em licitação / Leilão,6138.51,0.0,2027,Federal,,Seleção,OGU,MS,2026-03-01,PORTO MAUÁ
2026-03-01,32694,RS,Porto Xavier,Kit de equipamentos para teleconsulta - 1 Equipamento,Saúde,Telessaúde,Seleção 2025 - Kit de equipamentos para Teleconsulta,Equipamento,Em licitação / Leilão,6138.51,0.0,2027,Federal,,Seleção,OGU,MS,2026-03-01,PORTO XAVIER
2026-03-01,32773,RS,Progresso,Kit de equipamentos para teleconsulta - 1 Equipamento,Saúde,Telessaúde,Seleção 2025 - Kit de equipamentos para Teleconsulta,Equipamento,Em licitação / Leilão,6138.51,0.0,2027,Federal,,Seleção,OGU,MS,2026-03-01,PROGRESSO
2026-03-01,32785,RS,Putinga,Kit de equipamentos para teleconsulta - 1 Equipamento,Saúde,Telessaúde,Seleção 2025 - Kit de equipamentos para Teleconsulta,Equipamento,Em licitação / Leilão,6138.51,0.0,2027,Federal,,Seleção,OGU,MS,2026-03-01,PUTINGA
2026-03-01,32790,RS,Quaraí,Kit de equipamentos para teleconsulta - 1 Equipamento,Saúde,Telessaúde,Seleção 2025 - Kit de equipamentos para Teleconsulta,Equipamento,Em licitação / Leilão,6138.51,0.0,2027,Federal,,Seleção,OGU,MS,2026-03-01,QUARAÍ
2026-03-01,32816,RS,Quinze de Novembro,Kit de equipamentos para teleconsulta - 1 Equipamento,Saúde,Telessaúde,Seleção 2025 - Kit de equipamentos para Teleconsulta,Equipamento,Em licitação / Leilão,6138.51,0.0,2027,Federal,,Seleção,OGU,MS,2026-03-01,QUINZE DE NOVEMBRO
2026-03-01,2200,RS,Redentora,Kit de equipamentos para teleconsulta - 1 Equipamento,Saúde,Telessaúde,Seleção 2025 - Kit de equipamentos para Teleconsulta,Equipamento,Concluído,6138.51,100.0,2026,Federal,,Seleção,OGU,MS,2026-03-01,REDENTORA
2026-03-01,32868,RS,Relvado,Kit de equipamentos para teleconsulta - 1 Equipamento,Saúde,Telessaúde,Seleção 2025 - Kit de equipamentos para Teleconsulta,Equipamento,Em licitação / Leilão,6138.51,0.0,2027,Federal,,Seleção,OGU,MS,2026-03-01,RELVADO
2026-03-01,34409,RS,Rio Grande,Kit de equipamentos para teleconsulta - 11 Equipamentos,Saúde,Telessaúde,Seleção 2025 - Kit de equipamentos para Teleconsulta,Equipamento,Em licitação / Leilão,67523.61,0.0,2027,Federal,,Seleção,OGU,MS,2026-03-01,RIO GRANDE
2026-03-01,32979,RS,Rio Pardo,Kit de equipamentos para teleconsulta - 1 Equipamento,Saúde,Telessaúde,Seleção 2025 - Kit de equipamentos para Teleconsulta,Equipamento,Em licitação / Leilão,6138.51,0.0,2027,Federal,,Seleção,OGU,MS,2026-03-01,RIO PARDO
2026-03-01,32999,RS,Roca Sales,Kit de equipamentos para teleconsulta - 1 Equipamento,Saúde,Telessaúde,Seleção 2025 - Kit de equipamentos para Teleconsulta,Equipamento,Em licitação / Leilão,6138.51,0.0,2027,Federal,,Seleção,OGU,MS,2026-03-01,ROCA SALES
2026-03-01,2259,RS,Rodeio Bonito,Kit de equipamentos para teleconsulta - 1 Equipamento,Saúde,Telessaúde,Seleção 2025 - Kit de equipamentos para Teleconsulta,Equipamento,Concluído,6138.51,100.0,2026,Federal,,Seleção,OGU,MS,2026-03-01,RODEIO BONITO
2026-03-01,33010,RS,Rolante,Kit de equipamentos para teleconsulta - 1 Equipamento,Saúde,Telessaúde,Seleção 2025 - Kit de equipamentos para Teleconsulta,Equipamento,Em licitação / Leilão,6138.51,0.0,2027,Federal,,Seleção,OGU,MS,2026-03-01,ROLANTE
2026-03-01,2264,RS,Ronda Alta,Kit de equipamentos para teleconsulta - 1 Equipamento,Saúde,Telessaúde,Seleção 2025 - Kit de equipamentos para Teleconsulta,Equipamento,Concluído,6138.51,100.0,2026,Federal,,Seleção,OGU,MS,2026-03-01,RONDA ALTA
2026-03-01,33017,RS,Rondinha,Kit de equipamentos para teleconsulta - 1 Equipamento,Saúde,Telessaúde,Seleção 2025 - Kit de equipamentos para Teleconsulta,Equipamento,Em licitação / Leilão,6138.51,0.0,2027,Federal,,Seleção,OGU,MS,2026-03-01,RONDINHA
2026-03-01,33031,RS,Rosário do Sul,Kit de equipamentos para teleconsulta - 1 Equipamento,Saúde,Telessaúde,Seleção 2025 - Kit de equipamentos para Teleconsulta,Equipamento,Em licitação / Leilão,6138.51,0.0,2027,Federal,,Seleção,OGU,MS,2026-03-01,ROSÁRIO DO SUL
2026-03-01,33058,RS,Sagrada Família,Kit de equipamentos para teleconsulta - 1 Equipamento,Saúde,Telessaúde,Seleção 2025 - Kit de equipamentos para Teleconsulta,Equipamento,Em licitação / Leilão,6138.51,0.0,2027,Federal,,Seleção,OGU,MS,2026-03-01,SAGRADA FAMÍLIA
2026-03-01,33062,RS,Saldanha Marinho,Kit de equipamentos para teleconsulta - 1 Equipamento,Saúde,Telessaúde,Seleção 2025 - Kit de equipamentos para Teleconsulta,Equipamento,Em licitação / Leilão,6138.51,0.0,2027,Federal,,Seleção,OGU,MS,2026-03-01,SALDANHA MARINHO
2026-03-01,33092,RS,Salto do Jacuí,Kit de equipamentos para teleconsulta - 1 Equipamento,Saúde,Telessaúde,Seleção 2025 - Kit de equipamentos para Teleconsulta,Equipamento,Em licitação / Leilão,6138.51,0.0,2027,Federal,,Seleção,OGU,MS,2026-03-01,SALTO DO JACUÍ
2026-03-01,33097,RS,Salvador das Missões,Kit de equipamentos para teleconsulta - 1 Equipamento,Saúde,Telessaúde,Seleção 2025 - Kit de equipamentos para Teleconsulta,Equipamento,Em licitação / Leilão,6138.51,0.0,2027,Federal,,Seleção,OGU,MS,2026-03-01,SALVADOR DAS MISSÕES
2026-03-01,33112,RS,Santa Bárbara do Sul,Kit de equipamentos para teleconsulta - 1 Equipamento,Saúde,Telessaúde,Seleção 2025 - Kit de equipamentos para Teleconsulta,Equipamento,Em licitação / Leilão,6138.51,0.0,2027,Federal,,Seleção,OGU,MS,2026-03-01,SANTA BÁRBARA DO SUL
2026-03-01,33120,RS,Santa Cecília do Sul,Kit de equipamentos para teleconsulta - 1 Equipamento,Saúde,Telessaúde,Seleção 2025 - Kit de equipamentos para Teleconsulta,Equipamento,Em licitação / Leilão,6138.51,0.0,2027,Federal,,Seleção,OGU,MS,2026-03-01,SANTA CECÍLIA DO SUL
2026-03-01,33122,RS,Santa Clara do Sul,Kit de equipamentos para teleconsulta - 1 Equipamento,Saúde,Telessaúde,Seleção 2025 - Kit de equipamentos para Teleconsulta,Equipamento,Em licitação / Leilão,6138.51,0.0,2027,Federal,,Seleção,OGU,MS,2026-03-01,SANTA CLARA DO SUL
2026-03-01,33150,RS,Santa Cruz do Sul,Kit de equipamentos para teleconsulta - 1 Equipamento,Saúde,Telessaúde,Seleção 2025 - Kit de equipamentos para Teleconsulta,Equipamento,Em licitação / Leilão,6138.51,0.0,2027,Federal,,Seleção,OGU,MS,2026-03-01,SANTA CRUZ DO SUL
2026-03-01,33212,RS,Santa Margarida do Sul,Kit de equipamentos para teleconsulta - 1 Equipamento,Saúde,Telessaúde,Seleção 2025 - Kit de equipamentos para Teleconsulta,Equipamento,Em licitação / Leilão,6138.51,0.0,2027,Federal,,Seleção,OGU,MS,2026-03-01,SANTA MARGARIDA DO SUL
2026-03-01,33215,RS,Santa Maria,Kit de equipamentos para teleconsulta - 1 Equipamento,Saúde,Telessaúde,Seleção 2025 - Kit de equipamentos para Teleconsulta,Equipamento,Em licitação / Leilão,6138.51,0.0,2027,Federal,,Seleção,OGU,MS,2026-03-01,SANTA MARIA
2026-03-01,33251,RS,Santa Rosa,Kit de equipamentos para teleconsulta - 1 Equipamento,Saúde,Telessaúde,Seleção 2025 - Kit de equipamentos para Teleconsulta,Equipamento,Em licitação / Leilão,6138.51,0.0,2027,Federal,,Seleção,OGU,MS,2026-03-01,SANTA ROSA
2026-03-01,21086,RS,Santa Vitória do Palmar,Equipamentos multimídia para Teleconsulta,Saúde,Telessaúde,Equipamentos multimídia para Teleconsulta,Equipamento,Em licitação / Leilão,15000.0,0.0,2026,Municipal,,Planejamento Setorial,OGU,MS,2026-03-01,SANTA VITÓRIA DO PALMAR
2026-03-01,34656,RS,Santa Vitória do Palmar,Kit de equipamentos para teleconsulta - 3 Equipamentos,Saúde,Telessaúde,Seleção 2025 - Kit de equipamentos para Teleconsulta,Equipamento,Em licitação / Leilão,18415.53,0.0,2027,Federal,,Seleção,OGU,MS,2026-03-01,SANTA VITÓRIA DO PALMAR
2026-03-01,21524,RS,Santana da Boa Vista,Equipamentos multimídia para Teleconsulta,Saúde,Telessaúde,Equipamentos multimídia para Teleconsulta,Equipamento,Em licitação / Leilão,6138.51,0.0,2026,Federal,,Planejamento Setorial,OGU,MS,2026-03-01,SANTANA DA BOA VISTA
2026-03-01,33316,RS,Santiago,Kit de equipamentos para teleconsulta - 1 Equipamento,Saúde,Telessaúde,Seleção 2025 - Kit de equipamentos para Teleconsulta,Equipamento,Em licitação / Leilão,6138.51,0.0,2027,Federal,,Seleção,OGU,MS,2026-03-01,SANTIAGO
2026-03-01,33327,RS,Santo Ângelo,Kit de equipamentos para teleconsulta - 1 Equipamento,Saúde,Telessaúde,Seleção 2025 - Kit de equipamentos para Teleconsulta,Equipamento,Em licitação / Leilão,6138.51,0.0,2027,Federal,,Seleção,OGU,MS,2026-03-01,SANTO ÂNGELO
2026-03-01,2359,RS,Santo Antônio das Missões,Kit de equipamentos para teleconsulta - 2 Equipamentos,Saúde,Telessaúde,Seleção 2025 - Kit de equipamentos para Teleconsulta,Equipamento,Concluído,12277.02,100.0,2026,Federal,,Seleção,OGU,MS,2026-03-01,SANTO ANTÔNIO DAS MISSÕES
2026-03-01,33361,RS,Santo Antônio do Planalto,Kit de equipamentos para teleconsulta - 1 Equipamento,Saúde,Telessaúde,Seleção 2025 - Kit de equipamentos para Teleconsulta,Equipamento,Em licitação / Leilão,6138.51,0.0,2027,Federal,,Seleção,OGU,MS,2026-03-01,SANTO ANTÔNIO DO PLANALTO
2026-03-01,33369,RS,Santo Augusto,Kit de equipamentos para teleconsulta - 1 Equipamento,Saúde,Telessaúde,Seleção 2025 - Kit de equipamentos para Teleconsulta,Equipamento,Em licitação / Leilão,6138.51,0.0,2027,Federal,,Seleção,OGU,MS,2026-03-01,SANTO AUGUSTO
2026-03-01,33371,RS,Santo Cristo,Kit de equipamentos para teleconsulta - 1 Equipamento,Saúde,Telessaúde,Seleção 2025 - Kit de equipamentos para Teleconsulta,Equipamento,Em licitação / Leilão,6138.51,0.0,2027,Federal,,Seleção,OGU,MS,2026-03-01,SANTO CRISTO
2026-03-01,2393,RS,São Domingos do Sul,Kit de equipamentos para teleconsulta - 1 Equipamento,Saúde,Telessaúde,Seleção 2025 - Kit de equipamentos para Teleconsulta,Equipamento,Concluído,6138.51,100.0,2026,Federal,,Seleção,OGU,MS,2026-03-01,SÃO DOMINGOS DO SUL
2026-03-01,33447,RS,São Francisco de Assis,Kit de equipamentos para teleconsulta - 1 Equipamento,Saúde,Telessaúde,Seleção 2025 - Kit de equipamentos para Teleconsulta,Equipamento,Em licitação / Leilão,6138.51,0.0,2027,Federal,,Seleção,OGU,MS,2026-03-01,SÃO FRANCISCO DE ASSIS
2026-03-01,21088,RS,São Francisco de Paula,Equipamentos multimídia para Teleconsulta,Saúde,Telessaúde,Equipamentos multimídia para Teleconsulta,Equipamento,Em licitação / Leilão,30000.0,0.0,2026,Municipal,,Planejamento Setorial,OGU,MS,2026-03-01,SÃO FRANCISCO DE PAULA
2026-03-01,34588,RS,São Francisco de Paula,Kit de equipamentos para teleconsulta - 2 Equipamentos,Saúde,Telessaúde,Seleção 2025 - Kit de equipamentos para Teleconsulta,Equipamento,Em licitação / Leilão,12277.02,0.0,2027,Federal,,Seleção,OGU,MS,2026-03-01,SÃO FRANCISCO DE PAULA
2026-03-01,33489,RS,São Jerônimo,Kit de equipamentos para teleconsulta - 1 Equipamento,Saúde,Telessaúde,Seleção 2025 - Kit de equipamentos para Teleconsulta,Equipamento,Em licitação / Leilão,6138.51,0.0,2027,Federal,,Seleção,OGU,MS,2026-03-01,SÃO JERÔNIMO
2026-03-01,33557,RS,São Jorge,Kit de equipamentos para teleconsulta - 1 Equipamento,Saúde,Telessaúde,Seleção 2025 - Kit de equipamentos para Teleconsulta,Equipamento,Em licitação / Leilão,6138.51,0.0,2027,Federal,,Seleção,OGU,MS,2026-03-01,SÃO JORGE
2026-03-01,33575,RS,São José das Missões,Kit de equipamentos para teleconsulta - 1 Equipamento,Saúde,Telessaúde,Seleção 2025 - Kit de equipamentos para Teleconsulta,Equipamento,Em licitação / Leilão,6138.51,0.0,2027,Federal,,Seleção,OGU,MS,2026-03-01,SÃO JOSÉ DAS MISSÕES
2026-03-01,21090,RS,São José do Inhacorá,Equipamentos multimídia para Teleconsulta,Saúde,Telessaúde,Equipamentos multimídia para Teleconsulta,Equipamento,Em licitação / Leilão,15000.0,0.0,2026,Municipal,,Planejamento Setorial,OGU,MS,2026-03-01,SÃO JOSÉ DO INHACORÁ
2026-03-01,33607,RS,São José do Ouro,Kit de equipamentos para teleconsulta - 1 Equipamento,Saúde,Telessaúde,Seleção 2025 - Kit de equipamentos para Teleconsulta,Equipamento,Em licitação / Leilão,6138.51,0.0,2027,Federal,,Seleção,OGU,MS,2026-03-01,SÃO JOSÉ DO OURO
2026-03-01,33622,RS,São José do Sul,Kit de equipamentos para teleconsulta - 1 Equipamento,Saúde,Telessaúde,Seleção 2025 - Kit de equipamentos para Teleconsulta,Equipamento,Em licitação / Leilão,6138.51,0.0,2027,Federal,,Seleção,OGU,MS,2026-03-01,SÃO JOSÉ DO SUL
2026-03-01,21092,RS,São Leopoldo,Equipamentos multimídia para Teleconsulta,Saúde,Telessaúde,Equipamentos multimídia para Teleconsulta,Equipamento,Em licitação / Leilão,90000.0,0.0,2026,Municipal,,Planejamento Setorial,OGU,MS,2026-03-01,SÃO LEOPOLDO
2026-03-01,34791,RS,São Leopoldo,Kit de equipamentos para teleconsulta - 5 Equipamentos,Saúde,Telessaúde,Seleção 2025 - Kit de equipamentos para Teleconsulta,Equipamento,Em licitação / Leilão,30692.55,0.0,2027,Federal,,Seleção,OGU,MS,2026-03-01,SÃO LEOPOLDO
2026-03-01,34773,RS,São Lourenço do Sul,Kit de equipamentos para teleconsulta - 4 Equipamentos,Saúde,Telessaúde,Seleção 2025 - Kit de equipamentos para Teleconsulta,Equipamento,Em licitação / Leilão,24554.04,0.0,2027,Federal,,Seleção,OGU,MS,2026-03-01,SÃO LOURENÇO DO SUL
2026-03-01,33658,RS,São Luiz Gonzaga,Kit de equipamentos para teleconsulta - 1 Equipamento,Saúde,Telessaúde,Seleção 2025 - Kit de equipamentos para Teleconsulta,Equipamento,Em licitação / Leilão,6138.51,0.0,2027,Federal,,Seleção,OGU,MS,2026-03-01,SÃO LUIZ GONZAGA
2026-03-01,21094,RS,São Marcos,Equipamentos multimídia para Teleconsulta,Saúde,Telessaúde,Equipamentos multimídia para Teleconsulta,Equipamento,Em licitação / Leilão,15000.0,0.0,2026,Municipal,,Planejamento Setorial,OGU,MS,2026-03-01,SÃO MARCOS
2026-03-01,34660,RS,São Marcos,Kit de equipamentos para teleconsulta - 3 Equipamentos,Saúde,Telessaúde,Seleção 2025 - Kit de equipamentos para Teleconsulta,Equipamento,Em licitação / Leilão,18415.53,0.0,2027,Federal,,Seleção,OGU,MS,2026-03-01,SÃO MARCOS
2026-03-01,33692,RS,São Paulo das Missões,Kit de equipamentos para teleconsulta - 1 Equipamento,Saúde,Telessaúde,Seleção 2025 - Kit de equipamentos para Teleconsulta,Equipamento,Em licitação / Leilão,6138.51,0.0,2027,Federal,,Seleção,OGU,MS,2026-03-01,SÃO PAULO DAS MISSÕES
2026-03-01,2476,RS,São Pedro das Missões,Kit de equipamentos para teleconsulta - 1 Equipamento,Saúde,Telessaúde,Seleção 2025 - Kit de equipamentos para Teleconsulta,Equipamento,Concluído,6138.51,100.0,2026,Federal,,Seleção,OGU,MS,2026-03-01,SÃO PEDRO DAS MISSÕES
2026-03-01,33710,RS,São Pedro do Sul,Kit de equipamentos para teleconsulta - 1 Equipamento,Saúde,Telessaúde,Seleção 2025 - Kit de equipamentos para Teleconsulta,Equipamento,Em licitação / Leilão,6138.51,0.0,2027,Federal,,Seleção,OGU,MS,2026-03-01,SÃO PEDRO DO SUL
2026-03-01,33731,RS,São Sebastião do Caí,Kit de equipamentos para teleconsulta - 1 Equipamento,Saúde,Telessaúde,Seleção 2025 - Kit de equipamentos para Teleconsulta,Equipamento,Em licitação / Leilão,6138.51,0.0,2027,Federal,,Seleção,OGU,MS,2026-03-01,SÃO SEBASTIÃO DO CAÍ
2026-03-01,33739,RS,São Sepé,Kit de equipamentos para teleconsulta - 1 Equipamento,Saúde,Telessaúde,Seleção 2025 - Kit de equipamentos para Teleconsulta,Equipamento,Em licitação / Leilão,6138.51,0.0,2027,Federal,,Seleção,OGU,MS,2026-03-01,SÃO SEPÉ
2026-03-01,2492,RS,São Valentim,Kit de equipamentos para teleconsulta - 1 Equipamento,Saúde,Telessaúde,Seleção 2025 - Kit de equipamentos para Teleconsulta,Equipamento,Concluído,6138.51,100.0,2026,Federal,,Seleção,OGU,MS,2026-03-01,SÃO VALENTIM
2026-03-01,33754,RS,São Valentim do Sul,Kit de equipamentos para teleconsulta - 1 Equipamento,Saúde,Telessaúde,Seleção 2025 - Kit de equipamentos para Teleconsulta,Equipamento,Em licitação / Leilão,6138.51,0.0,2027,Federal,,Seleção,OGU,MS,2026-03-01,SÃO VALENTIM DO SUL
2026-03-01,2494,RS,São Valério do Sul,Kit de equipamentos para teleconsulta - 1 Equipamento,Saúde,Telessaúde,Seleção 2025 - Kit de equipamentos para Teleconsulta,Equipamento,Concluído,6138.51,100.0,2026,Federal,,Seleção,OGU,MS,2026-03-01,SÃO VALÉRIO DO SUL
2026-03-01,33764,RS,São Vicente do Sul,Kit de equipamentos para teleconsulta - 1 Equipamento,Saúde,Telessaúde,Seleção 2025 - Kit de equipamentos para Teleconsulta,Equipamento,Em licitação / Leilão,6138.51,0.0,2027,Federal,,Seleção,OGU,MS,2026-03-01,SÃO VICENTE DO SUL
2026-03-01,33772,RS,Sapiranga,Kit de equipamentos para teleconsulta - 1 Equipamento,Saúde,Telessaúde,Seleção 2025 - Kit de equipamentos para Teleconsulta,Equipamento,Em licitação / Leilão,6138.51,0.0,2027,Federal,,Seleção,OGU,MS,2026-03-01,SAPIRANGA
2026-03-01,33778,RS,Sapucaia do Sul,Kit de equipamentos para teleconsulta - 1 Equipamento,Saúde,Telessaúde,Seleção 2025 - Kit de equipamentos para Teleconsulta,Equipamento,Em licitação / Leilão,6138.51,0.0,2027,Federal,,Seleção,OGU,MS,2026-03-01,SAPUCAIA DO SUL
2026-03-01,33780,RS,Sarandi,Kit de equipamentos para teleconsulta - 1 Equipamento,Saúde,Telessaúde,Seleção 2025 - Kit de equipamentos para Teleconsulta,Equipamento,Em licitação / Leilão,6138.51,0.0,2027,Federal,,Seleção,OGU,MS,2026-03-01,SARANDI
2026-03-01,33802,RS,Seberi,Kit de equipamentos para teleconsulta - 1 Equipamento,Saúde,Telessaúde,Seleção 2025 - Kit de equipamentos para Teleconsulta,Equipamento,Em licitação / Leilão,6138.51,0.0,2027,Federal,,Seleção,OGU,MS,2026-03-01,SEBERI
2026-03-01,33804,RS,Sede Nova,Kit de equipamentos para teleconsulta - 1 Equipamento,Saúde,Telessaúde,Seleção 2025 - Kit de equipamentos para Teleconsulta,Equipamento,Em licitação / Leilão,6138.51,0.0,2027,Federal,,Seleção,OGU,MS,2026-03-01,SEDE NOVA
2026-03-01,2518,RS,Segredo,Kit de equipamentos para teleconsulta - 1 Equipamento,Saúde,Telessaúde,Seleção 2025 - Kit de equipamentos para Teleconsulta,Equipamento,Concluído,6138.51,100.0,2026,Federal,,Seleção,OGU,MS,2026-03-01,SEGREDO
2026-03-01,33807,RS,Selbach,Kit de equipamentos para teleconsulta - 1 Equipamento,Saúde,Telessaúde,Seleção 2025 - Kit de equipamentos para Teleconsulta,Equipamento,Em licitação / Leilão,6138.51,0.0,2027,Federal,,Seleção,OGU,MS,2026-03-01,SELBACH
2026-03-01,21206,RS,Sentinela do Sul,Equipamentos multimídia para Teleconsulta,Saúde,Telessaúde,Equipamentos multimídia para Teleconsulta,Equipamento,Em licitação / Leilão,15000.0,0.0,2026,Municipal,,Planejamento Setorial,OGU,MS,2026-03-01,SENTINELA DO SUL
2026-03-01,21526,RS,Sentinela do Sul,Equipamentos multimídia para Teleconsulta,Saúde,Telessaúde,Equipamentos multimídia para Teleconsulta,Equipamento,Em licitação / Leilão,6138.51,0.0,2026,Federal,,Planejamento Setorial,OGU,MS,2026-03-01,SENTINELA DO SUL
2026-03-01,33830,RS,Sério,Kit de equipamentos para teleconsulta - 1 Equipamento,Saúde,Telessaúde,Seleção 2025 - Kit de equipamentos para Teleconsulta,Equipamento,Em licitação / Leilão,6138.51,0.0,2027,Federal,,Seleção,OGU,MS,2026-03-01,SÉRIO
2026-03-01,2552,RS,Sertão,Kit de equipamentos para teleconsulta - 1 Equipamento,Saúde,Telessaúde,Seleção 2025 - Kit de equipamentos para Teleconsulta,Equipamento,Concluído,6138.51,100.0,2026,Federal,,Seleção,OGU,MS,2026-03-01,SERTÃO
2026-03-01,21528,RS,Sertão Santana,Equipamentos multimídia para Teleconsulta,Saúde,Telessaúde,Equipamentos multimídia para Teleconsulta,Equipamento,Em licitação / Leilão,6138.51,0.0,2026,Federal,,Planejamento Setorial,OGU,MS,2026-03-01,SERTÃO SANTANA
2026-03-01,33868,RS,Sete de Setembro,Kit de equipamentos para teleconsulta - 1 Equipamento,Saúde,Telessaúde,Seleção 2025 - Kit de equipamentos para Teleconsulta,Equipamento,Em licitação / Leilão,6138.51,0.0,2027,Federal,,Seleção,OGU,MS,2026-03-01,SETE DE SETEMBRO
2026-03-01,33873,RS,Severiano de Almeida,Kit de equipamentos para teleconsulta - 1 Equipamento,Saúde,Telessaúde,Seleção 2025 - Kit de equipamentos para Teleconsulta,Equipamento,Em licitação / Leilão,6138.51,0.0,2027,Federal,,Seleção,OGU,MS,2026-03-01,SEVERIANO DE ALMEIDA
2026-03-01,2562,RS,Sinimbu,Kit de equipamentos para teleconsulta - 1 Equipamento,Saúde,Telessaúde,Seleção 2025 - Kit de equipamentos para Teleconsulta,Equipamento,Concluído,6138.51,100.0,2026,Federal,,Seleção,OGU,MS,2026-03-01,SINIMBU
2026-03-01,33894,RS,Sobradinho,Kit de equipamentos para teleconsulta - 1 Equipamento,Saúde,Telessaúde,Seleção 2025 - Kit de equipamentos para Teleconsulta,Equipamento,Em licitação / Leilão,6138.51,0.0,2027,Federal,,Seleção,OGU,MS,2026-03-01,SOBRADINHO
2026-03-01,21096,RS,Soledade,Equipamentos multimídia para Teleconsulta,Saúde,Telessaúde,Equipamentos multimídia para Teleconsulta,Equipamento,Em licitação / Leilão,15000.0,0.0,2026,Municipal,,Planejamento Setorial,OGU,MS,2026-03-01,SOLEDADE
2026-03-01,34668,RS,Soledade,Kit de equipamentos para teleconsulta - 3 Equipamentos,Saúde,Telessaúde,Seleção 2025 - Kit de equipamentos para Teleconsulta,Equipamento,Em licitação / Leilão,18415.53,0.0,2027,Federal,,Seleção,OGU,MS,2026-03-01,SOLEDADE
2026-03-01,33927,RS,Tabaí,Kit de equipamentos para teleconsulta - 1 Equipamento,Saúde,Telessaúde,Seleção 2025 - Kit de equipamentos para Teleconsulta,Equipamento,Em licitação / Leilão,6138.51,0.0,2027,Federal,,Seleção,OGU,MS,2026-03-01,TABAÍ
2026-03-01,33969,RS,Tapejara,Kit de equipamentos para teleconsulta - 1 Equipamento,Saúde,Telessaúde,Seleção 2025 - Kit de equipamentos para Teleconsulta,Equipamento,Em licitação / Leilão,6138.51,0.0,2027,Federal,,Seleção,OGU,MS,2026-03-01,TAPEJARA
2026-03-01,33970,RS,Tapera,Kit de equipamentos para teleconsulta - 1 Equipamento,Saúde,Telessaúde,Seleção 2025 - Kit de equipamentos para Teleconsulta,Equipamento,Em licitação / Leilão,6138.51,0.0,2027,Federal,,Seleção,OGU,MS,2026-03-01,TAPERA
2026-03-01,33972,RS,Tapes,Kit de equipamentos para teleconsulta - 1 Equipamento,Saúde,Telessaúde,Seleção 2025 - Kit de equipamentos para Teleconsulta,Equipamento,Em licitação / Leilão,6138.51,0.0,2027,Federal,,Seleção,OGU,MS,2026-03-01,TAPES
2026-03-01,33978,RS,Taquara,Kit de equipamentos para teleconsulta - 1 Equipamento,Saúde,Telessaúde,Seleção 2025 - Kit de equipamentos para Teleconsulta,Equipamento,Em licitação / Leilão,6138.51,0.0,2027,Federal,,Seleção,OGU,MS,2026-03-01,TAQUARA
2026-03-01,33985,RS,Taquari,Kit de equipamentos para teleconsulta - 1 Equipamento,Saúde,Telessaúde,Seleção 2025 - Kit de equipamentos para Teleconsulta,Equipamento,Em licitação / Leilão,6138.51,0.0,2027,Federal,,Seleção,OGU,MS,2026-03-01,TAQUARI
2026-03-01,34009,RS,Tavares,Kit de equipamentos para teleconsulta - 1 Equipamento,Saúde,Telessaúde,Seleção 2025 - Kit de equipamentos para Teleconsulta,Equipamento,Em licitação / Leilão,6138.51,0.0,2027,Federal,,Seleção,OGU,MS,2026-03-01,TAVARES
2026-03-01,21530,RS,Tenente Portela,Equipamentos multimídia para Teleconsulta,Saúde,Telessaúde,Equipamentos multimídia para Teleconsulta,Equipamento,Em licitação / Leilão,6138.51,0.0,2026,Federal,,Planejamento Setorial,OGU,MS,2026-03-01,TENENTE PORTELA
2026-03-01,34052,RS,Teutônia,Kit de equipamentos para teleconsulta - 1 Equipamento,Saúde,Telessaúde,Seleção 2025 - Kit de equipamentos para Teleconsulta,Equipamento,Em licitação / Leilão,6138.51,0.0,2027,Federal,,Seleção,OGU,MS,2026-03-01,TEUTÔNIA
2026-03-01,34082,RS,Tio Hugo,Kit de equipamentos para teleconsulta - 1 Equipamento,Saúde,Telessaúde,Seleção 2025 - Kit de equipamentos para Teleconsulta,Equipamento,Em licitação / Leilão,6138.51,0.0,2027,Federal,,Seleção,OGU,MS,2026-03-01,TIO HUGO
2026-03-01,34084,RS,Tiradentes do Sul,Kit de equipamentos para teleconsulta - 1 Equipamento,Saúde,Telessaúde,Seleção 2025 - Kit de equipamentos para Teleconsulta,Equipamento,Em licitação / Leilão,6138.51,0.0,2027,Federal,,Seleção,OGU,MS,2026-03-01,TIRADENTES DO SUL
2026-03-01,34108,RS,Torres,Kit de equipamentos para teleconsulta - 1 Equipamento,Saúde,Telessaúde,Seleção 2025 - Kit de equipamentos para Teleconsulta,Equipamento,Em licitação / Leilão,6138.51,0.0,2027,Federal,,Seleção,OGU,MS,2026-03-01,TORRES
2026-03-01,34115,RS,Tramandaí,Kit de equipamentos para teleconsulta - 1 Equipamento,Saúde,Telessaúde,Seleção 2025 - Kit de equipamentos para Teleconsulta,Equipamento,Em licitação / Leilão,6138.51,0.0,2027,Federal,,Seleção,OGU,MS,2026-03-01,TRAMANDAÍ
2026-03-01,34117,RS,Travesseiro,Kit de equipamentos para teleconsulta - 1 Equipamento,Saúde,Telessaúde,Seleção 2025 - Kit de equipamentos para Teleconsulta,Equipamento,Em licitação / Leilão,6138.51,0.0,2027,Federal,,Seleção,OGU,MS,2026-03-01,TRAVESSEIRO
2026-03-01,34121,RS,Três Arroios,Kit de equipamentos para teleconsulta - 1 Equipamento,Saúde,Telessaúde,Seleção 2025 - Kit de equipamentos para Teleconsulta,Equipamento,Em licitação / Leilão,6138.51,0.0,2027,Federal,,Seleção,OGU,MS,2026-03-01,TRÊS ARROIOS
2026-03-01,34127,RS,Três Coroas,Kit de equipamentos para teleconsulta - 1 Equipamento,Saúde,Telessaúde,Seleção 2025 - Kit de equipamentos para Teleconsulta,Equipamento,Em licitação / Leilão,6138.51,0.0,2027,Federal,,Seleção,OGU,MS,2026-03-01,TRÊS COROAS
2026-03-01,34129,RS,Três de Maio,Kit de equipamentos para teleconsulta - 1 Equipamento,Saúde,Telessaúde,Seleção 2025 - Kit de equipamentos para Teleconsulta,Equipamento,Em licitação / Leilão,6138.51,0.0,2027,Federal,,Seleção,OGU,MS,2026-03-01,TRÊS DE MAIO
2026-03-01,2651,RS,Três Palmeiras,Kit de equipamentos para teleconsulta - 1 Equipamento,Saúde,Telessaúde,Seleção 2025 - Kit de equipamentos para Teleconsulta,Equipamento,Concluído,6138.51,100.0,2026,Federal,,Seleção,OGU,MS,2026-03-01,TRÊS PALMEIRAS
2026-03-01,34138,RS,Três Passos,Kit de equipamentos para teleconsulta - 1 Equipamento,Saúde,Telessaúde,Seleção 2025 - Kit de equipamentos para Teleconsulta,Equipamento,Em licitação / Leilão,6138.51,0.0,2027,Federal,,Seleção,OGU,MS,2026-03-01,TRÊS PASSOS
2026-03-01,2653,RS,Trindade do Sul,Kit de equipamentos para teleconsulta - 1 Equipamento,Saúde,Telessaúde,Seleção 2025 - Kit de equipamentos para Teleconsulta,Equipamento,Concluído,6138.51,100.0,2026,Federal,,Seleção,OGU,MS,2026-03-01,TRINDADE DO SUL
2026-03-01,34159,RS,Triunfo,Kit de equipamentos para teleconsulta - 1 Equipamento,Saúde,Telessaúde,Seleção 2025 - Kit de equipamentos para Teleconsulta,Equipamento,Em licitação / Leilão,6138.51,0.0,2027,Federal,,Seleção,OGU,MS,2026-03-01,TRIUNFO
2026-03-01,34170,RS,Tucunduva,Kit de equipamentos para teleconsulta - 1 Equipamento,Saúde,Telessaúde,Seleção 2025 - Kit de equipamentos para Teleconsulta,Equipamento,Em licitação / Leilão,6138.51,0.0,2027,Federal,,Seleção,OGU,MS,2026-03-01,TUCUNDUVA
2026-03-01,21532,RS,Tunas,Equipamentos multimídia para Teleconsulta,Saúde,Telessaúde,Equipamentos multimídia para Teleconsulta,Equipamento,Em licitação / Leilão,6138.51,0.0,2026,Federal,,Planejamento Setorial,OGU,MS,2026-03-01,TUNAS
2026-03-01,34179,RS,Tuparendi,Kit de equipamentos para teleconsulta - 1 Equipamento,Saúde,Telessaúde,Seleção 2025 - Kit de equipamentos para Teleconsulta,Equipamento,Em licitação / Leilão,6138.51,0.0,2027,Federal,,Seleção,OGU,MS,2026-03-01,TUPARENDI
2026-03-01,34203,RS,Ubiretama,Kit de equipamentos para teleconsulta - 1 Equipamento,Saúde,Telessaúde,Seleção 2025 - Kit de equipamentos para Teleconsulta,Equipamento,Em licitação / Leilão,6138.51,0.0,2027,Federal,,Seleção,OGU,MS,2026-03-01,UBIRETAMA
2026-03-01,21534,RS,Vale Verde,Equipamentos multimídia para Teleconsulta,Saúde,Telessaúde,Equipamentos multimídia para Teleconsulta,Equipamento,Em licitação / Leilão,6138.51,0.0,2026,Federal,,Planejamento Setorial,OGU,MS,2026-03-01,VALE VERDE
2026-03-01,34293,RS,Venâncio Aires,Kit de equipamentos para teleconsulta - 1 Equipamento,Saúde,Telessaúde,Seleção 2025 - Kit de equipamentos para Teleconsulta,Equipamento,Em licitação / Leilão,6138.51,0.0,2027,Federal,,Seleção,OGU,MS,2026-03-01,VENÂNCIO AIRES
2026-03-01,21536,RS,Viadutos,Equipamentos multimídia para Teleconsulta,Saúde,Telessaúde,Equipamentos multimídia para Teleconsulta,Equipamento,Em licitação / Leilão,6138.51,0.0,2026,Federal,,Planejamento Setorial,OGU,MS,2026-03-01,VIADUTOS
2026-03-01,34304,RS,Viamão,Kit de equipamentos para teleconsulta - 1 Equipamento,Saúde,Telessaúde,Seleção 2025 - Kit de equipamentos para Teleconsulta,Equipamento,Em licitação / Leilão,6138.51,0.0,2027,Federal,,Seleção,OGU,MS,2026-03-01,VIAMÃO
2026-03-01,2754,RS,Vicente Dutra,Kit de equipamentos para teleconsulta - 1 Equipamento,Saúde,Telessaúde,Seleção 2025 - Kit de equipamentos para Teleconsulta,Equipamento,Concluído,6138.51,100.0,2026,Federal,,Seleção,OGU,MS,2026-03-01,VICENTE DUTRA
2026-03-01,34321,RS,Vila Flores,Kit de equipamentos para teleconsulta - 1 Equipamento,Saúde,Telessaúde,Seleção 2025 - Kit de equipamentos para Teleconsulta,Equipamento,Em licitação / Leilão,6138.51,0.0,2027,Federal,,Seleção,OGU,MS,2026-03-01,VILA FLORES
2026-03-01,34323,RS,Vila Maria,Kit de equipamentos para teleconsulta - 1 Equipamento,Saúde,Telessaúde,Seleção 2025 - Kit de equipamentos para Teleconsulta,Equipamento,Em licitação / Leilão,6138.51,0.0,2027,Federal,,Seleção,OGU,MS,2026-03-01,VILA MARIA
2026-03-01,34327,RS,Vila Nova do Sul,Kit de equipamentos para teleconsulta - 1 Equipamento,Saúde,Telessaúde,Seleção 2025 - Kit de equipamentos para Teleconsulta,Equipamento,Em licitação / Leilão,6138.51,0.0,2027,Federal,,Seleção,OGU,MS,2026-03-01,VILA NOVA DO SUL
2026-03-01,34343,RS,Vista Alegre,Kit de equipamentos para teleconsulta - 1 Equipamento,Saúde,Telessaúde,Seleção 2025 - Kit de equipamentos para Teleconsulta,Equipamento,Em licitação / Leilão,6138.51,0.0,2027,Federal,,Seleção,OGU,MS,2026-03-01,VISTA ALEGRE
2026-03-01,34347,RS,Vista Alegre do Prata,Kit de equipamentos para teleconsulta - 1 Equipamento,Saúde,Telessaúde,Seleção 2025 - Kit de equipamentos para Teleconsulta,Equipamento,Em licitação / Leilão,6138.51,0.0,2027,Federal,,Seleção,OGU,MS,2026-03-01,VISTA ALEGRE DO PRATA
2026-03-01,34353,RS,Vitória das Missões,Kit de equipamentos para teleconsulta - 1 Equipamento,Saúde,Telessaúde,Seleção 2025 - Kit de equipamentos para Teleconsulta,Equipamento,Em licitação / Leilão,6138.51,0.0,2027,Federal,,Seleção,OGU,MS,2026-03-01,VITÓRIA DAS MISSÕES
2026-03-01,34370,RS,Westfália,Kit de equipamentos para teleconsulta - 1 Equipamento,Saúde,Telessaúde,Seleção 2025 - Kit de equipamentos para Teleconsulta,Equipamento,Em licitação / Leilão,6138.51,0.0,2027,Federal,,Seleção,OGU,MS,2026-03-01,WESTFÁLIA
2026-03-01,4906,RS,Rio Grande,Conversão da Refinaria de Petróleo Riograndense em Biorrefinaria,Transição e Segurança Energética,Combustíveis de baixo carbono,Estudos para transição energética,Estudo / Projeto / Plano,Concluído,45000000.0,100.0,2024,Privado,,Planejamento Setorial,Privado,MME,2026-03-01,RIO GRANDE
2026-03-01,6172,RS,Canoas,IP CANOAS,Transição e Segurança Energética,Eficiência Energética,PPP em Implantação ou Licitada,Concessão / PPP,Concluído,114000000.0,100.0,2026,Municipal,,Planejamento Setorial,Privado,CC-PR,2026-03-01,CANOAS
2026-03-01,6176,RS,Caxias do Sul,IP CAXIAS DO SUL,Transição e Segurança Energética,Eficiência Energética,PPP em Implantação ou Licitada,Concessão / PPP,Em execução,124000000.0,90.0,2026,Municipal,,Planejamento Setorial,Privado,CC-PR,2026-03-01,CAXIAS DO SUL
2026-03-01,29041,RS,Gravataí,IP GRAVATAÍ (RS),Transição e Segurança Energética,Eficiência Energética,PPP em Estudos,Concessão / PPP,Concluído,1398231.0,100.0,2025,Municipal,,Planejamento Setorial,FIN,CC-PR,2026-03-01,GRAVATAÍ
2026-03-01,37411,RS,Cambará do Sul,UTE Cambará,Transição e Segurança Energética,Geração de Energia,Térmica Renovável,Obra,Em ação preparatória,107970000.0,0.0,2028,Privado,,Planejamento Setorial,Privado,MME,2026-03-01,CAMBARÁ DO SUL
2026-03-01,6936,RS,"Ibirapuitã, Tio Hugo",PCH Tio Hugo,Transição e Segurança Energética,Geração de Energia,Pequenas Centrais Hidrelétricas,Obra,Concluído,51777328.0,100.0,2024,Privado,,Planejamento Setorial,Privado,MME,2026-03-01,"IBIRAPUITÃ, TIO HUGO"
2026-03-01,6958,RS,Ijuí,PCH Linha Onze Oeste,Transição e Segurança Energética,Geração de Energia,Pequenas Centrais Hidrelétricas,Obra,Concluído,120984696.0,100.0,2025,Privado,,Planejamento Setorial,Privado,MME,2026-03-01,IJUÍ
2026-03-01,27907,RS,Ipê,PCH Saltinho RS,Transição e Segurança Energética,Geração de Energia,Pequenas Centrais Hidrelétricas,Obra,Concluído,139798782.0,100.0,2025,Privado,,Planejamento Setorial,Privado,MME,2026-03-01,IPÊ
2026-03-01,30903,RS,Itaqui,UTE Camil Cambaí,Transição e Segurança Energética,Geração de Energia,Térmica Renovável,Obra,Em execução,26106614.0,90.0,2026,Privado,,Planejamento Setorial,Privado,MME,2026-03-01,ITAQUI
2026-03-01,27909,RS,Mormaço,PCH Santo Antônio do Jacuí,Transição e Segurança Energética,Geração de Energia,Pequenas Centrais Hidrelétricas,Obra,Em execução,26657634.0,99.5,2026,Privado,,Planejamento Setorial,Privado,MME,2026-03-01,MORMAÇO
2026-03-01,6934,RS,"Quevedos, São Martinho da Serra",PCH Rincão São Miguel,Transição e Segurança Energética,Geração de Energia,Pequenas Centrais Hidrelétricas,Obra,Concluído,49983064.0,100.0,2024,Privado,,Planejamento Setorial,Privado,MME,2026-03-01,"QUEVEDOS, SÃO MARTINHO DA SERRA"
2026-03-01,19860,RS,Sant'Ana do Livramento,EOL Coxilha Negra 3,Transição e Segurança Energética,Geração de Energia,Eólicas,Obra,Concluído,443939758.0,100.0,2025,Privado,,Planejamento Setorial,Privado,MME,2026-03-01,SANT'ANA DO LIVRAMENTO
2026-03-01,19862,RS,Sant'Ana do Livramento,EOL Coxilha Negra 4,Transição e Segurança Energética,Geração de Energia,Eólicas,Obra,Em execução,408424577.0,100.0,2026,Privado,,Planejamento Setorial,Privado,MME,2026-03-01,SANT'ANA DO LIVRAMENTO
2026-03-01,15057,RS,Rio Grande,Construção de 5 navios Gaseiros em estaleiros nacionais,Transição e Segurança Energética,Petróleo e Gás,"RTCPG - Refino, Transporte, Comercialização, Petroquímica e Gasquímica",Obra,Em execução,0.0,14.54,2029,Federal,,Planejamento Setorial,Estatal,MME,2026-03-01,RIO GRANDE
2026-03-01,7077,RS,Rio Grande do Sul,LT 230 kV Capivari do Sul (RS) – Osório 3 (RS) – 35 km,Transição e Segurança Energética,Transmissão de Energia,Obras - Leilões antes de 2023,Obra,Em ação preparatória,54120720.0,0.0,2026,Privado,,Planejamento Setorial,Privado,MME,2026-03-01,RIO GRANDE DO SUL
2026-03-01,7032,RS,Rio Grande do Sul,LT 230 kV Caxias Norte (RS) – Caxias 6 (RS) – 30 km,Transição e Segurança Energética,Transmissão de Energia,Obras - Leilões antes de 2023,Obra,Concluído,61523564.0,100.0,2024,Privado,,Planejamento Setorial,Privado,MME,2026-03-01,RIO GRANDE DO SUL
2026-03-01,7036,RS,Rio Grande do Sul,LT 230 kV Caxias Norte (RS) – Monte Claro (RS) – 27 km,Transição e Segurança Energética,Transmissão de Energia,Obras - Leilões antes de 2023,Obra,Concluído,29103568.0,100.0,2024,Privado,,Planejamento Setorial,Privado,MME,2026-03-01,RIO GRANDE DO SUL
2026-03-01,7034,RS,Rio Grande do Sul,LT 230 kV Caxias Norte (RS) – Vinhedos (RS) – 24 km,Transição e Segurança Energética,Transmissão de Energia,Obras - Leilões antes de 2023,Obra,Concluído,20226372.0,100.0,2024,Privado,,Planejamento Setorial,Privado,MME,2026-03-01,RIO GRANDE DO SUL
2026-03-01,7073,RS,Rio Grande do Sul,LT 230 kV Guaíba 3 (RS) – Charqueadas 3 (RS) – 14 km,Transição e Segurança Energética,Transmissão de Energia,Obras - Leilões antes de 2023,Obra,Concluído,22189496.0,100.0,2024,Privado,,Planejamento Setorial,Privado,MME,2026-03-01,RIO GRANDE DO SUL
2026-03-01,7018,RS,Rio Grande do Sul,LT 230 kV Livramento 3 (RS) - Santa Maria 3 (RS) – 245 km,Transição e Segurança Energética,Transmissão de Energia,Obras - Leilões antes de 2023,Obra,Concluído,53958252.0,100.0,2023,Privado,,Planejamento Setorial,Privado,MME,2026-03-01,RIO GRANDE DO SUL
2026-03-01,7075,RS,Rio Grande do Sul,LT 230 kV Porto Alegre 1 (RS) – Porto Alegre 9 (RS) – 9 km,Transição e Segurança Energética,Transmissão de Energia,Obras - Leilões antes de 2023,Obra,Em ação preparatória,93358240.0,0.0,2026,Privado,,Planejamento Setorial,Privado,MME,2026-03-01,RIO GRANDE DO SUL
2026-03-01,7079,RS,Rio Grande do Sul,LT 230kV Guaíba 3 (RS) – Pólo Petroquímico (RS) – 34 km,Transição e Segurança Energética,Transmissão de Energia,Obras - Leilões antes de 2023,Obra,Em execução,36080480.0,21.0,2026,Privado,,Planejamento Setorial,Privado,MME,2026-03-01,RIO GRANDE DO SUL
2026-03-01,7022,RS,Rio Grande do Sul,LT 525kV Guaíba 3 (RS) - Capivari do Sul (RS) – 178 km,Transição e Segurança Energética,Transmissão de Energia,Obras - Leilões antes de 2023,Obra,Concluído,187438800.0,100.0,2024,Privado,,Planejamento Setorial,Privado,MME,2026-03-01,RIO GRANDE DO SUL
2026-03-01,7066,RS,Rio Grande do Sul,SE 230/138 kV Cachoeirinha 3 (RS),Transição e Segurança Energética,Transmissão de Energia,Obras - Leilões antes de 2023,Obra,Concluído,172755000.0,100.0,2024,Privado,,Planejamento Setorial,Privado,MME,2026-03-01,RIO GRANDE DO SUL
2026-03-01,7071,RS,Rio Grande do Sul,SE 230/69 kV Charqueadas 3 (RS),Transição e Segurança Energética,Transmissão de Energia,Obras - Leilões antes de 2023,Obra,Concluído,59968464.0,100.0,2024,Privado,,Planejamento Setorial,Privado,MME,2026-03-01,RIO GRANDE DO SUL
2026-03-01,7030,RS,Rio Grande do Sul,SE 525/230/138 kV Caxias Norte (RS),Transição e Segurança Energética,Transmissão de Energia,Obras - Leilões antes de 2023,Obra,Concluído,294348028.0,100.0,2025,Privado,,Planejamento Setorial,Privado,MME,2026-03-01,RIO GRANDE DO SUL
2026-03-01,4335,RS,Bagé,Investimentos no Aeroporto de Bagé-RS,Transporte Eficiente e Sustentável,Aeroportos,Investimentos das concessões existentes - Aeroportos,Obra,Concluído,5986041.0,100.0,2024,Privado,,Planejamento Setorial,Privado,MPOR,2026-03-01,BAGÉ
2026-03-01,593,RS,Caxias do Sul,Aeroporto de Caxias do Sul - Novo Aeroporto da Serra Gaúcha,Transporte Eficiente e Sustentável,Aeroportos,Novas obras - Aeroportos,Obra,Em licitação / Leilão,105000000.0,1.0,2029,Municipal,,Planejamento Setorial,OGU,MPOR,2026-03-01,CAXIAS DO SUL
2026-03-01,4385,RS,Pelotas,Investimentos no Aeroporto de Pelotas-RS,Transporte Eficiente e Sustentável,Aeroportos,Investimentos das concessões existentes - Aeroportos,Obra,Concluído,7518816.0,100.0,2024,Privado,,Planejamento Setorial,Privado,MPOR,2026-03-01,PELOTAS
2026-03-01,631,RS,Santa Maria,Aeroporto de Santa Maria-RS: Reforma e Ampliação do Terminal,Transporte Eficiente e Sustentável,Aeroportos,Novas obras - Aeroportos,Obra,Em ação preparatória,18500000.0,0.0,2027,Municipal,,Planejamento Setorial,OGU,MPOR,2026-03-01,SANTA MARIA
2026-03-01,35146,RS,Santa Rosa,Reforma e Ampliação do Aeroporto de Santa Rosa/RS,Transporte Eficiente e Sustentável,Aeroportos,Novas obras - Aeroportos,Obra,Em execução,19932883.0,34.0,2026,Municipal,,Planejamento Setorial,OGU,MPOR,2026-03-01,SANTA ROSA
2026-03-01,4421,RS,Uruguaiana,Investimentos no Aeroporto de Uruguaiana-RS,Transporte Eficiente e Sustentável,Aeroportos,Investimentos das concessões existentes - Aeroportos,Obra,Concluído,24109671.0,100.0,2024,Privado,,Planejamento Setorial,Privado,MPOR,2026-03-01,URUGUAIANA
2026-03-01,4464,RS,Bom Retiro do Sul,Eclusa Bom Retiro do Sul/RS - Modernização,Transporte Eficiente e Sustentável,Hidrovias,Eclusa - Modernização,Obra,Em execução,84522163.07,0.0,2028,Federal,,Planejamento Setorial,OGU,MPOR,2026-03-01,BOM RETIRO DO SUL
2026-03-01,13,RS,"Cachoeira do Sul, General Câmara, Rio Pardo, Bom Retiro do Sul",Crema das Eclusas do Sul,Transporte Eficiente e Sustentável,Hidrovias,Eclusa - Operação e Manutenção,Obra,Em execução,30195684.87,86.7,2026,Federal,,Planejamento Setorial,OGU,MPOR,2026-03-01,"CACHOEIRA DO SUL, GENERAL CÂMARA, RIO PARDO, BOM RETIRO DO SUL"
2026-03-01,4460,RS,General Câmara,Eclusa Amarópolis/RS - Modernização,Transporte Eficiente e Sustentável,Hidrovias,Eclusa - Modernização,Obra,Em execução,159999999.99,0.76,2027,Federal,,Planejamento Setorial,OGU,MPOR,2026-03-01,GENERAL CÂMARA
2026-03-01,4454,RS,"Pelotas, Rio Grande, Santa Vitória do Palmar",Dragagem e Sinalização Náutica da Lagoa Mirim,Transporte Eficiente e Sustentável,Hidrovias,Dragagem - Hidrovias,Obra,Concluído,32499999.0,100.0,2025,Federal,,Planejamento Setorial,OGU,MPOR,2026-03-01,"PELOTAS, RIO GRANDE, SANTA VITÓRIA DO PALMAR"
2026-03-01,19579,RS,"Pelotas, Rio Grande, Santa Vitória do Palmar",Dragagem e Sinalização Náutica da Lagoa Mirim,Transporte Eficiente e Sustentável,Hidrovias,Dragagem - Hidrovias,Obra,Em licitação / Leilão,58143019.65,0.0,2028,Federal,,Planejamento Setorial,OGU,MPOR,2026-03-01,"PELOTAS, RIO GRANDE, SANTA VITÓRIA DO PALMAR"
2026-03-01,5720,RS,"Porto Alegre, Triunfo, Arroio do Meio, São Borja",PMH da Lagoa Mirim,Transporte Eficiente e Sustentável,Hidrovias,"PMH, Estudos e Levantamentos Hidrográficos",Estudo / Projeto / Plano,Em ação preparatória,5000000.0,0.0,2031,Federal,,Planejamento Setorial,OGU,MPOR,2026-03-01,"PORTO ALEGRE, TRIUNFO, ARROIO DO MEIO, SÃO BORJA"
2026-03-01,4462,RS,Rio Pardo,Eclusa Anel de Dom Marco/RS - Modernização,Transporte Eficiente e Sustentável,Hidrovias,Eclusa - Modernização,Obra,Em execução,87200000.0,0.0,2029,Federal,,Planejamento Setorial,OGU,MPOR,2026-03-01,RIO PARDO
2026-03-01,4600,RS,Porto Alegre,Investimento no Porto de Porto Alegre: 3 Novos Arrendamentos,Transporte Eficiente e Sustentável,Portos,Novos Arrendamentos,Concessão / PPP,Em licitação / Leilão,0.0,0.0,2026,Privado,,Planejamento Setorial,Privado,MPOR,2026-03-01,PORTO ALEGRE
2026-03-01,4602,RS,Porto Alegre,Investimento no Porto de Porto Alegre: 3 Novos Arrendamentos,Transporte Eficiente e Sustentável,Portos,Novos Arrendamentos,Concessão / PPP,Em execução,0.0,100.0,2026,Privado,,Planejamento Setorial,Privado,MPOR,2026-03-01,PORTO ALEGRE
2026-03-01,4604,RS,Porto Alegre,Investimento no Porto de Porto Alegre: 3 Novos Arrendamentos,Transporte Eficiente e Sustentável,Portos,Novos Arrendamentos,Concessão / PPP,Em licitação / Leilão,0.0,0.0,2026,Privado,,Planejamento Setorial,Privado,MPOR,2026-03-01,PORTO ALEGRE
2026-03-01,33805,RS,Porto Alegre,Novo Arrendamento - POA26 - Porto de Porto Alegre/RS,Transporte Eficiente e Sustentável,Portos,Novos Arrendamentos,Concessão / PPP - Estudos,Em licitação / Leilão,0.0,0.0,2028,Privado,,Planejamento Setorial,Privado,MPOR,2026-03-01,PORTO ALEGRE
2026-03-01,3069,RS,Rio Grande,"ARRENDAMENTO - Tecon Rio Grande - Modernização do Terminal de Contêineres, no Porto de Rio Grande/RS",Transporte Eficiente e Sustentável,Portos,Arrendamentos Existentes,Concessão / PPP - Obra,Em execução,211502532.0,39.0,2026,Privado,,Planejamento Setorial,Privado,MPOR,2026-03-01,RIO GRANDE
2026-03-01,4635,RS,Rio Grande,Investimentos no Porto de Rio Grande: 2 Arrendamentos Vigentes,Transporte Eficiente e Sustentável,Portos,Novos Arrendamentos,Concessão / PPP,Em ação preparatória,20280000.0,0.0,2026,Privado,,Planejamento Setorial,Privado,MPOR,2026-03-01,RIO GRANDE
2026-03-01,33806,RS,Rio Grande,Novo Arrendamento - RIG10 - Porto de Rio Grande/RS,Transporte Eficiente e Sustentável,Portos,Novos Arrendamentos,Concessão / PPP - Estudos,Em execução,10702226.0,0.0,2025,Privado,,Planejamento Setorial,Privado,MPOR,2026-03-01,RIO GRANDE
2026-03-01,4629,RS,Rio Grande,Porto de Rio Grande: Implantação de Sistema de Tráfego Portuário VTS,Transporte Eficiente e Sustentável,Portos,Sistemas e Inovações Tecnológicas,Obra,Em execução,16800000.0,45.0,2028,Federal,,Planejamento Setorial,Estatal,MPOR,2026-03-01,RIO GRANDE
2026-03-01,4627,RS,Rio Grande,Porto de Rio Grande: Pavimentação Interna,Transporte Eficiente e Sustentável,Portos,Acessos Terrestres,Obra,Concluído,10000000.0,100.0,2024,Federal,,Planejamento Setorial,Estatal,MPOR,2026-03-01,RIO GRANDE
2026-03-01,34019,RS,Rio Grande do Sul,Manutenção e Restauração Rodoviária - Rio Grande do Sul - 2023,Transporte Eficiente e Sustentável,Rodovias,Manutenção/Restauração,Obra,Concluído,825819245.75,100.0,2023,Federal,,Planejamento Setorial,OGU,MT,2026-03-01,RIO GRANDE DO SUL
2026-03-01,34068,RS,Rio Grande do Sul,Manutenção e Restauração Rodoviária - Rio Grande do Sul - 2024,Transporte Eficiente e Sustentável,Rodovias,Manutenção/Restauração,Obra,Concluído,604054651.34,100.0,2024,Federal,,Planejamento Setorial,OGU,MT,2026-03-01,RIO GRANDE DO SUL
2026-03-01,34120,RS,Rio Grande do Sul,Manutenção e Restauração Rodoviária - Rio Grande do Sul - 2025,Transporte Eficiente e Sustentável,Rodovias,Manutenção/Restauração,Obra,Concluído,622669216.36,100.0,2025,Federal,,Planejamento Setorial,OGU,MT,2026-03-01,RIO GRANDE DO SUL
2026-03-01,34171,RS,Rio Grande do Sul,Manutenção e Restauração Rodoviária - Rio Grande do Sul - 2026,Transporte Eficiente e Sustentável,Rodovias,Manutenção/Restauração,Obra,Em execução,623792390.96,30.0,2026,Federal,,Planejamento Setorial,OGU,MT,2026-03-01,RIO GRANDE DO SUL
2026-03-01,3415,RS,"Arambaré, Barra do Ribeiro, Camaquã, Cristal, Eldorado do Sul, Guaíba, Pelotas, Porto Alegre, São Lourenço do Sul, Sentinela do Sul, Tapes, Turuçu",BR-116/RS - Lote 10 - Adequação de trecho rodoviário - Porto Alegre - Pelotas,Transporte Eficiente e Sustentável,Rodovias,Duplicação/Adequação,Obra,Em execução,85900000.0,98.41,2026,Federal,,Planejamento Setorial,OGU,MT,2026-03-01,"ARAMBARÉ, BARRA DO RIBEIRO, CAMAQUÃ, CRISTAL, ELDORADO DO SUL, GUAÍBA, PELOTAS, PORTO ALEGRE, SÃO LOURENÇO DO SUL, SENTINELA DO SUL, TAPES, TURUÇU"
2026-03-01,3417,RS,"Arambaré, Barra do Ribeiro, Camaquã, Cristal, Eldorado do Sul, Guaíba, Pelotas, Porto Alegre, São Lourenço do Sul, Sentinela do Sul, Tapes, Turuçu",BR-116/RS - Lote 3 E 4 - Adequação de trecho rodoviário - Porto Alegre - Pelotas,Transporte Eficiente e Sustentável,Rodovias,Duplicação/Adequação,Obra,Em ação preparatória,1673098.59,0.0,2027,Federal,,Articulação com os entes federados,OGU,MT,2026-03-01,"ARAMBARÉ, BARRA DO RIBEIRO, CAMAQUÃ, CRISTAL, ELDORADO DO SUL, GUAÍBA, PELOTAS, PORTO ALEGRE, SÃO LOURENÇO DO SUL, SENTINELA DO SUL, TAPES, TURUÇU"
2026-03-01,3419,RS,"Arambaré, Barra do Ribeiro, Camaquã, Cristal, Eldorado do Sul, Guaíba, Pelotas, Porto Alegre, São Lourenço do Sul, Sentinela do Sul, Tapes, Turuçu",BR-116/RS - Lote 5 - Adequação de trecho rodoviário - Porto Alegre - Pelotas,Transporte Eficiente e Sustentável,Rodovias,Duplicação/Adequação,Obra,Em execução,230701620.89,72.0,2026,Federal,,Articulação com os entes federados,OGU,MT,2026-03-01,"ARAMBARÉ, BARRA DO RIBEIRO, CAMAQUÃ, CRISTAL, ELDORADO DO SUL, GUAÍBA, PELOTAS, PORTO ALEGRE, SÃO LOURENÇO DO SUL, SENTINELA DO SUL, TAPES, TURUÇU"
2026-03-01,3421,RS,"Arambaré, Barra do Ribeiro, Camaquã, Cristal, Eldorado do Sul, Guaíba, Pelotas, Porto Alegre, São Lourenço do Sul, Sentinela do Sul, Tapes, Turuçu",BR-116/RS - Lote 6 - Adequação de trecho rodoviário - Porto Alegre - Pelotas,Transporte Eficiente e Sustentável,Rodovias,Duplicação/Adequação,Obra,Em execução,163077871.41,76.0,2026,Federal,,Articulação com os entes federados,OGU,MT,2026-03-01,"ARAMBARÉ, BARRA DO RIBEIRO, CAMAQUÃ, CRISTAL, ELDORADO DO SUL, GUAÍBA, PELOTAS, PORTO ALEGRE, SÃO LOURENÇO DO SUL, SENTINELA DO SUL, TAPES, TURUÇU"
2026-03-01,3423,RS,"Arambaré, Barra do Ribeiro, Camaquã, Cristal, Eldorado do Sul, Guaíba, Pelotas, Porto Alegre, São Lourenço do Sul, Sentinela do Sul, Tapes, Turuçu",BR-116/RS - Lote 7 - Adequação de trecho rodoviário - Porto Alegre - Pelotas,Transporte Eficiente e Sustentável,Rodovias,Duplicação/Adequação,Obra,Em execução,42463415.06,93.0,2026,Federal,,Articulação com os entes federados,OGU,MT,2026-03-01,"ARAMBARÉ, BARRA DO RIBEIRO, CAMAQUÃ, CRISTAL, ELDORADO DO SUL, GUAÍBA, PELOTAS, PORTO ALEGRE, SÃO LOURENÇO DO SUL, SENTINELA DO SUL, TAPES, TURUÇU"
2026-03-01,3425,RS,"Arambaré, Barra do Ribeiro, Camaquã, Cristal, Eldorado do Sul, Guaíba, Pelotas, Porto Alegre, São Lourenço do Sul, Sentinela do Sul, Tapes, Turuçu",BR-116/RS - Lote 8/9 - Adequação de trecho rodoviário - Porto Alegre - Pelotas,Transporte Eficiente e Sustentável,Rodovias,Duplicação/Adequação,Obra,Em execução,101800000.0,85.0,2026,Federal,,Planejamento Setorial,OGU,MT,2026-03-01,"ARAMBARÉ, BARRA DO RIBEIRO, CAMAQUÃ, CRISTAL, ELDORADO DO SUL, GUAÍBA, PELOTAS, PORTO ALEGRE, SÃO LOURENÇO DO SUL, SENTINELA DO SUL, TAPES, TURUÇU"
2026-03-01,4195,RS,"Arambaré, Barra do Ribeiro, Camaquã, Cristal, Eldorado do Sul, Guaíba, Pelotas, Porto Alegre, São Lourenço do Sul, Sentinela do Sul, Tapes, Turuçu",Duplicação da BR-116/RS (Porto Alegre – Pelotas) (10 lotes),Transporte Eficiente e Sustentável,Rodovias,Duplicação/Adequação,Obra,Em ação preparatória,188435686.42,80.0,2029,Federal,,Articulação com os entes federados,OGU,MT,2026-03-01,"ARAMBARÉ, BARRA DO RIBEIRO, CAMAQUÃ, CRISTAL, ELDORADO DO SUL, GUAÍBA, PELOTAS, PORTO ALEGRE, SÃO LOURENÇO DO SUL, SENTINELA DO SUL, TAPES, TURUÇU"
2026-03-01,3470,RS,"Arroio dos Ratos, Butiá, Eldorado do Sul, Minas do Leão, Pantano Grande, Rio Pardo, São Jerônimo",BR-290/RS - Lote 2 - Adequação de trecho rodoviário - Entr. BR-116 (P/ Guaíba) - Entr. BR-471 (Pantano Grande),Transporte Eficiente e Sustentável,Rodovias,Duplicação/Adequação,Obra,Em ação preparatória,220816522.06,10.0,2029,Federal,,Articulação com os entes federados,OGU,MT,2026-03-01,"ARROIO DOS RATOS, BUTIÁ, ELDORADO DO SUL, MINAS DO LEÃO, PANTANO GRANDE, RIO PARDO, SÃO JERÔNIMO"
2026-03-01,3471,RS,"Arroio dos Ratos, Butiá, Eldorado do Sul, Minas do Leão, Pantano Grande, Rio Pardo, São Jerônimo",BR-290/RS - Lote 3 - Adequação de trecho rodoviário - Entr. BR-116 (P/ Guaíba) - Entr. BR-471 (Pantano Grande),Transporte Eficiente e Sustentável,Rodovias,Duplicação/Adequação,Obra,Em execução,278867857.27,36.0,2026,Federal,,Articulação com os entes federados,OGU,MT,2026-03-01,"ARROIO DOS RATOS, BUTIÁ, ELDORADO DO SUL, MINAS DO LEÃO, PANTANO GRANDE, RIO PARDO, SÃO JERÔNIMO"
2026-03-01,3473,RS,"Arroio dos Ratos, Butiá, Eldorado do Sul, Minas do Leão, Pantano Grande, Rio Pardo, São Jerônimo",BR-290/RS - Lote 4 - Adequação de trecho rodoviário - Entr. BR-116 (P/ Guaíba) - Entr. BR-471 (Pantano Grande),Transporte Eficiente e Sustentável,Rodovias,Duplicação/Adequação,Obra,Em execução,228130018.88,83.03,2027,Federal,,Articulação com os entes federados,OGU,MT,2026-03-01,"ARROIO DOS RATOS, BUTIÁ, ELDORADO DO SUL, MINAS DO LEÃO, PANTANO GRANDE, RIO PARDO, SÃO JERÔNIMO"
2026-03-01,4189,RS,"Arroio dos Ratos, Butiá, Eldorado do Sul, Minas do Leão, Pantano Grande, Rio Pardo, São Jerônimo",Duplicação da BR-290/RS (04 lotes),Transporte Eficiente e Sustentável,Rodovias,Duplicação/Adequação,Obra,Em ação preparatória,162391598.61,6.1,2029,Federal,,Articulação com os entes federados,OGU,MT,2026-03-01,"ARROIO DOS RATOS, BUTIÁ, ELDORADO DO SUL, MINAS DO LEÃO, PANTANO GRANDE, RIO PARDO, SÃO JERÔNIMO"
2026-03-01,3399,RS,"Arroio Grande, Camaquã, Canguçu, Capão do Leão, Cristal, Jaguarão, Morro Redondo, Pedro Osório, Pelotas, Piratini, Rio Grande, Santana da Boa Vista, São Lourenço do Sul, Turuçu",BR-116/392/RS (Rota Portuária do Sul),Transporte Eficiente e Sustentável,Rodovias,Novas Concessões,Concessão / PPP - Estudos,Em execução,7000000.0,60.0,2026,Federal,,Planejamento Setorial,OGU,MT,2026-03-01,"ARROIO GRANDE, CAMAQUÃ, CANGUÇU, CAPÃO DO LEÃO, CRISTAL, JAGUARÃO, MORRO REDONDO, PEDRO OSÓRIO, PELOTAS, PIRATINI, RIO GRANDE, SANTANA DA BOA VISTA, SÃO LOURENÇO DO SUL, TURUÇU"
2026-03-01,5894,RS,"Arroio Grande, Camaquã, Canguçu, Capão do Leão, Cristal, Jaguarão, Morro Redondo, Pedro Osório, Pelotas, Piratini, Rio Grande, Santana da Boa Vista, São Lourenço do Sul, Turuçu",Estudos para Concessões - BR-116/392/RS (Rota Portuária do Sul),Transporte Eficiente e Sustentável,Rodovias,Estudos para Novas Concessões,Concessão / PPP - Estudos,Concluído,5000000.0,100.0,2025,Federal,,Articulação com os entes federados,OGU,MT,2026-03-01,"ARROIO GRANDE, CAMAQUÃ, CANGUÇU, CAPÃO DO LEÃO, CRISTAL, JAGUARÃO, MORRO REDONDO, PEDRO OSÓRIO, PELOTAS, PIRATINI, RIO GRANDE, SANTANA DA BOA VISTA, SÃO LOURENÇO DO SUL, TURUÇU"
2026-03-01,3387,RS,"Barra do Ribeiro, Butiá, Caçapava do Sul, Camaquã, Cruz Alta, Eldorado do Sul, Júlio de Castilhos, Panambi, Pantano Grande, Porto Alegre, Salto do Jacuí, Santa Maria, Santana da Boa Vista, São Sepé",BR-116/158/290/392/RS,Transporte Eficiente e Sustentável,Rodovias,Novas Concessões,Concessão / PPP - Estudos,Em execução,12000000.0,65.0,2026,Federal,,Planejamento Setorial,OGU,MT,2026-03-01,"BARRA DO RIBEIRO, BUTIÁ, CAÇAPAVA DO SUL, CAMAQUÃ, CRUZ ALTA, ELDORADO DO SUL, JÚLIO DE CASTILHOS, PANAMBI, PANTANO GRANDE, PORTO ALEGRE, SALTO DO JACUÍ, SANTA MARIA, SANTANA DA BOA VISTA, SÃO SEPÉ"
2026-03-01,423,RS,"Canoas, Esteio, Novo Hamburgo, Porto Alegre, São Leopoldo, Sapucaia do Sul",Adequação da BR-116/RS (Porto Alegre - Novo Hamburgo),Transporte Eficiente e Sustentável,Rodovias,Duplicação/Adequação,Obra,Em execução,558301018.86,81.0,2027,Federal,,Articulação com os entes federados,OGU,MT,2026-03-01,"CANOAS, ESTEIO, NOVO HAMBURGO, PORTO ALEGRE, SÃO LEOPOLDO, SAPUCAIA DO SUL"
2026-03-01,4712,RS,"Canoas, Esteio, Porto Alegre, Sapucaia do Sul",Construção do prolongamento da BR-448/RS,Transporte Eficiente e Sustentável,Rodovias,"Planejamento, Estudos e Projetos",Estudo / Projeto / Plano,Em execução,0.0,50.0,2026,Federal,,Articulação com os entes federados,OGU,MT,2026-03-01,"CANOAS, ESTEIO, PORTO ALEGRE, SAPUCAIA DO SUL"
2026-03-01,4710,RS,"Erechim, Gaurama, Marcelino Ramos, Severiano de Almeida, Três Arroios",Construção da BR-153/RS,Transporte Eficiente e Sustentável,Rodovias,"Planejamento, Estudos e Projetos",Estudo / Projeto / Plano,Concluído,0.0,100.0,2025,Federal,,Planejamento Setorial,OGU,MT,2026-03-01,"ERECHIM, GAURAMA, MARCELINO RAMOS, SEVERIANO DE ALMEIDA, TRÊS ARROIOS"
2026-03-01,473,RS,Ijuí,Adequação da travessia urbana de Ijuí - BR-285/RS,Transporte Eficiente e Sustentável,Rodovias,"Planejamento, Estudos e Projetos",Estudo / Projeto / Plano,Concluído,0.0,100.0,2024,Federal,,Articulação com os entes federados,OGU,MT,2026-03-01,IJUÍ
2026-03-01,3468,RS,Ijuí,BR-285/RS - Adequação da Travessia Urbana de Ijuí,Transporte Eficiente e Sustentável,Rodovias,Duplicação/Adequação,Obra,Em execução,0.0,12.65,2027,Federal,,Planejamento Setorial,OGU,MT,2026-03-01,IJUÍ
2026-03-01,4751,RS,Jaguarão,Construção da Ponte Fronteira Brasil-Uruguai (Jaguarão - BR-116/RS),Transporte Eficiente e Sustentável,Rodovias,OAE - Obras de Arte Especiais,Obra,Em execução,157751499.0,5.0,2028,Federal,,Articulação com os entes federados,OGU,MT,2026-03-01,JAGUARÃO
2026-03-01,4743,RS,Passo Fundo,Duplicação da BR-285/RS (Passo Fundo),Transporte Eficiente e Sustentável,Rodovias,"Planejamento, Estudos e Projetos",Estudo / Projeto / Plano,Em execução,0.0,36.9,2026,Federal,,Planejamento Setorial,OGU,MT,2026-03-01,PASSO FUNDO
2026-03-01,3528,RS,"Pelotas, Rio Grande, Jaguarão, Arroio Grande, Pedro Osório, Capão do Leão, Santana da Boa Vista, Piratini, Canguçu, Morro Redondo, Turuçu, São Lourenço do Sul, Cristal, Camaquã",BRs-116/392/RS,Transporte Eficiente e Sustentável,Rodovias,Investimentos das Concessões Existentes,Concessão / PPP - Obra,Concluído,136590938.0,96.07,2026,Privado,,Planejamento Setorial,Privado,MT,2026-03-01,"PELOTAS, RIO GRANDE, JAGUARÃO, ARROIO GRANDE, PEDRO OSÓRIO, CAPÃO DO LEÃO, SANTANA DA BOA VISTA, PIRATINI, CANGUÇU, MORRO REDONDO, TURUÇU, SÃO LOURENÇO DO SUL, CRISTAL, CAMAQUÃ"
2026-03-01,5727,RS,"Pelotas, Rio Grande, Santa Maria, Santana da Boa Vista, Santo Ângelo, São Sepé, Toropi",Construção da BR-392/RS,Transporte Eficiente e Sustentável,Rodovias,"Planejamento, Estudos e Projetos",Estudo / Projeto / Plano,Em execução,0.0,5.0,2027,Federal,,Planejamento Setorial,OGU,MT,2026-03-01,"PELOTAS, RIO GRANDE, SANTA MARIA, SANTANA DA BOA VISTA, SANTO ÂNGELO, SÃO SEPÉ, TOROPI"
2026-03-01,4203,RS,Porto Alegre,Construção de acessos à 2ª ponte sobre o rio Guaíba - BR-116/290/RS,Transporte Eficiente e Sustentável,Rodovias,OAE - Obras de Arte Especiais,Obra,Em ação preparatória,157680582.0,30.0,2027,Federal,,Articulação com os entes federados,OGU,MT,2026-03-01,PORTO ALEGRE
2026-03-01,3522,RS,"Porto Alegre, Canoas, Esteio, Cachoeirinha, Gravataí, Glorinha, Santo Antônio da Patrulha, Osório, Maquiné, Terra de Areia, Três Forquilhas, Três Cachoeiras, Dom Pedro de Alcântara, Torres, Nova Santa Rita, Montenegro, Triunfo, Tabaí, Paverama, Fazenda Vilanova, Bom Retiro do Sul, Estrela, Lajeado, Forquetinha, Marques de Souza, Pouso Novo, São José do Herval, Fontoura Xavier, Soledade, Mormaço, Tio Hugo, Victor Graeff, Santo Antônio do Planalto, Carazinho",BRs-101/290/448/386/RS (Div. RS/SC - Entr BR/285/377),Transporte Eficiente e Sustentável,Rodovias,Investimentos das Concessões Existentes,Concessão / PPP - Obra,Em execução,3310095696.0,37.6,2049,Privado,,Planejamento Setorial,Privado,MT,2026-03-01,"PORTO ALEGRE, CANOAS, ESTEIO, CACHOEIRINHA, GRAVATAÍ, GLORINHA, SANTO ANTÔNIO DA PATRULHA, OSÓRIO, MAQUINÉ, TERRA DE AREIA, TRÊS FORQUILHAS, TRÊS CACHOEIRAS, DOM PEDRO DE ALCÂNTARA, TORRES, NOVA SANTA RITA, MONTENEGRO, TRIUNFO, TABAÍ, PAVERAMA, FAZENDA VILANOVA, BOM RETIRO DO SUL, ESTRELA, LAJEADO, FORQUETINHA, MARQUES DE SOUZA, POUSO NOVO, SÃO JOSÉ DO HERVAL, FONTOURA XAVIER, SOLEDADE, MORMAÇO, TIO HUGO, VICTOR GRAEFF, SANTO ANTÔNIO DO PLANALTO, CARAZINHO"
2026-03-01,4205,RS,Porto Xavier,Construção da Ponte Sobre o rio Uruguai em Porto Xavier - BR-392/RS,Transporte Eficiente e Sustentável,Rodovias,OAE - Obras de Arte Especiais,Obra,Em execução,246641577.0,5.0,2028,Federal,,Articulação com os entes federados,OGU,MT,2026-03-01,PORTO XAVIER
2026-03-01,3495,RS,Rio Grande,BR-392/RS – Projeto para duplicação do trecho de acesso ao Porto em Rio Grande – (antigo Lote 4),Transporte Eficiente e Sustentável,Rodovias,"Planejamento, Estudos e Projetos",Obra,Em ação preparatória,0.0,0.0,2028,Federal,,Planejamento Setorial,OGU,MT,2026-03-01,RIO GRANDE
2026-03-01,5203,RS,"Rio Grande, São José do Norte",Construção de ponte entre São José do Norte e Rio Grande - BR-101/392/RS,Transporte Eficiente e Sustentável,Rodovias,"Planejamento, Estudos e Projetos",Estudo / Projeto / Plano,Em ação preparatória,0.0,0.0,2028,Federal,,Planejamento Setorial,OGU,MT,2026-03-01,"RIO GRANDE, SÃO JOSÉ DO NORTE"
2026-03-01,3533,RS,Santa Maria,BRs-158/287/RS - Adequação da Travessia Urbana de Santa Maria,Transporte Eficiente e Sustentável,Rodovias,Duplicação/Adequação,Obra,Em execução,0.0,98.0,2026,Federal,,Planejamento Setorial,OGU,MT,2026-03-01,SANTA MARIA
2026-03-01,14807,RS,São Borja,Concessão da Ponte Internacional entre São Borja (Brasil) e Santo Tomé (Argentina),Transporte Eficiente e Sustentável,Rodovias,Novas Concessões,Concessão / PPP - Estudos,Concluído,2000000.0,100.0,2025,Federal,,Planejamento Setorial,OGU,MT,2026-03-01,SÃO BORJA
2026-03-01,4186,RS,São Borja,Construção da ponte sobre rio Ibicuí - BR-472/RS,Transporte Eficiente e Sustentável,Rodovias,OAE - Obras de Arte Especiais,Obra,Em ação preparatória,162114967.0,0.0,2027,Federal,,Planejamento Setorial,OGU,MT,2026-03-01,SÃO BORJA
2026-03-01,35054,RS,São Borja,Ponte Internacional entre São Borja (Brasil) e Santo Tomé (Argentina),Transporte Eficiente e Sustentável,Rodovias,Investimentos das Concessões Existentes,Concessão / PPP - Obra,Em execução,103387995.0,5.0,2050,Privado,,Planejamento Setorial,Privado,MT,2026-03-01,SÃO BORJA
2026-03-01,4796,RS,Uruguaiana,Restauração da Ponte Uruguaiana – Passo de Los Libres - BR-290/RS,Transporte Eficiente e Sustentável,Rodovias,"Planejamento, Estudos e Projetos",Estudo / Projeto / Plano,Em ação preparatória,0.0,0.0,2028,Federal,,Articulação com os entes federados,OGU,MT,2026-03-01,URUGUAIANA
